{"type":"FeatureCollection","note":"Metra rail, © OpenStreetMap contributors, ODbL","features":[{"type":"Feature","properties":{"name":"Metra"},"geometry":{"type":"MultiLineString","coordinates":[[[-88.0241,41.9733],[-88.0202,41.9726],[-88.0161,41.9719],[-88.0139,41.9716],[-88.0132,41.9714],[-88.0125,41.9713]],[[-87.9346,41.8989],[-87.9363,41.8991],[-87.9364,41.8991],[-87.9382,41.8993]],[[-88.0337,41.8841],[-88.0327,41.8843],[-88.0301,41.8845],[-88.0298,41.8845],[-88.0287,41.8846],[-88.0279,41.8847],[-88.0242,41.8851],[-88.0239,41.8851],[-88.0237,41.8852],[-88.0232,41.8853],[-88.0226,41.8854],[-88.022,41.8855],[-88.0215,41.8856],[-88.0209,41.8858],[-88.0185,41.8866]],[[-87.9382,41.8994],[-87.9363,41.8992],[-87.9361,41.8992],[-87.9349,41.899]],[[-87.6388,41.8769],[-87.6388,41.8753],[-87.6388,41.875],[-87.6387,41.8748],[-87.6386,41.8746]],[[-87.6391,41.8791],[-87.6391,41.8816],[-87.6391,41.8819],[-87.6391,41.8823]],[[-87.7365,41.6061],[-87.731,41.6106],[-87.7289,41.6124],[-87.7239,41.6165],[-87.7203,41.6195],[-87.7175,41.6218],[-87.7152,41.6237],[-87.7129,41.6256],[-87.7127,41.6257],[-87.7104,41.6276],[-87.7061,41.6312],[-87.7047,41.6324],[-87.7029,41.6339],[-87.6998,41.6365],[-87.6991,41.637],[-87.6983,41.6377],[-87.6949,41.6405]],[[-87.8642,41.8174],[-87.8565,41.8191],[-87.8537,41.8197],[-87.8514,41.8203],[-87.8511,41.8203],[-87.8467,41.8213],[-87.8441,41.8219],[-87.8439,41.822],[-87.8415,41.8225]],[[-87.8766,41.6008],[-87.8765,41.601],[-87.8761,41.602],[-87.875,41.6048],[-87.8741,41.6075],[-87.8738,41.6084],[-87.8732,41.6118],[-87.8731,41.6121],[-87.8726,41.6145],[-87.8719,41.6161],[-87.8706,41.6194],[-87.8699,41.6208],[-87.8695,41.6214],[-87.8688,41.6222],[-87.8679,41.6233],[-87.8673,41.6239],[-87.8665,41.6247],[-87.8645,41.6261],[-87.8637,41.6268],[-87.8618,41.6287]],[[-87.7935,41.8333],[-87.7928,41.8334],[-87.792,41.8336],[-87.7881,41.8345],[-87.7879,41.8345],[-87.7852,41.8351],[-87.784,41.8354],[-87.7833,41.8356],[-87.7831,41.8356],[-87.7821,41.8358],[-87.7804,41.8362],[-87.7782,41.8368],[-87.7775,41.837],[-87.7754,41.8375],[-87.7733,41.8381],[-87.768,41.8401]],[[-87.7502,41.9679],[-87.7503,41.9681]],[[-87.7484,41.9645],[-87.7502,41.9679]],[[-87.8978,42.047],[-87.8979,42.0472],[-87.8979,42.0474]],[[-87.8979,42.0474],[-87.8989,42.0501]],[[-87.8989,42.0501],[-87.899,42.0503]],[[-87.7551,41.9775],[-87.7565,41.98],[-87.7578,41.9827],[-87.7588,41.9846],[-87.7598,41.9864],[-87.7606,41.9879]],[[-87.7606,41.9879],[-87.7607,41.9882]],[[-87.7511,41.9697],[-87.7512,41.9699]],[[-87.7503,41.9681],[-87.7511,41.9697]],[[-87.7521,41.9716],[-87.7521,41.9717]],[[-87.7512,41.9699],[-87.7521,41.9716]],[[-87.753,41.9734],[-87.7531,41.9735]],[[-87.7521,41.9717],[-87.753,41.9734]],[[-87.7531,41.9735],[-87.7539,41.9752]],[[-87.7539,41.9752],[-87.754,41.9754]],[[-87.754,41.9754],[-87.7549,41.9771]],[[-87.7549,41.9771],[-87.7551,41.9775]],[[-87.8758,41.9816],[-87.8761,41.9824]],[[-87.8777,41.9872],[-87.88,41.9938],[-87.8805,41.9951],[-87.881,41.9967],[-87.8812,41.9973]],[[-87.8544,41.9337],[-87.855,41.9337],[-87.8553,41.9338],[-87.8562,41.9338],[-87.8567,41.9339],[-87.857,41.934],[-87.8574,41.9341],[-87.8578,41.9343],[-87.8581,41.9345],[-87.8585,41.9347],[-87.8588,41.935],[-87.859,41.9353],[-87.8593,41.9358],[-87.8597,41.9367]],[[-87.8758,41.9816],[-87.8753,41.9803],[-87.8747,41.9788],[-87.8744,41.978],[-87.8743,41.9774],[-87.874,41.9764],[-87.8738,41.9755],[-87.8736,41.975],[-87.8736,41.9748],[-87.873,41.9732],[-87.8716,41.9688],[-87.8712,41.9675],[-87.8711,41.9671],[-87.871,41.9665],[-87.8708,41.9658]],[[-87.6152,41.8484],[-87.6146,41.8469],[-87.6139,41.8452],[-87.6136,41.8445],[-87.6129,41.843],[-87.6116,41.84],[-87.6104,41.8372],[-87.6094,41.8348],[-87.609,41.8339],[-87.6087,41.8334],[-87.6084,41.8329],[-87.6079,41.8322],[-87.6066,41.8306],[-87.6028,41.8255],[-87.5986,41.82],[-87.5952,41.8152],[-87.5916,41.81]],[[-87.5926,41.7711],[-87.5923,41.7725],[-87.5922,41.7729]],[[-87.8047,42.0728],[-87.8048,42.0731],[-87.8057,42.0747],[-87.8062,42.0757],[-87.8084,42.08]],[[-87.8084,42.08],[-87.8085,42.0802]],[[-87.686,41.6478],[-87.6907,41.6439]],[[-87.8813,41.9976],[-87.8816,41.9985]],[[-87.8812,41.9973],[-87.8813,41.9976]],[[-87.6387,41.8523],[-87.6384,41.8526]],[[-87.639,41.8518],[-87.6388,41.8521]],[[-87.6382,41.8529],[-87.6379,41.8533],[-87.6374,41.854],[-87.6372,41.8543],[-87.637,41.8546],[-87.637,41.8548],[-87.637,41.855]],[[-87.6383,41.8527],[-87.6382,41.8529]],[[-87.6384,41.8526],[-87.6383,41.8527]],[[-87.6408,41.8499],[-87.6407,41.85]],[[-87.6409,41.8498],[-87.6408,41.8499]],[[-87.6405,41.8501],[-87.6402,41.8503],[-87.6399,41.8507],[-87.6397,41.8509]],[[-87.6407,41.85],[-87.6405,41.8501]],[[-87.641,41.8499],[-87.6415,41.8496],[-87.6424,41.8491]],[[-87.6408,41.85],[-87.641,41.8499]],[[-87.6407,41.8501],[-87.6408,41.85]],[[-87.6406,41.8501],[-87.6407,41.8501]],[[-87.6387,41.8523],[-87.6384,41.8527]],[[-87.6397,41.8509],[-87.6394,41.8513]],[[-87.6393,41.8514],[-87.639,41.8518]],[[-87.6382,41.8529],[-87.6379,41.8533],[-87.6374,41.854],[-87.6372,41.8543],[-87.6371,41.8546],[-87.637,41.8549],[-87.637,41.8551]],[[-87.6384,41.8527],[-87.6382,41.8529]],[[-87.6384,41.8527],[-87.6384,41.8527]],[[-87.6643,41.84],[-87.664,41.8401],[-87.6631,41.8405],[-87.6625,41.8408],[-87.6621,41.8409]],[[-87.6151,41.8484],[-87.6166,41.8521],[-87.6172,41.8534],[-87.6173,41.8538],[-87.6173,41.8542],[-87.6172,41.8546],[-87.617,41.8555]],[[-87.617,41.8555],[-87.6171,41.8559],[-87.6172,41.8562],[-87.6175,41.8571],[-87.6178,41.8577],[-87.6181,41.8585],[-87.6182,41.8589],[-87.6183,41.86],[-87.6184,41.8608],[-87.6186,41.8615],[-87.6191,41.8628],[-87.6195,41.8636],[-87.6196,41.864],[-87.6198,41.8648],[-87.62,41.8652],[-87.6212,41.868],[-87.6215,41.8687],[-87.6217,41.8693],[-87.6218,41.8696],[-87.622,41.87],[-87.6221,41.8703]],[[-87.6171,41.8554],[-87.6172,41.8551],[-87.6174,41.8544],[-87.6174,41.854],[-87.6173,41.8535],[-87.6167,41.8521],[-87.6164,41.8513],[-87.6152,41.8484]],[[-87.6425,41.849],[-87.6424,41.8491]],[[-87.6424,41.8491],[-87.6412,41.8497],[-87.6409,41.8498]],[[-87.6425,41.8491],[-87.6429,41.8489],[-87.6433,41.8488],[-87.6438,41.8486],[-87.6448,41.8485],[-87.6454,41.8483],[-87.6459,41.8482],[-87.6463,41.848]],[[-87.6424,41.8491],[-87.6425,41.8491]],[[-87.6466,41.8478],[-87.6483,41.847],[-87.6495,41.8464]],[[-87.6463,41.848],[-87.6466,41.8478]],[[-87.6549,41.8445],[-87.6551,41.8444]],[[-87.6512,41.8457],[-87.6523,41.8455],[-87.6534,41.8451],[-87.654,41.8449],[-87.6549,41.8445]],[[-87.651,41.8458],[-87.6512,41.8457]],[[-87.6496,41.8463],[-87.6505,41.846],[-87.651,41.8458]],[[-87.6495,41.8464],[-87.6496,41.8463]],[[-87.66,41.842],[-87.6619,41.8411]],[[-87.6596,41.8422],[-87.66,41.842]],[[-87.6586,41.8427],[-87.6596,41.8422]],[[-87.6584,41.8428],[-87.6586,41.8427]],[[-87.6551,41.8444],[-87.6569,41.8435],[-87.6584,41.8428]],[[-87.6619,41.8411],[-87.6599,41.842]],[[-87.6621,41.8409],[-87.6619,41.8411]],[[-87.6551,41.8444],[-87.6548,41.8445]],[[-87.6584,41.8428],[-87.6565,41.8437],[-87.6551,41.8444]],[[-87.6586,41.8427],[-87.6584,41.8428]],[[-87.6596,41.8422],[-87.6586,41.8427]],[[-87.6599,41.842],[-87.6596,41.8422]],[[-87.6495,41.8464],[-87.6488,41.8467],[-87.6473,41.8474],[-87.6466,41.8478]],[[-87.6496,41.8463],[-87.6495,41.8464]],[[-87.6509,41.8458],[-87.6502,41.8461],[-87.6496,41.8463]],[[-87.6512,41.8457],[-87.6509,41.8458]],[[-87.6548,41.8445],[-87.654,41.8449],[-87.6533,41.8451],[-87.6526,41.8453],[-87.6516,41.8456],[-87.6512,41.8457]],[[-87.6463,41.8479],[-87.6455,41.8482],[-87.6451,41.8483],[-87.6447,41.8484],[-87.6442,41.8485],[-87.6435,41.8487],[-87.6433,41.8487],[-87.6428,41.8489],[-87.6425,41.849]],[[-87.6466,41.8478],[-87.6463,41.8479]],[[-87.665,41.8397],[-87.6643,41.84]],[[-87.6644,41.84],[-87.665,41.8397]],[[-87.6619,41.8411],[-87.6621,41.841]],[[-87.6621,41.841],[-87.6634,41.8404],[-87.6641,41.8402],[-87.6644,41.84]],[[-87.668,41.8379],[-87.6683,41.8377]],[[-87.6683,41.8377],[-87.6694,41.8369],[-87.6704,41.8362]],[[-87.6704,41.8362],[-87.6707,41.8361]],[[-87.6707,41.8361],[-87.6719,41.8352],[-87.6734,41.8342]],[[-87.666,41.8392],[-87.6663,41.8391],[-87.6666,41.8389],[-87.6674,41.8383],[-87.668,41.8379]],[[-87.6682,41.8377],[-87.6679,41.8379]],[[-87.6704,41.8362],[-87.6692,41.837],[-87.6682,41.8377]],[[-87.6707,41.836],[-87.6704,41.8362]],[[-87.743,41.8166],[-87.7406,41.8173],[-87.7386,41.818],[-87.738,41.8182],[-87.7362,41.8188],[-87.733,41.8197],[-87.7289,41.821],[-87.7256,41.8221],[-87.7213,41.8234],[-87.7168,41.8249],[-87.715,41.8254],[-87.7144,41.8256],[-87.714,41.8257],[-87.7132,41.8259],[-87.7125,41.826],[-87.7116,41.8261],[-87.711,41.8261],[-87.7103,41.8261],[-87.7074,41.8262],[-87.7046,41.8262]],[[-87.6656,41.8394],[-87.665,41.8397]],[[-87.666,41.8392],[-87.6656,41.8394]],[[-87.6679,41.8379],[-87.6666,41.8388],[-87.6662,41.8391],[-87.666,41.8392]],[[-87.6924,41.8265],[-87.6921,41.8265]],[[-87.7044,41.8263],[-87.6994,41.8263],[-87.6941,41.8265],[-87.6925,41.8265],[-87.6924,41.8265]],[[-87.7046,41.8262],[-87.7044,41.8263]],[[-87.69,41.8266],[-87.6915,41.8265],[-87.6921,41.8265]],[[-87.6897,41.8266],[-87.69,41.8266]],[[-87.6897,41.8265],[-87.688,41.8266],[-87.6875,41.8266],[-87.687,41.8267],[-87.6869,41.8267],[-87.6867,41.8267],[-87.6862,41.8267],[-87.686,41.8268],[-87.6855,41.8269],[-87.6851,41.827]],[[-87.69,41.8265],[-87.6897,41.8265]],[[-87.6921,41.8265],[-87.6901,41.8265],[-87.69,41.8265]],[[-87.7046,41.8263],[-87.7091,41.8262],[-87.7106,41.8262],[-87.7116,41.8261],[-87.7124,41.826],[-87.7128,41.826],[-87.7134,41.8259],[-87.7141,41.8257],[-87.7144,41.8256],[-87.7149,41.8255],[-87.7151,41.8254],[-87.7165,41.825],[-87.7205,41.8237],[-87.7258,41.8221],[-87.7321,41.8201],[-87.7348,41.8192],[-87.7369,41.8186],[-87.7385,41.8181],[-87.7392,41.8178],[-87.743,41.8166]],[[-87.7044,41.8263],[-87.7046,41.8263]],[[-87.6924,41.8265],[-87.6937,41.8265],[-87.6969,41.8264],[-87.7028,41.8263],[-87.7044,41.8263]],[[-87.6921,41.8265],[-87.6924,41.8265]],[[-87.6824,41.8285],[-87.6803,41.8298]],[[-87.6842,41.8274],[-87.6835,41.8279],[-87.6826,41.8284]],[[-87.6851,41.827],[-87.6846,41.8272],[-87.6842,41.8274]],[[-87.6824,41.8286],[-87.6827,41.8284]],[[-87.6851,41.8271],[-87.6856,41.8269],[-87.686,41.8268],[-87.6865,41.8267],[-87.6869,41.8267],[-87.687,41.8267],[-87.6873,41.8267],[-87.6875,41.8266],[-87.688,41.8266],[-87.6895,41.8266],[-87.6897,41.8266]],[[-87.6842,41.8275],[-87.6847,41.8272],[-87.6851,41.8271]],[[-87.6827,41.8284],[-87.6839,41.8277],[-87.6842,41.8275]],[[-87.6826,41.8284],[-87.6824,41.8285]],[[-87.6779,41.8313],[-87.6776,41.8315]],[[-87.6792,41.8305],[-87.6779,41.8313]],[[-87.6796,41.8303],[-87.6792,41.8305]],[[-87.68,41.83],[-87.6796,41.8303]],[[-87.6803,41.8298],[-87.68,41.83]],[[-87.6752,41.8329],[-87.6743,41.8335],[-87.6736,41.834]],[[-87.6755,41.8328],[-87.6752,41.8329]],[[-87.6762,41.8323],[-87.6755,41.8328]],[[-87.6766,41.8321],[-87.6762,41.8323]],[[-87.6776,41.8315],[-87.6766,41.8321]],[[-87.6737,41.834],[-87.6744,41.8335],[-87.6752,41.833]],[[-87.6734,41.8342],[-87.6737,41.834]],[[-87.6733,41.8342],[-87.672,41.8351],[-87.6707,41.836]],[[-87.6736,41.834],[-87.6733,41.8342]],[[-87.6776,41.8315],[-87.6779,41.8313]],[[-87.6767,41.8321],[-87.6776,41.8315]],[[-87.6763,41.8323],[-87.6767,41.8321]],[[-87.6755,41.8328],[-87.6763,41.8323]],[[-87.6752,41.833],[-87.6755,41.8328]],[[-87.6803,41.8299],[-87.6818,41.829],[-87.6824,41.8286]],[[-87.68,41.83],[-87.6803,41.8299]],[[-87.6797,41.8303],[-87.68,41.83]],[[-87.6793,41.8305],[-87.6797,41.8303]],[[-87.6779,41.8313],[-87.6793,41.8305]],[[-87.6286,41.8018],[-87.6286,41.8005],[-87.6285,41.7983],[-87.6285,41.7969],[-87.6284,41.7947]],[[-87.6285,41.7983],[-87.6285,41.8005],[-87.6286,41.8018]],[[-87.6286,41.802],[-87.6286,41.8018]],[[-87.6288,41.8093],[-87.6288,41.8099],[-87.6288,41.8104],[-87.629,41.8164]],[[-87.6288,41.8091],[-87.6288,41.8093]],[[-87.6286,41.8018],[-87.6286,41.802]],[[-87.6286,41.802],[-87.6287,41.8051],[-87.6287,41.8063],[-87.6287,41.8081],[-87.6288,41.8089],[-87.6288,41.8091]],[[-87.6288,41.8093],[-87.6288,41.8091]],[[-87.629,41.8164],[-87.6289,41.8115],[-87.6289,41.8108],[-87.6288,41.8093]],[[-87.6288,41.8091],[-87.6288,41.8062],[-87.6287,41.8034],[-87.6286,41.802]],[[-87.629,41.8191],[-87.6291,41.8193]],[[-87.629,41.8166],[-87.629,41.8191]],[[-87.629,41.8164],[-87.629,41.8166]],[[-87.6293,41.8274],[-87.6294,41.8309]],[[-87.6293,41.8272],[-87.6293,41.8274]],[[-87.6292,41.8238],[-87.6293,41.8272]],[[-87.6292,41.8236],[-87.6292,41.8238]],[[-87.6291,41.8193],[-87.6291,41.8208],[-87.6292,41.8231],[-87.6292,41.8236]],[[-87.6294,41.8309],[-87.6293,41.8274]],[[-87.6294,41.8311],[-87.6294,41.8309]],[[-87.6294,41.8311],[-87.6294,41.833],[-87.6295,41.8345]],[[-87.6294,41.8309],[-87.6294,41.8311]],[[-87.6291,41.8193],[-87.6291,41.8191]],[[-87.6292,41.8236],[-87.6292,41.8218],[-87.6291,41.8201],[-87.6291,41.8193]],[[-87.6292,41.8238],[-87.6292,41.8236]],[[-87.6293,41.8272],[-87.6292,41.8238]],[[-87.6293,41.8274],[-87.6293,41.8272]],[[-87.629,41.8166],[-87.629,41.8164]],[[-87.6291,41.8191],[-87.629,41.8166]],[[-87.6296,41.8382],[-87.6296,41.8384]],[[-87.6295,41.8347],[-87.6296,41.8382]],[[-87.6295,41.8345],[-87.6295,41.8347]],[[-87.6297,41.8443],[-87.6298,41.8455]],[[-87.6297,41.8419],[-87.6297,41.8443]],[[-87.6296,41.8384],[-87.6297,41.8419]],[[-87.6299,41.8481],[-87.6299,41.8493]],[[-87.6298,41.8465],[-87.6299,41.8481]],[[-87.6298,41.8457],[-87.6298,41.8465]],[[-87.6298,41.8455],[-87.6298,41.8457]],[[-87.6298,41.8457],[-87.6298,41.8455]],[[-87.6299,41.8511],[-87.63,41.8516],[-87.63,41.852],[-87.6301,41.8524],[-87.6302,41.8527]],[[-87.6299,41.8509],[-87.6299,41.8511]],[[-87.6299,41.8493],[-87.6299,41.8509]],[[-87.6297,41.8422],[-87.6296,41.8384]],[[-87.6298,41.8443],[-87.6297,41.8422]],[[-87.6298,41.8455],[-87.6298,41.8443]],[[-87.6295,41.8345],[-87.6294,41.8311],[-87.6294,41.8311]],[[-87.6295,41.8347],[-87.6295,41.8345]],[[-87.6296,41.8382],[-87.6295,41.8347]],[[-87.6296,41.8384],[-87.6296,41.8382]],[[-87.6299,41.8481],[-87.6299,41.8465]],[[-87.63,41.8493],[-87.6299,41.8481]],[[-87.63,41.8509],[-87.63,41.8493]],[[-87.63,41.8511],[-87.63,41.8509]],[[-87.639,41.7516],[-87.6389,41.752],[-87.6385,41.7531],[-87.6381,41.7542],[-87.6377,41.7552],[-87.6371,41.7567],[-87.6366,41.758],[-87.6364,41.7585],[-87.6362,41.7592],[-87.6359,41.7601],[-87.6354,41.7614],[-87.6346,41.7634]],[[-87.6302,41.8527],[-87.6303,41.853]],[[-87.6303,41.853],[-87.6305,41.8537],[-87.6306,41.8541],[-87.6306,41.8548]],[[-87.6306,41.8548],[-87.6306,41.855]],[[-87.6299,41.8465],[-87.6298,41.8457]],[[-87.6303,41.8527],[-87.6301,41.8522],[-87.6301,41.8518],[-87.63,41.8514],[-87.63,41.8511]],[[-87.6304,41.853],[-87.6303,41.8527]],[[-87.6307,41.8547],[-87.6307,41.8542],[-87.6306,41.8537],[-87.6304,41.853]],[[-87.6307,41.855],[-87.6307,41.8547]],[[-87.6315,41.8672],[-87.6313,41.8667],[-87.6307,41.8652],[-87.6306,41.8647],[-87.6306,41.863],[-87.6306,41.8624],[-87.6307,41.8619]],[[-87.6305,41.8627],[-87.6306,41.862],[-87.6306,41.8616]],[[-87.6308,41.8577],[-87.6308,41.8567],[-87.6308,41.856],[-87.6307,41.8554],[-87.6307,41.855]],[[-87.6309,41.8579],[-87.6308,41.8577]],[[-87.6306,41.855],[-87.6307,41.856],[-87.6308,41.8567],[-87.6308,41.8577]],[[-87.6308,41.8577],[-87.6308,41.8579]],[[-87.6315,41.8672],[-87.6314,41.8669],[-87.6308,41.8657],[-87.6306,41.8652],[-87.6306,41.8646],[-87.6305,41.8629],[-87.6305,41.8627]],[[-87.6321,41.8712],[-87.6321,41.8699],[-87.632,41.8696],[-87.632,41.8692]],[[-87.6321,41.8715],[-87.632,41.8704],[-87.632,41.8704]],[[-87.6323,41.874],[-87.6323,41.8728],[-87.6323,41.8726],[-87.6322,41.8723]],[[-87.6321,41.874],[-87.6321,41.8728],[-87.6321,41.8728],[-87.6321,41.8724],[-87.6321,41.8723]],[[-87.6322,41.872],[-87.6321,41.8715]],[[-87.6321,41.8721],[-87.6321,41.8715]],[[-87.6284,41.7947],[-87.6284,41.7941]],[[-87.6283,41.7898],[-87.6282,41.7874]],[[-87.6283,41.79],[-87.6283,41.7898]],[[-87.6283,41.7909],[-87.6283,41.79]],[[-87.6283,41.7911],[-87.6283,41.7909]],[[-87.6284,41.7941],[-87.6283,41.7924],[-87.6283,41.7911]],[[-87.6282,41.7856],[-87.6282,41.7854]],[[-87.6282,41.7872],[-87.6282,41.7862],[-87.6282,41.7856]],[[-87.6282,41.7874],[-87.6282,41.7872]],[[-87.6282,41.7854],[-87.6283,41.7847],[-87.6283,41.7842],[-87.6283,41.7833]],[[-87.6282,41.7872],[-87.6282,41.7874]],[[-87.6282,41.7856],[-87.6281,41.7865],[-87.6281,41.7869],[-87.6282,41.7872]],[[-87.6282,41.7854],[-87.6282,41.7856]],[[-87.6298,41.7765],[-87.6289,41.7783],[-87.6286,41.7791],[-87.6284,41.78],[-87.6283,41.7808],[-87.6282,41.7818]],[[-87.6283,41.7911],[-87.6283,41.7938],[-87.6283,41.7941]],[[-87.6282,41.7909],[-87.6283,41.7911]],[[-87.6282,41.79],[-87.6282,41.7909]],[[-87.6282,41.7898],[-87.6282,41.79]],[[-87.6282,41.7874],[-87.6282,41.7898]],[[-87.6283,41.7947],[-87.6284,41.7962],[-87.6285,41.7983]],[[-87.6283,41.7941],[-87.6283,41.7947]],[[-87.6302,41.7759],[-87.6306,41.7748],[-87.6307,41.7744]],[[-87.6283,41.7817],[-87.6283,41.7808],[-87.6284,41.7801],[-87.6287,41.7792],[-87.629,41.7783],[-87.6299,41.7765]],[[-87.6369,41.8463],[-87.6369,41.8456],[-87.6368,41.8444],[-87.6368,41.8426],[-87.6367,41.8409],[-87.6367,41.8391],[-87.6366,41.837],[-87.6366,41.8352],[-87.6366,41.8345],[-87.6365,41.8325],[-87.6365,41.8307],[-87.6365,41.829],[-87.6364,41.8269],[-87.6364,41.8256]],[[-87.637,41.8553],[-87.637,41.856]],[[-87.637,41.856],[-87.637,41.8566],[-87.637,41.8569],[-87.637,41.8577],[-87.637,41.8584]],[[-87.6369,41.8527],[-87.6369,41.852]],[[-87.6369,41.8508],[-87.6369,41.8501]],[[-87.6371,41.859],[-87.637,41.8578],[-87.637,41.8568],[-87.637,41.8565],[-87.637,41.856]],[[-87.637,41.8543],[-87.637,41.854],[-87.637,41.8537],[-87.637,41.8533],[-87.6369,41.853],[-87.6369,41.8529]],[[-87.637,41.856],[-87.637,41.8553]],[[-87.6368,41.8089],[-87.6372,41.8079],[-87.6373,41.8074],[-87.6375,41.807],[-87.6377,41.8067],[-87.638,41.8064],[-87.6384,41.806],[-87.6392,41.8053],[-87.6396,41.8049],[-87.6399,41.8047],[-87.6401,41.8044],[-87.6403,41.804],[-87.6404,41.8036],[-87.6404,41.8032],[-87.6404,41.8024],[-87.6404,41.8018]],[[-87.6396,41.7779],[-87.6396,41.7781]],[[-87.6361,41.8176],[-87.6361,41.817]],[[-87.6361,41.817],[-87.6361,41.8166]],[[-87.6361,41.8191],[-87.6361,41.8185],[-87.6361,41.8176]],[[-87.6364,41.8217],[-87.6364,41.8214],[-87.6363,41.821],[-87.6362,41.8204]],[[-87.6364,41.8219],[-87.6364,41.8217]],[[-87.6402,41.7945],[-87.6402,41.7939]],[[-87.6402,41.7945],[-87.6402,41.7963],[-87.6403,41.7981],[-87.6403,41.7999],[-87.6403,41.8012],[-87.6403,41.8016]],[[-87.6402,41.7939],[-87.6402,41.7945]],[[-87.6402,41.7939],[-87.6402,41.7923],[-87.6401,41.7908]],[[-87.6397,41.7809],[-87.6397,41.7816]],[[-87.6397,41.7807],[-87.6397,41.7809]],[[-87.6397,41.7799],[-87.6397,41.7807]],[[-87.6397,41.7797],[-87.6397,41.7799]],[[-87.6396,41.7781],[-87.6397,41.7791],[-87.6397,41.7797]],[[-87.6398,41.7834],[-87.6398,41.7836]],[[-87.6398,41.7827],[-87.6398,41.7834]],[[-87.6398,41.7825],[-87.6398,41.7827]],[[-87.6397,41.7818],[-87.6398,41.7825]],[[-87.6397,41.7816],[-87.6397,41.7818]],[[-87.64,41.787],[-87.64,41.7872]],[[-87.6398,41.7848],[-87.6399,41.7853],[-87.6399,41.7861],[-87.64,41.7865],[-87.64,41.787]],[[-87.6398,41.7846],[-87.6398,41.7848]],[[-87.6398,41.7836],[-87.6398,41.7846]],[[-87.6401,41.7908],[-87.6401,41.7925],[-87.6402,41.7939]],[[-87.6401,41.7907],[-87.6401,41.7908]],[[-87.64,41.7872],[-87.64,41.7889],[-87.64,41.7898],[-87.6401,41.7907]],[[-87.6399,41.7846],[-87.6399,41.7836]],[[-87.6399,41.7848],[-87.6399,41.7846]],[[-87.64,41.787],[-87.64,41.7861],[-87.6399,41.7853],[-87.6399,41.7848]],[[-87.64,41.7872],[-87.64,41.787]],[[-87.6401,41.7907],[-87.6401,41.789],[-87.64,41.7872]],[[-87.6398,41.7818],[-87.6398,41.7816]],[[-87.6399,41.7825],[-87.6398,41.7818]],[[-87.6399,41.7827],[-87.6399,41.7825]],[[-87.6399,41.7834],[-87.6399,41.7827]],[[-87.6399,41.7836],[-87.6399,41.7834]],[[-87.6398,41.7797],[-87.6397,41.7781]],[[-87.6398,41.7799],[-87.6398,41.7797]],[[-87.6398,41.7807],[-87.6398,41.7799]],[[-87.6398,41.7809],[-87.6398,41.7807]],[[-87.6398,41.7816],[-87.6398,41.7809]],[[-87.6401,41.7908],[-87.6401,41.7907]],[[-87.6397,41.7781],[-87.6397,41.7779]],[[-87.6376,41.8688],[-87.6375,41.8682]],[[-87.6375,41.8675],[-87.6373,41.8666],[-87.6372,41.8658],[-87.6372,41.8653],[-87.6372,41.8647],[-87.6371,41.8637],[-87.6371,41.8628],[-87.6371,41.8621],[-87.6371,41.8618],[-87.6372,41.8616],[-87.6373,41.8613],[-87.6375,41.8611],[-87.6377,41.8609],[-87.638,41.8607],[-87.6383,41.8605],[-87.6386,41.8605],[-87.6389,41.8604],[-87.6393,41.8604],[-87.6401,41.8604]],[[-87.6381,41.8719],[-87.638,41.8711],[-87.6378,41.87],[-87.6378,41.8696],[-87.6378,41.8696]],[[-87.637,41.8584],[-87.637,41.8588],[-87.6371,41.859]],[[-87.6378,41.8696],[-87.6377,41.8688],[-87.6376,41.8685]],[[-87.6879,41.857],[-87.6871,41.8572],[-87.6858,41.8576],[-87.6833,41.8584],[-87.682,41.8587],[-87.6812,41.8589],[-87.6803,41.8591],[-87.6783,41.8593],[-87.6751,41.8598],[-87.6741,41.8599],[-87.6731,41.8599],[-87.6664,41.86]],[[-87.648,41.8604],[-87.6468,41.8604],[-87.648,41.8604]],[[-87.6957,41.8553],[-87.6955,41.8553]],[[-87.6957,41.8553],[-87.6978,41.8548],[-87.699,41.8546]],[[-87.6955,41.8554],[-87.6957,41.8553]],[[-87.6955,41.8553],[-87.6923,41.856],[-87.689,41.8568]],[[-87.7245,41.8488],[-87.7217,41.8494],[-87.7207,41.8497]],[[-87.6884,41.8569],[-87.6879,41.857]],[[-87.689,41.8568],[-87.6922,41.8561],[-87.6955,41.8554]],[[-87.6879,41.857],[-87.6884,41.8569]],[[-87.6399,41.8874],[-87.64,41.8875],[-87.6402,41.8876],[-87.6404,41.8878],[-87.6406,41.8879],[-87.6409,41.8879],[-87.6412,41.8879],[-87.6414,41.888],[-87.6421,41.888],[-87.6429,41.888],[-87.6442,41.888]],[[-87.6397,41.8872],[-87.6398,41.8874],[-87.6399,41.8875]],[[-87.6399,41.8876],[-87.64,41.8877],[-87.6402,41.8878],[-87.6403,41.8879],[-87.6406,41.888],[-87.6409,41.888],[-87.6412,41.888],[-87.6415,41.888],[-87.6426,41.8881],[-87.6442,41.8881]],[[-87.6394,41.8868],[-87.6396,41.8871]],[[-87.639,41.8847],[-87.639,41.885],[-87.639,41.8857],[-87.639,41.8861]],[[-87.7045,41.8957],[-87.705,41.8959],[-87.7064,41.8968]],[[-87.6879,41.8888],[-87.6875,41.8887],[-87.6868,41.8886]],[[-87.704,41.8955],[-87.7031,41.8951],[-87.7024,41.8947]],[[-87.7038,41.8955],[-87.7044,41.8957]],[[-87.7044,41.8957],[-87.7055,41.8963],[-87.7061,41.8966],[-87.7064,41.8968]],[[-87.7117,41.9002],[-87.7115,41.9]],[[-87.7046,41.8957],[-87.7041,41.8955]],[[-87.7045,41.8957],[-87.704,41.8955]],[[-87.7024,41.8948],[-87.7038,41.8955]],[[-87.7019,41.8946],[-87.7024,41.8948]],[[-87.7041,41.8955],[-87.7024,41.8947]],[[-87.7024,41.8947],[-87.7019,41.8944]],[[-87.7024,41.8947],[-87.7019,41.8945]],[[-87.6865,41.8885],[-87.6861,41.8885],[-87.6854,41.8884],[-87.6847,41.8884],[-87.6843,41.8884]],[[-87.7088,41.8982],[-87.7091,41.8984]],[[-87.7068,41.897],[-87.7078,41.8975],[-87.7088,41.8982]],[[-87.7064,41.8968],[-87.7068,41.897]],[[-87.7115,41.9],[-87.7104,41.8993]],[[-87.7114,41.9001],[-87.7117,41.9003]],[[-87.7103,41.8993],[-87.7114,41.9001]],[[-87.7101,41.8991],[-87.7103,41.8993]],[[-87.7091,41.8984],[-87.7101,41.8991]],[[-87.7068,41.8969],[-87.7064,41.8967]],[[-87.7088,41.8982],[-87.7072,41.8972],[-87.7068,41.8969]],[[-87.7091,41.8983],[-87.7088,41.8982]],[[-87.7102,41.8991],[-87.7091,41.8983]],[[-87.7104,41.8993],[-87.7102,41.8991]],[[-87.7091,41.8984],[-87.71,41.8991]],[[-87.7088,41.8983],[-87.7091,41.8984]],[[-87.7068,41.897],[-87.7075,41.8975],[-87.7082,41.8979],[-87.7088,41.8983]],[[-87.7064,41.8968],[-87.7068,41.897]],[[-87.7064,41.8967],[-87.705,41.8959],[-87.7046,41.8957]],[[-87.7114,41.9001],[-87.7116,41.9003]],[[-87.7103,41.8993],[-87.7114,41.9001]],[[-87.71,41.8991],[-87.7103,41.8993]],[[-87.7116,41.9003],[-87.7128,41.9012],[-87.7136,41.9019],[-87.7144,41.9027]],[[-87.7147,41.9029],[-87.7145,41.9027]],[[-87.7145,41.9027],[-87.7134,41.9017],[-87.7124,41.9009],[-87.7117,41.9003]],[[-87.7144,41.9027],[-87.7146,41.9029]],[[-87.7145,41.9027],[-87.7129,41.9012],[-87.7117,41.9002]],[[-87.7148,41.9029],[-87.7145,41.9027]],[[-87.7277,41.9135],[-87.7276,41.9135]],[[-87.7288,41.9135],[-87.7277,41.9135]],[[-87.7291,41.9135],[-87.7288,41.9135]],[[-87.7239,41.9136],[-87.7234,41.9135],[-87.7231,41.9135],[-87.7228,41.9134],[-87.7224,41.9133],[-87.7221,41.9131],[-87.7219,41.9129],[-87.7217,41.9126],[-87.7215,41.9124]],[[-87.7241,41.9136],[-87.7239,41.9136]],[[-87.7263,41.9136],[-87.7255,41.9136],[-87.7243,41.9136],[-87.7241,41.9136]],[[-87.7266,41.9136],[-87.7263,41.9136]],[[-87.7276,41.9135],[-87.7266,41.9136]],[[-87.7239,41.9136],[-87.7241,41.9136]],[[-87.7277,41.9136],[-87.7288,41.9136]],[[-87.7276,41.9136],[-87.7277,41.9136]],[[-87.7266,41.9136],[-87.7276,41.9136]],[[-87.7263,41.9136],[-87.7266,41.9136]],[[-87.7241,41.9136],[-87.7251,41.9136],[-87.7259,41.9136],[-87.7263,41.9136]],[[-87.723,41.9153],[-87.7227,41.9146],[-87.7221,41.9135],[-87.7215,41.9124]],[[-87.7215,41.9124],[-87.7216,41.9126],[-87.7218,41.9129],[-87.7221,41.9132],[-87.7225,41.9134],[-87.7228,41.9135],[-87.7233,41.9136],[-87.7236,41.9136],[-87.7239,41.9136]],[[-87.7291,41.9136],[-87.73,41.9136]],[[-87.7288,41.9136],[-87.7291,41.9136]],[[-87.7178,41.9063],[-87.7169,41.9052],[-87.7164,41.9047]],[[-87.7164,41.9047],[-87.7163,41.9045]],[[-87.7215,41.9124],[-87.7221,41.9137],[-87.723,41.9153]],[[-87.723,41.9153],[-87.723,41.9155]],[[-87.7231,41.9155],[-87.723,41.9153]],[[-87.7203,41.9101],[-87.7202,41.9098]],[[-87.7202,41.9098],[-87.7192,41.9083]],[[-87.7192,41.9083],[-87.7191,41.9081]],[[-87.7191,41.9081],[-87.7183,41.9069],[-87.7179,41.9065]],[[-87.7179,41.9065],[-87.7178,41.9063]],[[-87.7163,41.9045],[-87.7153,41.9034],[-87.7148,41.9029]],[[-87.7215,41.9124],[-87.7213,41.9119]],[[-87.7213,41.9119],[-87.7212,41.9117]],[[-87.7204,41.9102],[-87.7203,41.9101]],[[-87.7191,41.9083],[-87.719,41.9081]],[[-87.7201,41.9098],[-87.7197,41.9091],[-87.7191,41.9083]],[[-87.7203,41.9101],[-87.7201,41.9098]],[[-87.7206,41.9108],[-87.7204,41.9103],[-87.7203,41.9101]],[[-87.7212,41.9119],[-87.7211,41.9117]],[[-87.7162,41.9045],[-87.7156,41.9038],[-87.7147,41.9029]],[[-87.7164,41.9047],[-87.7162,41.9045]],[[-87.7177,41.9063],[-87.7171,41.9055],[-87.7164,41.9047]],[[-87.7179,41.9065],[-87.7177,41.9063]],[[-87.719,41.9081],[-87.7185,41.9073],[-87.7179,41.9065]],[[-87.7177,41.9063],[-87.7178,41.9065]],[[-87.7163,41.9047],[-87.7173,41.9058],[-87.7177,41.9063]],[[-87.7162,41.9045],[-87.7163,41.9047]],[[-87.7215,41.9124],[-87.7212,41.9119]],[[-87.7202,41.9101],[-87.7207,41.9109],[-87.7209,41.9114]],[[-87.7201,41.9098],[-87.7202,41.9101]],[[-87.7191,41.9083],[-87.7201,41.9098]],[[-87.719,41.9081],[-87.7191,41.9083]],[[-87.7178,41.9065],[-87.7184,41.9073],[-87.719,41.9081]],[[-87.7146,41.9029],[-87.7162,41.9045]],[[-87.7212,41.9119],[-87.7215,41.9124]],[[-87.7211,41.9117],[-87.7212,41.9119]],[[-87.7324,41.9136],[-87.7327,41.9136]],[[-87.7314,41.9136],[-87.7324,41.9136]],[[-87.7312,41.9136],[-87.7314,41.9136]],[[-87.7302,41.9136],[-87.7312,41.9136]],[[-87.73,41.9136],[-87.7302,41.9136]],[[-87.7361,41.9135],[-87.7364,41.9135]],[[-87.7339,41.9135],[-87.7361,41.9135]],[[-87.7336,41.9135],[-87.7339,41.9135]],[[-87.7327,41.9136],[-87.7336,41.9135]],[[-87.7327,41.9135],[-87.7324,41.9135]],[[-87.7336,41.9135],[-87.7327,41.9135]],[[-87.7339,41.9135],[-87.7336,41.9135]],[[-87.7361,41.9134],[-87.7339,41.9135]],[[-87.7364,41.9134],[-87.7361,41.9134]],[[-87.7302,41.9135],[-87.73,41.9135]],[[-87.73,41.9135],[-87.7291,41.9135]],[[-87.7312,41.9135],[-87.7302,41.9135]],[[-87.7314,41.9135],[-87.7312,41.9135]],[[-87.7324,41.9135],[-87.7314,41.9135]],[[-87.6518,41.8899],[-87.6512,41.8898]],[[-87.7065,41.8882],[-87.7087,41.8882],[-87.7103,41.8882]],[[-87.641,41.8882],[-87.641,41.8884],[-87.6411,41.8886]],[[-87.7062,41.8882],[-87.7065,41.8882]],[[-87.7103,41.8882],[-87.711,41.8881]],[[-87.7111,41.8881],[-87.7114,41.8881]],[[-87.6572,41.8898],[-87.6559,41.8898]],[[-87.7136,41.8882],[-87.7114,41.8882]],[[-87.7114,41.8882],[-87.7111,41.8882]],[[-87.7111,41.8882],[-87.7094,41.8882],[-87.7084,41.8882],[-87.7074,41.8883],[-87.7065,41.8883]],[[-87.7065,41.8883],[-87.7062,41.8883]],[[-87.7114,41.8881],[-87.7136,41.8881]],[[-87.6697,41.8887],[-87.6718,41.8887]],[[-87.6478,41.8935],[-87.6476,41.8932]],[[-87.6476,41.8932],[-87.6472,41.8928],[-87.6469,41.8926]],[[-87.6469,41.8926],[-87.6465,41.8922]],[[-87.6465,41.8922],[-87.646,41.8916]],[[-87.646,41.8916],[-87.6455,41.8911]],[[-87.6498,41.8954],[-87.6495,41.8952]],[[-87.6495,41.8952],[-87.6493,41.895]],[[-87.6493,41.895],[-87.649,41.8947]],[[-87.649,41.8947],[-87.6488,41.8944]],[[-87.6488,41.8944],[-87.6478,41.8935]],[[-87.6517,41.8973],[-87.6513,41.8969],[-87.651,41.8966]],[[-87.651,41.8966],[-87.6506,41.8962]],[[-87.6506,41.8962],[-87.65,41.8956]],[[-87.65,41.8956],[-87.6498,41.8954]],[[-87.6442,41.8903],[-87.6439,41.8903]],[[-87.6445,41.8905],[-87.6442,41.8903]],[[-87.6455,41.8911],[-87.645,41.8907],[-87.6447,41.8905],[-87.6445,41.8905]],[[-87.6476,41.8933],[-87.6478,41.8935]],[[-87.6469,41.8926],[-87.6473,41.893],[-87.6476,41.8933]],[[-87.6499,41.8956],[-87.6505,41.8962]],[[-87.6642,41.9108],[-87.6647,41.9116],[-87.6653,41.9126],[-87.6656,41.913],[-87.6661,41.9138],[-87.6665,41.9145]],[[-87.6505,41.8962],[-87.651,41.8967]],[[-87.6488,41.8945],[-87.649,41.8947]],[[-87.6495,41.8952],[-87.6497,41.8954]],[[-87.6497,41.8954],[-87.6499,41.8956]],[[-87.649,41.8947],[-87.6493,41.895]],[[-87.6493,41.895],[-87.6495,41.8952]],[[-87.6478,41.8935],[-87.6484,41.8941],[-87.6488,41.8945]],[[-87.6454,41.8911],[-87.6457,41.8914],[-87.646,41.8917]],[[-87.646,41.8917],[-87.6465,41.8922]],[[-87.6465,41.8922],[-87.6469,41.8926]],[[-87.6414,41.8892],[-87.6418,41.8896],[-87.642,41.8897]],[[-87.642,41.8897],[-87.6424,41.8899],[-87.6428,41.89],[-87.6428,41.89]],[[-87.6437,41.8903],[-87.6442,41.8904]],[[-87.6442,41.8904],[-87.6445,41.8905]],[[-87.6445,41.8905],[-87.6448,41.8907],[-87.6452,41.8909],[-87.6454,41.8911]],[[-87.6475,41.8933],[-87.6468,41.8926]],[[-87.6468,41.8926],[-87.6464,41.8922]],[[-87.6464,41.8922],[-87.646,41.8918]],[[-87.6453,41.8911],[-87.645,41.8908],[-87.6447,41.8906],[-87.6445,41.8906]],[[-87.646,41.8918],[-87.6453,41.8911]],[[-87.6494,41.8952],[-87.6492,41.895]],[[-87.6492,41.895],[-87.649,41.8948]],[[-87.649,41.8948],[-87.6488,41.8946]],[[-87.6488,41.8946],[-87.6482,41.894],[-87.6478,41.8936]],[[-87.6478,41.8936],[-87.6475,41.8933]],[[-87.651,41.8968],[-87.6505,41.8962]],[[-87.6505,41.8962],[-87.6498,41.8956]],[[-87.6498,41.8956],[-87.6497,41.8954]],[[-87.6497,41.8954],[-87.6494,41.8952]],[[-87.642,41.8897],[-87.6423,41.8899],[-87.6427,41.89],[-87.6428,41.8901]],[[-87.6433,41.89],[-87.643,41.8899]],[[-87.6428,41.8899],[-87.6425,41.8898]],[[-87.6428,41.89],[-87.6424,41.8898],[-87.6422,41.8897]],[[-87.6515,41.8973],[-87.6511,41.8969],[-87.651,41.8968]],[[-87.642,41.8895],[-87.6423,41.8897],[-87.6427,41.8898],[-87.6428,41.8898]],[[-87.6408,41.8886],[-87.641,41.8888],[-87.6411,41.889],[-87.6413,41.8892],[-87.6416,41.8895]],[[-87.6437,41.8903],[-87.644,41.8903],[-87.6442,41.8904]],[[-87.6445,41.8906],[-87.6442,41.8904]],[[-87.643,41.8899],[-87.6435,41.8899],[-87.6442,41.8899]],[[-87.65,41.8956],[-87.6506,41.8962]],[[-87.6506,41.8962],[-87.651,41.8966]],[[-87.6442,41.8903],[-87.6445,41.8904]],[[-87.6442,41.8903],[-87.6441,41.8903]],[[-87.6441,41.8903],[-87.6433,41.89]],[[-87.6488,41.8944],[-87.649,41.8946]],[[-87.649,41.8946],[-87.6494,41.895]],[[-87.6494,41.895],[-87.6496,41.8952]],[[-87.6496,41.8952],[-87.6498,41.8954]],[[-87.6498,41.8954],[-87.65,41.8956]],[[-87.646,41.8916],[-87.6466,41.8922]],[[-87.6466,41.8922],[-87.647,41.8926]],[[-87.647,41.8926],[-87.6476,41.8931]],[[-87.6476,41.8931],[-87.6479,41.8935]],[[-87.6479,41.8935],[-87.6488,41.8944]],[[-87.6445,41.8904],[-87.6447,41.8905],[-87.645,41.8907],[-87.6452,41.8908],[-87.6455,41.8911]],[[-87.6455,41.8911],[-87.6458,41.8913],[-87.646,41.8916]],[[-87.665,41.9119],[-87.6654,41.9126],[-87.666,41.9135],[-87.6666,41.9145],[-87.667,41.915]],[[-87.6516,41.8973],[-87.6519,41.8975],[-87.652,41.8976]],[[-87.6565,41.8991],[-87.6559,41.8988],[-87.6552,41.8987],[-87.6538,41.8984],[-87.6533,41.8983],[-87.6531,41.8982]],[[-87.652,41.8977],[-87.6518,41.8975],[-87.6515,41.8973]],[[-87.6565,41.899],[-87.6561,41.8988],[-87.6555,41.8987],[-87.6542,41.8984],[-87.6536,41.8982],[-87.6532,41.8981]],[[-87.652,41.8976],[-87.6517,41.8973]],[[-87.651,41.8966],[-87.6515,41.8971],[-87.6517,41.8973]],[[-87.6517,41.8973],[-87.6521,41.8975]],[[-87.651,41.8967],[-87.6514,41.8972],[-87.6516,41.8973]],[[-87.642,41.8896],[-87.6423,41.8897],[-87.6425,41.8898]],[[-87.6408,41.8829],[-87.6409,41.8851]],[[-87.6406,41.8829],[-87.6407,41.8851]],[[-87.6405,41.8829],[-87.6406,41.8851]],[[-87.6406,41.8854],[-87.6407,41.8858]],[[-87.6409,41.8829],[-87.641,41.8851]],[[-87.6407,41.8875],[-87.6407,41.8876]],[[-87.6408,41.8829],[-87.6408,41.8851]],[[-87.6408,41.8873],[-87.6408,41.8875]],[[-87.6409,41.8873],[-87.6409,41.8875]],[[-87.6407,41.8829],[-87.6407,41.8851]],[[-87.6409,41.8875],[-87.6409,41.8876]],[[-87.6408,41.8875],[-87.6408,41.8876]],[[-87.6408,41.8875],[-87.6408,41.8878],[-87.6408,41.8882]],[[-87.6408,41.8876],[-87.6408,41.888],[-87.6409,41.8882]],[[-87.6409,41.8876],[-87.6409,41.8881],[-87.6409,41.8882]],[[-87.6409,41.8875],[-87.6409,41.8879],[-87.641,41.8882]],[[-87.6407,41.8882],[-87.6408,41.8884],[-87.6408,41.8886]],[[-87.6407,41.8876],[-87.6407,41.888],[-87.6407,41.8882]],[[-87.641,41.8886],[-87.6411,41.8889],[-87.6413,41.8891],[-87.6414,41.8892]],[[-87.6414,41.8892],[-87.6417,41.8894],[-87.642,41.8896]],[[-87.642,41.8896],[-87.6422,41.8897]],[[-87.6409,41.8882],[-87.6409,41.8883],[-87.641,41.8886]],[[-87.6408,41.8882],[-87.6408,41.8883],[-87.6409,41.8886]],[[-87.6411,41.8886],[-87.6413,41.8889],[-87.6415,41.8891],[-87.6416,41.8892]],[[-87.6415,41.8892],[-87.6417,41.8894],[-87.642,41.8896]],[[-87.6416,41.8892],[-87.6418,41.8894],[-87.642,41.8895]],[[-87.641,41.8886],[-87.6412,41.8889],[-87.6414,41.8891],[-87.6415,41.8892]],[[-87.6416,41.8895],[-87.642,41.8897]],[[-87.6409,41.8886],[-87.641,41.8888],[-87.6412,41.8891],[-87.6414,41.8892]],[[-87.6409,41.8882],[-87.641,41.8884],[-87.641,41.8886]],[[-87.5653,41.7648],[-87.5653,41.7648],[-87.5653,41.7647],[-87.5661,41.7656],[-87.5661,41.7656],[-87.566,41.7656],[-87.5653,41.7648]],[[-87.5781,41.7662],[-87.5771,41.7662],[-87.5771,41.7661],[-87.5781,41.7661],[-87.5781,41.7661],[-87.5781,41.7662]],[[-87.5886,41.7661],[-87.5872,41.7661],[-87.5872,41.766],[-87.5886,41.766],[-87.5886,41.766],[-87.5886,41.7661]],[[-87.5478,41.7286],[-87.5478,41.7291],[-87.5478,41.7296],[-87.5479,41.7299],[-87.5479,41.7301],[-87.5479,41.7304],[-87.5479,41.7319],[-87.5479,41.732],[-87.5479,41.7334],[-87.548,41.7346],[-87.548,41.7362],[-87.548,41.737],[-87.5481,41.7373],[-87.5481,41.7374],[-87.5481,41.7377],[-87.5482,41.7383],[-87.5483,41.7387],[-87.5484,41.739],[-87.5486,41.7393],[-87.5488,41.7398],[-87.549,41.7402],[-87.5493,41.7407],[-87.5495,41.741],[-87.5499,41.7414],[-87.5502,41.7418],[-87.5505,41.742],[-87.551,41.7425],[-87.5512,41.7427],[-87.5513,41.7429],[-87.5514,41.7431],[-87.5515,41.7433],[-87.5515,41.7435],[-87.5515,41.7441],[-87.5515,41.7447],[-87.5515,41.7452],[-87.5515,41.7464],[-87.5515,41.7466],[-87.5515,41.7468],[-87.5516,41.7482],[-87.5516,41.7484],[-87.5516,41.7492],[-87.5516,41.7493],[-87.5516,41.75],[-87.5516,41.7502],[-87.5517,41.7507],[-87.5517,41.751],[-87.5518,41.7512],[-87.5519,41.7514],[-87.552,41.7516],[-87.5523,41.7518],[-87.5524,41.7519],[-87.5538,41.7532],[-87.5542,41.7536],[-87.5544,41.7538],[-87.5554,41.7547],[-87.5562,41.7555],[-87.5569,41.7562],[-87.5581,41.7572],[-87.5582,41.7574],[-87.5596,41.7586],[-87.5601,41.759],[-87.5602,41.7592],[-87.5606,41.7596],[-87.5615,41.7606],[-87.5618,41.7609],[-87.5621,41.7613],[-87.5633,41.7626],[-87.5635,41.7628],[-87.5643,41.7637],[-87.565,41.7645],[-87.566,41.7656],[-87.5662,41.7658],[-87.5664,41.766],[-87.5664,41.766],[-87.5666,41.7661],[-87.5667,41.7661],[-87.567,41.7662],[-87.5672,41.7663],[-87.5676,41.7663],[-87.5682,41.7663],[-87.5697,41.7662],[-87.5699,41.7662],[-87.5714,41.7662],[-87.5725,41.7662],[-87.5727,41.7662],[-87.5739,41.7662],[-87.575,41.7662],[-87.5752,41.7662],[-87.5759,41.7662],[-87.5762,41.7662],[-87.5764,41.7662],[-87.5783,41.7662],[-87.5793,41.7662],[-87.5795,41.7661],[-87.5812,41.7661],[-87.5824,41.7661],[-87.5826,41.7661],[-87.5837,41.7661],[-87.5847,41.7661],[-87.5849,41.7661],[-87.5857,41.7661],[-87.5859,41.7661],[-87.5865,41.7661],[-87.5885,41.7661],[-87.5891,41.7661],[-87.5893,41.7661],[-87.5894,41.7661],[-87.5896,41.7661],[-87.5899,41.7661],[-87.5901,41.7661],[-87.5903,41.7662],[-87.5906,41.7664],[-87.5909,41.7665],[-87.591,41.7666],[-87.5913,41.7668],[-87.5916,41.7671],[-87.5919,41.7673],[-87.5921,41.7676],[-87.5923,41.7677],[-87.5923,41.7679],[-87.5924,41.7681],[-87.5924,41.7683],[-87.5925,41.7688],[-87.5925,41.7693],[-87.5925,41.7696],[-87.5925,41.7697]],[[-87.5925,41.7697],[-87.5927,41.7705],[-87.5927,41.7709],[-87.5926,41.7711]],[[-87.5926,41.7696],[-87.5925,41.7694],[-87.5925,41.7691],[-87.5925,41.7686],[-87.5925,41.7683],[-87.5925,41.7681],[-87.5924,41.7679],[-87.5924,41.7679],[-87.5923,41.7677],[-87.5922,41.7676],[-87.5921,41.7674],[-87.5919,41.7672],[-87.5917,41.767],[-87.5912,41.7667],[-87.591,41.7665],[-87.5909,41.7664],[-87.5906,41.7663],[-87.5904,41.7662],[-87.5902,41.7661],[-87.59,41.7661],[-87.5898,41.766],[-87.5896,41.766],[-87.5894,41.766],[-87.5893,41.766],[-87.5886,41.766],[-87.5865,41.766],[-87.5859,41.766],[-87.5856,41.766],[-87.5849,41.7661],[-87.5847,41.7661],[-87.5837,41.7661],[-87.5826,41.7661],[-87.5824,41.7661],[-87.5812,41.7661],[-87.5803,41.7661],[-87.5794,41.7661],[-87.579,41.7661],[-87.5786,41.7661],[-87.5781,41.7661],[-87.5764,41.7661],[-87.5762,41.7661],[-87.5758,41.7661],[-87.5752,41.7661],[-87.575,41.7661],[-87.5739,41.7662],[-87.5727,41.7662],[-87.5725,41.7662],[-87.5714,41.7662],[-87.5699,41.7662],[-87.5697,41.7662],[-87.5682,41.7662],[-87.5677,41.7662],[-87.5673,41.7662],[-87.567,41.7662],[-87.5668,41.7661],[-87.5666,41.766],[-87.5665,41.7659],[-87.5664,41.7659],[-87.5663,41.7658],[-87.5662,41.7657],[-87.5659,41.7653],[-87.5651,41.7645],[-87.565,41.7644],[-87.5643,41.7636],[-87.5635,41.7627],[-87.5634,41.7626],[-87.5621,41.7612],[-87.5618,41.7609],[-87.5614,41.7605],[-87.5603,41.7592],[-87.5601,41.759],[-87.5599,41.7588],[-87.5587,41.7577],[-87.5583,41.7573],[-87.558,41.757],[-87.5571,41.7562],[-87.5564,41.7556],[-87.5562,41.7554],[-87.5553,41.7545],[-87.5545,41.7538],[-87.5543,41.7536],[-87.553,41.7524],[-87.5525,41.7519],[-87.5523,41.7518],[-87.5521,41.7515],[-87.5519,41.7513],[-87.5518,41.751],[-87.5517,41.7507],[-87.5517,41.7502],[-87.5517,41.75],[-87.5517,41.7492],[-87.5517,41.7484],[-87.5517,41.7482],[-87.5516,41.7466],[-87.5516,41.7465],[-87.5516,41.7452],[-87.5516,41.7447],[-87.5516,41.744],[-87.5516,41.7435],[-87.5516,41.7434],[-87.5515,41.7432],[-87.5514,41.743],[-87.5513,41.7428],[-87.5512,41.7426],[-87.551,41.7424],[-87.5505,41.742],[-87.5503,41.7417],[-87.5499,41.7413],[-87.5496,41.7409],[-87.5493,41.7406],[-87.5491,41.7403],[-87.5489,41.7399],[-87.5487,41.7395],[-87.5485,41.739],[-87.5484,41.7385],[-87.5483,41.7381],[-87.5482,41.7375],[-87.5482,41.7373],[-87.5481,41.7371],[-87.5481,41.7368],[-87.5481,41.7366],[-87.5481,41.7357],[-87.548,41.7344],[-87.548,41.7331],[-87.548,41.7319],[-87.5479,41.7313],[-87.5479,41.7301],[-87.5479,41.7296],[-87.5478,41.7288],[-87.5478,41.7286]],[[-87.5926,41.7711],[-87.5927,41.7707],[-87.5927,41.7705],[-87.5926,41.7696]],[[-87.5538,41.7532],[-87.5538,41.7532],[-87.5538,41.7532],[-87.5529,41.7524],[-87.5529,41.7524],[-87.5538,41.7532]],[[-87.5597,41.7587],[-87.5588,41.7578],[-87.5588,41.7578],[-87.5597,41.7586],[-87.5597,41.7586],[-87.5597,41.7587]],[[-87.5483,41.738],[-87.5482,41.738],[-87.5482,41.738],[-87.5483,41.7385],[-87.5484,41.7389],[-87.5485,41.739],[-87.5484,41.7385],[-87.5483,41.738]],[[-87.5516,41.7463],[-87.5515,41.7452],[-87.5516,41.7452],[-87.5516,41.7452],[-87.5516,41.7463]],[[-87.6828,41.7575],[-87.6832,41.7575]],[[-87.6618,41.7578],[-87.663,41.7578],[-87.6643,41.7577],[-87.673,41.7576],[-87.6745,41.7576],[-87.6783,41.7575],[-87.6789,41.7575],[-87.6792,41.7575],[-87.6796,41.7575],[-87.6802,41.7575]],[[-87.6618,41.7578],[-87.6617,41.7578]],[[-87.66,41.7578],[-87.6617,41.7578]],[[-87.6617,41.7578],[-87.6608,41.7578],[-87.6602,41.7578]],[[-87.6419,41.7582],[-87.6424,41.7582],[-87.6437,41.7581],[-87.6485,41.7581],[-87.6537,41.758],[-87.6564,41.758],[-87.6568,41.7579],[-87.6577,41.7579],[-87.6583,41.7579],[-87.6586,41.7579]],[[-87.6417,41.7583],[-87.6419,41.7582]],[[-87.6584,41.7578],[-87.6573,41.7579],[-87.6569,41.7579]],[[-87.6602,41.7578],[-87.6584,41.7578]],[[-87.6405,41.7588],[-87.6406,41.7588]],[[-87.6397,41.7597],[-87.6399,41.7595],[-87.64,41.7592],[-87.6402,41.759],[-87.6405,41.7588]],[[-87.6396,41.7599],[-87.6397,41.7597]],[[-87.6395,41.767],[-87.6394,41.7654]],[[-87.6395,41.7672],[-87.6395,41.767]],[[-87.6394,41.7654],[-87.6394,41.7652]],[[-87.6394,41.7638],[-87.6393,41.7628],[-87.6393,41.7625],[-87.6394,41.7622],[-87.6394,41.7613],[-87.6395,41.7606],[-87.6395,41.7603],[-87.6396,41.76],[-87.6396,41.7599]],[[-87.6406,41.7588],[-87.6407,41.7587],[-87.641,41.7585],[-87.6413,41.7584],[-87.6417,41.7583]],[[-87.6395,41.7725],[-87.6395,41.7719],[-87.6395,41.7716],[-87.6396,41.7713],[-87.6396,41.7711],[-87.6395,41.7708]],[[-87.6395,41.7706],[-87.6395,41.7694],[-87.6395,41.769]],[[-87.6395,41.7708],[-87.6395,41.7706]],[[-87.6395,41.7688],[-87.6395,41.7677],[-87.6395,41.7672]],[[-87.6395,41.769],[-87.6395,41.7688]],[[-87.6396,41.7761],[-87.6396,41.775],[-87.6396,41.7744]],[[-87.6396,41.7763],[-87.6396,41.7761]],[[-87.6396,41.7743],[-87.6396,41.7726]],[[-87.6396,41.7744],[-87.6396,41.7743]],[[-87.6396,41.7726],[-87.6395,41.7725]],[[-87.6396,41.7744],[-87.6396,41.7761]],[[-87.6395,41.7743],[-87.6396,41.7744]],[[-87.6396,41.7763],[-87.6396,41.7768],[-87.6396,41.7779]],[[-87.6396,41.7761],[-87.6396,41.7763]],[[-87.6397,41.7779],[-87.6397,41.7774],[-87.6397,41.7769],[-87.6397,41.7766],[-87.6396,41.7763]],[[-87.6394,41.7688],[-87.6394,41.769]],[[-87.6395,41.7708],[-87.6395,41.7717],[-87.6395,41.7725]],[[-87.6395,41.7706],[-87.6395,41.7708]],[[-87.6395,41.7726],[-87.6395,41.7739],[-87.6395,41.7743]],[[-87.6395,41.7725],[-87.6395,41.7726]],[[-87.6394,41.7654],[-87.6394,41.7664],[-87.6394,41.767]],[[-87.6394,41.7652],[-87.6394,41.7654]],[[-87.6394,41.7672],[-87.6394,41.7684],[-87.6394,41.7688]],[[-87.6394,41.767],[-87.6394,41.7672]],[[-87.6394,41.769],[-87.6394,41.7695],[-87.6394,41.7699],[-87.6395,41.7706]],[[-87.6419,41.7582],[-87.6417,41.7582]],[[-87.6404,41.7588],[-87.6402,41.759],[-87.64,41.7592],[-87.6399,41.7594],[-87.6397,41.7596],[-87.6396,41.7597]],[[-87.6405,41.7587],[-87.6404,41.7588]],[[-87.6396,41.7599],[-87.6395,41.7602],[-87.6394,41.7606],[-87.6394,41.7612],[-87.6393,41.7622]],[[-87.6396,41.7597],[-87.6396,41.7599]],[[-87.6569,41.7579],[-87.6559,41.7579],[-87.6542,41.758],[-87.6493,41.758],[-87.644,41.7581],[-87.6423,41.7581],[-87.6419,41.7582]],[[-87.6417,41.7582],[-87.6414,41.7583],[-87.6411,41.7584],[-87.6408,41.7586],[-87.6405,41.7587]],[[-87.6325,41.7691],[-87.6326,41.7689]],[[-87.6313,41.7726],[-87.6319,41.771],[-87.6325,41.7691]],[[-87.6313,41.7728],[-87.6313,41.7726]],[[-87.6307,41.7744],[-87.6308,41.7741],[-87.6311,41.7733],[-87.6313,41.7728]],[[-87.634,41.7653],[-87.6346,41.7637]],[[-87.6339,41.7655],[-87.634,41.7653]],[[-87.6333,41.7671],[-87.6339,41.7655]],[[-87.6332,41.7673],[-87.6333,41.7671]],[[-87.6326,41.7689],[-87.6332,41.7673]],[[-87.6339,41.7653],[-87.6338,41.7655]],[[-87.6345,41.7637],[-87.6339,41.7653]],[[-87.6346,41.7634],[-87.6345,41.7637]],[[-87.6347,41.7634],[-87.6354,41.7615],[-87.636,41.76],[-87.6362,41.7594],[-87.6365,41.7585],[-87.6369,41.7574],[-87.6371,41.7568],[-87.6377,41.7552],[-87.6382,41.754],[-87.6386,41.7529],[-87.6389,41.7521],[-87.639,41.7517]],[[-87.6346,41.7637],[-87.6347,41.7634]],[[-87.6325,41.7691],[-87.6319,41.771],[-87.6313,41.7726]],[[-87.6326,41.7689],[-87.6325,41.7691]],[[-87.6332,41.7673],[-87.6326,41.7689]],[[-87.6332,41.7671],[-87.6332,41.7673]],[[-87.6338,41.7655],[-87.6332,41.7671]],[[-87.6307,41.7744],[-87.6304,41.7753],[-87.6302,41.7758]],[[-87.6312,41.7728],[-87.6309,41.7737],[-87.6308,41.774],[-87.6307,41.7744]],[[-87.6313,41.7726],[-87.6312,41.7728]],[[-87.6482,41.7322],[-87.6478,41.7323],[-87.6474,41.7324],[-87.6472,41.7324]],[[-87.6486,41.7322],[-87.6483,41.7322],[-87.6482,41.7322]],[[-87.6468,41.7326],[-87.6466,41.7327],[-87.6466,41.7328]],[[-87.6472,41.7324],[-87.6469,41.7326],[-87.6468,41.7326]],[[-87.6466,41.7328],[-87.6464,41.7329],[-87.6462,41.7331]],[[-87.6801,41.6526],[-87.6798,41.6529],[-87.6796,41.6532],[-87.6794,41.6534]],[[-87.6482,41.7323],[-87.6484,41.7322],[-87.6486,41.7322]],[[-87.6473,41.7324],[-87.6477,41.7323],[-87.648,41.7323],[-87.6482,41.7323]],[[-87.6469,41.7326],[-87.6472,41.7325],[-87.6473,41.7324]],[[-87.6465,41.7329],[-87.6468,41.7327],[-87.6469,41.7326]],[[-87.678,41.6543],[-87.6776,41.6546],[-87.6771,41.6551],[-87.6767,41.6554],[-87.6766,41.6556],[-87.6758,41.6564],[-87.6754,41.6567],[-87.6751,41.6571],[-87.6748,41.6574],[-87.6745,41.6578],[-87.6743,41.6581],[-87.674,41.6585],[-87.6737,41.659],[-87.6734,41.6595],[-87.6731,41.66],[-87.6728,41.6606],[-87.6726,41.6611],[-87.6724,41.6616],[-87.6721,41.6623],[-87.6719,41.663],[-87.6714,41.6644],[-87.671,41.6654],[-87.6704,41.6668],[-87.6699,41.6682],[-87.6694,41.6697],[-87.6688,41.6712],[-87.6682,41.6728],[-87.6677,41.6743],[-87.6672,41.6757],[-87.6666,41.6774],[-87.6665,41.6775],[-87.666,41.6788],[-87.6654,41.6805],[-87.6648,41.682],[-87.6641,41.6839],[-87.6638,41.6847],[-87.6638,41.6849],[-87.6636,41.6854],[-87.6632,41.6864],[-87.6627,41.6877],[-87.6622,41.6892],[-87.6621,41.6894],[-87.6611,41.6921],[-87.6609,41.6927],[-87.6603,41.6943],[-87.6596,41.6961],[-87.659,41.6977],[-87.6584,41.6994],[-87.6583,41.6995],[-87.6577,41.7011],[-87.657,41.7031],[-87.6567,41.704],[-87.6563,41.705],[-87.656,41.706],[-87.6557,41.7067],[-87.6556,41.7069],[-87.6552,41.7081],[-87.6546,41.7097],[-87.6541,41.7111],[-87.6534,41.7128],[-87.653,41.714],[-87.6529,41.7142],[-87.6525,41.7152],[-87.6519,41.7168],[-87.6514,41.7183],[-87.6509,41.7196],[-87.6504,41.721],[-87.6503,41.7212],[-87.6502,41.7214],[-87.6502,41.7216],[-87.6481,41.7272]],[[-87.6462,41.7332],[-87.6463,41.7331],[-87.6465,41.7329]],[[-87.639,41.7517],[-87.6393,41.751],[-87.6394,41.7505]],[[-87.6409,41.7467],[-87.6448,41.7363],[-87.645,41.7357]],[[-87.6394,41.7504],[-87.6392,41.7511],[-87.639,41.7516]],[[-87.6802,41.6525],[-87.6812,41.6517]],[[-87.6812,41.6517],[-87.6801,41.6525]],[[-87.6486,41.7322],[-87.6491,41.7323],[-87.6499,41.7323],[-87.6504,41.7324],[-87.6509,41.7323],[-87.6545,41.7323],[-87.6557,41.7323],[-87.6581,41.7322],[-87.6596,41.7322],[-87.6605,41.7322],[-87.662,41.7322],[-87.6624,41.7322],[-87.6627,41.7321],[-87.663,41.7321],[-87.6632,41.7321],[-87.6637,41.7319],[-87.6641,41.7318],[-87.6645,41.7317],[-87.6649,41.7315],[-87.6652,41.7313],[-87.6654,41.7312],[-87.6655,41.7311],[-87.6659,41.7309],[-87.6663,41.7305],[-87.6665,41.7302],[-87.6667,41.7299],[-87.6669,41.7296],[-87.667,41.7293],[-87.6671,41.7289],[-87.6672,41.7286],[-87.6672,41.7284],[-87.6672,41.7275],[-87.6673,41.7265],[-87.6674,41.7249],[-87.6675,41.7231],[-87.6675,41.7229],[-87.6675,41.7218],[-87.6675,41.7213],[-87.6675,41.7212],[-87.6675,41.721],[-87.6675,41.7208],[-87.6675,41.7201],[-87.6675,41.7194],[-87.6675,41.7189],[-87.6675,41.7181],[-87.6674,41.717],[-87.6674,41.716],[-87.6674,41.7152],[-87.6673,41.7142],[-87.6673,41.7139],[-87.6673,41.7137],[-87.6673,41.7134],[-87.6674,41.7131],[-87.6674,41.7127],[-87.6675,41.7123],[-87.6675,41.7121],[-87.6676,41.712],[-87.6678,41.7115],[-87.6679,41.7111],[-87.6681,41.7106],[-87.6683,41.7103],[-87.6683,41.7102],[-87.6684,41.7099],[-87.6685,41.7096],[-87.6686,41.7091],[-87.6686,41.7086],[-87.6687,41.7078],[-87.6688,41.7067],[-87.6689,41.7065],[-87.6689,41.706],[-87.6691,41.7049],[-87.6692,41.704],[-87.6693,41.703],[-87.6693,41.7028],[-87.6694,41.7018],[-87.6696,41.7004],[-87.6697,41.6993],[-87.6698,41.6992],[-87.6699,41.698],[-87.67,41.6973],[-87.6701,41.6963],[-87.6702,41.6955],[-87.6703,41.6948],[-87.6705,41.6934],[-87.6706,41.6927],[-87.6706,41.6921],[-87.6707,41.6919],[-87.6708,41.6905],[-87.671,41.6888],[-87.6712,41.6873],[-87.6714,41.6856],[-87.6715,41.6847],[-87.6715,41.6846],[-87.6717,41.6831],[-87.6719,41.6815],[-87.6721,41.68],[-87.6722,41.6788],[-87.6724,41.6774],[-87.6724,41.6773],[-87.6726,41.676],[-87.6726,41.6755],[-87.6727,41.6749],[-87.6729,41.6739],[-87.6732,41.6724],[-87.6735,41.6706],[-87.6736,41.6701],[-87.6738,41.6693],[-87.6741,41.6678],[-87.6744,41.6658],[-87.6747,41.6643],[-87.675,41.6629],[-87.6752,41.6618],[-87.6753,41.6612],[-87.6755,41.6599],[-87.6758,41.6586],[-87.676,41.6572],[-87.6761,41.657],[-87.6762,41.6568],[-87.6763,41.6565],[-87.6765,41.6562],[-87.6767,41.656],[-87.6769,41.6558],[-87.6771,41.6556],[-87.6772,41.6554],[-87.6775,41.6552],[-87.6778,41.655],[-87.6782,41.6547],[-87.6783,41.6546],[-87.6784,41.6545],[-87.6786,41.6543],[-87.6788,41.654],[-87.679,41.6537],[-87.6792,41.6535],[-87.6793,41.6534]],[[-87.6826,41.6505],[-87.6828,41.6504]],[[-87.686,41.6477],[-87.6857,41.648]],[[-87.6824,41.6507],[-87.682,41.6511],[-87.6817,41.6513]],[[-87.6828,41.6504],[-87.6825,41.6505]],[[-87.6828,41.6504],[-87.6849,41.6487],[-87.685,41.6486]],[[-87.6857,41.648],[-87.686,41.6478]],[[-87.6849,41.6486],[-87.6835,41.6498],[-87.6828,41.6504]],[[-87.6853,41.6483],[-87.6849,41.6486]],[[-87.6857,41.648],[-87.6853,41.6483]],[[-87.6854,41.6483],[-87.6857,41.648]],[[-87.685,41.6486],[-87.6854,41.6483]],[[-87.6472,41.6741],[-87.6463,41.6741],[-87.6458,41.6741],[-87.6443,41.6741],[-87.6421,41.6741],[-87.6418,41.6741],[-87.6416,41.6741],[-87.6414,41.6741],[-87.6409,41.6742],[-87.6407,41.6742],[-87.6405,41.6742],[-87.6405,41.6742]],[[-87.6128,41.6829],[-87.613,41.6823],[-87.6132,41.6814],[-87.6136,41.6794],[-87.6141,41.6774],[-87.6143,41.6766]],[[-87.663,41.6673],[-87.6623,41.6679]],[[-87.6731,41.6587],[-87.6728,41.6589],[-87.6725,41.6591],[-87.6724,41.6592],[-87.6714,41.6601],[-87.6706,41.6608],[-87.6705,41.6609],[-87.6704,41.661],[-87.6695,41.6618],[-87.6692,41.662],[-87.6684,41.6627],[-87.6682,41.6628],[-87.6681,41.6629],[-87.6671,41.6638],[-87.6669,41.664],[-87.6661,41.6647],[-87.6659,41.6648],[-87.663,41.6673]],[[-87.6763,41.6557],[-87.676,41.656],[-87.6754,41.6566],[-87.675,41.657]],[[-87.6763,41.6557],[-87.676,41.6559],[-87.6754,41.6564],[-87.6749,41.657]],[[-87.7019,41.8944],[-87.7008,41.8939],[-87.6995,41.8934],[-87.6975,41.8927],[-87.6963,41.8922],[-87.6938,41.8912],[-87.6928,41.8908],[-87.6921,41.8905],[-87.6914,41.8902],[-87.6909,41.89],[-87.6881,41.8889],[-87.6879,41.8888]],[[-87.6868,41.8886],[-87.687,41.8886],[-87.6874,41.8888],[-87.688,41.889],[-87.6905,41.89],[-87.6912,41.8903]],[[-87.6497,41.8883],[-87.6487,41.8882],[-87.6483,41.8881],[-87.6477,41.888],[-87.6471,41.888],[-87.6465,41.888],[-87.6456,41.888]],[[-87.8127,41.7932],[-87.8135,41.7925],[-87.8142,41.792],[-87.8148,41.7915],[-87.8156,41.7907],[-87.8165,41.7898],[-87.8174,41.7888],[-87.8182,41.7879],[-87.8196,41.7864],[-87.8206,41.7853],[-87.8218,41.784],[-87.8226,41.7831],[-87.8238,41.7818],[-87.8244,41.7811],[-87.8264,41.7789],[-87.8275,41.7778],[-87.8284,41.7768],[-87.8298,41.7753],[-87.831,41.774],[-87.8325,41.7723],[-87.8339,41.7708],[-87.8351,41.7695],[-87.8365,41.7679],[-87.8389,41.7653],[-87.8403,41.7638],[-87.8409,41.7631],[-87.842,41.7619],[-87.8444,41.7593],[-87.8459,41.7577],[-87.8462,41.7573],[-87.8477,41.7557],[-87.8491,41.7542],[-87.8513,41.7519],[-87.8526,41.7508],[-87.8542,41.7495],[-87.8563,41.7482],[-87.8605,41.7455],[-87.8671,41.7413],[-87.8732,41.7373],[-87.8763,41.7353],[-87.8774,41.7343],[-87.8787,41.7332],[-87.8787,41.7331],[-87.8795,41.7324],[-87.8816,41.7304],[-87.8853,41.7269],[-87.887,41.7254],[-87.8908,41.7219],[-87.8917,41.7213],[-87.8933,41.7206],[-87.8975,41.7192],[-87.9042,41.717],[-87.9094,41.7153],[-87.9113,41.7144],[-87.9144,41.7128],[-87.9189,41.7105],[-87.9332,41.7031],[-87.9347,41.7021],[-87.9366,41.7006],[-87.9407,41.697]],[[-87.8125,41.7933],[-87.8127,41.7932]],[[-87.7438,41.8164],[-87.7448,41.8161],[-87.7476,41.8152],[-87.751,41.8141],[-87.7627,41.8104],[-87.7655,41.8095],[-87.7702,41.8081],[-87.7975,41.7994],[-87.7997,41.7988],[-87.8032,41.7976],[-87.805,41.7971],[-87.8056,41.7969],[-87.8064,41.7966],[-87.8073,41.7962],[-87.8081,41.7959],[-87.809,41.7954],[-87.8093,41.7953],[-87.8098,41.795],[-87.8109,41.7944],[-87.8118,41.7938],[-87.8125,41.7933]],[[-87.743,41.8166],[-87.7438,41.8164]],[[-87.7438,41.8164],[-87.743,41.8166]],[[-87.8127,41.7932],[-87.8124,41.7933]],[[-87.8124,41.7933],[-87.8118,41.7937],[-87.8108,41.7944],[-87.8099,41.7949],[-87.8092,41.7953],[-87.8089,41.7954],[-87.8081,41.7958],[-87.8074,41.7961],[-87.8065,41.7965],[-87.8057,41.7968],[-87.8049,41.7971],[-87.8031,41.7976],[-87.8016,41.7981],[-87.8,41.7986],[-87.7975,41.7994],[-87.7702,41.808],[-87.7655,41.8095],[-87.7634,41.8102],[-87.7587,41.8117],[-87.7478,41.8151],[-87.7444,41.8161],[-87.7438,41.8164]],[[-87.7175,41.8504],[-87.7173,41.8504]],[[-87.7185,41.8502],[-87.7175,41.8504]],[[-87.7187,41.8501],[-87.7185,41.8502]],[[-87.7197,41.8499],[-87.7187,41.8501]],[[-87.7199,41.8498],[-87.7197,41.8499]],[[-87.7148,41.851],[-87.7139,41.8512]],[[-87.7151,41.8509],[-87.7148,41.851]],[[-87.7161,41.8507],[-87.7151,41.8509]],[[-87.7163,41.8506],[-87.7161,41.8507]],[[-87.7173,41.8504],[-87.7163,41.8506]],[[-87.7078,41.8525],[-87.7076,41.8526]],[[-87.7109,41.8519],[-87.7088,41.8523],[-87.7078,41.8525]],[[-87.7112,41.8518],[-87.7109,41.8519]],[[-87.7136,41.8512],[-87.7112,41.8518]],[[-87.7139,41.8512],[-87.7136,41.8512]],[[-87.7027,41.8537],[-87.6993,41.8545]],[[-87.703,41.8536],[-87.7027,41.8537]],[[-87.7052,41.8531],[-87.703,41.8536]],[[-87.7054,41.8531],[-87.7052,41.8531]],[[-87.7076,41.8526],[-87.7054,41.8531]],[[-87.7294,41.8477],[-87.7268,41.8483],[-87.7248,41.8487]],[[-87.7297,41.8476],[-87.7294,41.8477]],[[-87.7248,41.8487],[-87.7245,41.8488]],[[-87.699,41.8545],[-87.6957,41.8553]],[[-87.6993,41.8545],[-87.699,41.8545]],[[-87.7358,41.8462],[-87.7345,41.8466]],[[-87.7297,41.8477],[-87.7319,41.8472],[-87.7356,41.8464],[-87.7397,41.8454],[-87.7441,41.8445],[-87.745,41.8443],[-87.7455,41.8442],[-87.7465,41.8441],[-87.7473,41.844],[-87.7485,41.8439],[-87.7515,41.8436],[-87.7534,41.8434],[-87.7544,41.8433],[-87.7555,41.8431],[-87.7565,41.8429],[-87.7582,41.8426],[-87.7607,41.842],[-87.764,41.8413]],[[-87.7294,41.8478],[-87.7297,41.8477]],[[-87.7248,41.8488],[-87.7263,41.8484],[-87.7294,41.8478]],[[-87.7245,41.8488],[-87.7248,41.8488]],[[-87.7207,41.8497],[-87.7224,41.8493],[-87.7245,41.8488]],[[-87.7197,41.8499],[-87.7199,41.8499]],[[-87.7187,41.8501],[-87.7197,41.8499]],[[-87.7185,41.8502],[-87.7187,41.8501]],[[-87.7175,41.8504],[-87.7185,41.8502]],[[-87.7173,41.8505],[-87.7175,41.8504]],[[-87.7163,41.8507],[-87.7173,41.8505]],[[-87.7161,41.8507],[-87.7163,41.8507]],[[-87.7151,41.8509],[-87.7161,41.8507]],[[-87.7139,41.8512],[-87.7148,41.851]],[[-87.7136,41.8513],[-87.7139,41.8512]],[[-87.7148,41.851],[-87.7151,41.8509]],[[-87.7112,41.8518],[-87.7136,41.8513]],[[-87.711,41.8519],[-87.7112,41.8518]],[[-87.7078,41.8526],[-87.7097,41.8522],[-87.711,41.8519]],[[-87.7076,41.8526],[-87.7078,41.8526]],[[-87.7054,41.8531],[-87.7076,41.8526]],[[-87.7052,41.8532],[-87.7054,41.8531]],[[-87.703,41.8537],[-87.7052,41.8532]],[[-87.7028,41.8537],[-87.703,41.8537]],[[-87.6993,41.8545],[-87.7028,41.8537]],[[-87.699,41.8546],[-87.6993,41.8545]],[[-87.768,41.8401],[-87.7667,41.8405],[-87.7656,41.8408],[-87.7614,41.8418],[-87.7582,41.8425],[-87.7564,41.8429],[-87.7555,41.8431],[-87.7544,41.8432],[-87.754,41.8433],[-87.753,41.8434],[-87.7509,41.8436],[-87.7497,41.8437],[-87.7473,41.8439],[-87.7459,41.8441],[-87.7451,41.8442],[-87.7449,41.8442],[-87.7443,41.8443],[-87.7438,41.8445],[-87.7389,41.8455],[-87.7369,41.846]],[[-87.8537,41.6357],[-87.8514,41.6377],[-87.8494,41.6395],[-87.8488,41.6401],[-87.8482,41.6407],[-87.8465,41.6424],[-87.8445,41.6445],[-87.8418,41.6472],[-87.8396,41.6494],[-87.8363,41.6528],[-87.8344,41.6547],[-87.8318,41.6573],[-87.829,41.6602],[-87.8264,41.6629],[-87.8215,41.6678],[-87.8192,41.6702],[-87.8182,41.6712]],[[-87.7487,41.9148],[-87.7506,41.915],[-87.7527,41.9153]],[[-87.7484,41.9148],[-87.7487,41.9148]],[[-87.7364,41.9135],[-87.7371,41.9135],[-87.7381,41.9136],[-87.7388,41.9136],[-87.7394,41.9137],[-87.7409,41.9138],[-87.7437,41.9142],[-87.7453,41.9144],[-87.7462,41.9145],[-87.7484,41.9148]],[[-87.756,41.9157],[-87.7585,41.916],[-87.7613,41.9163],[-87.7632,41.9166],[-87.7643,41.9167],[-87.7653,41.9167],[-87.7663,41.9167],[-87.7671,41.9167],[-87.7684,41.9167],[-87.7717,41.9166],[-87.7758,41.9166],[-87.779,41.9165],[-87.7844,41.9165],[-87.7851,41.9165],[-87.7853,41.9165],[-87.7859,41.9165],[-87.7864,41.9166],[-87.7869,41.9167],[-87.7876,41.9168],[-87.788,41.917],[-87.7899,41.9176],[-87.7921,41.9184],[-87.7938,41.9191],[-87.7949,41.9195],[-87.7951,41.9195],[-87.8006,41.9215],[-87.8008,41.9216],[-87.8023,41.9222],[-87.8025,41.9222],[-87.8039,41.9227],[-87.8044,41.9229],[-87.8053,41.9231],[-87.8062,41.9234],[-87.808,41.9237],[-87.8092,41.9239],[-87.8135,41.9247],[-87.8137,41.9247],[-87.8159,41.9252],[-87.8173,41.9256],[-87.8196,41.9263],[-87.8204,41.9266],[-87.8231,41.9274],[-87.8358,41.9309],[-87.8363,41.931],[-87.8382,41.9315],[-87.8424,41.9326],[-87.8437,41.9329],[-87.845,41.9331],[-87.8474,41.9332]],[[-87.7527,41.9153],[-87.753,41.9153]],[[-87.753,41.9152],[-87.7527,41.9152]],[[-87.7454,41.9143],[-87.7438,41.9141],[-87.7425,41.914],[-87.7416,41.9139],[-87.7398,41.9136],[-87.7389,41.9135],[-87.7386,41.9135],[-87.7379,41.9135],[-87.7368,41.9134],[-87.7364,41.9134]],[[-87.7502,41.9149],[-87.7486,41.9147]],[[-87.7486,41.9147],[-87.7483,41.9147]],[[-87.7951,41.9194],[-87.7947,41.9193],[-87.7942,41.9191],[-87.7936,41.9189],[-87.7924,41.9185],[-87.7899,41.9176],[-87.7883,41.917],[-87.7876,41.9167],[-87.7869,41.9166],[-87.7865,41.9165],[-87.7859,41.9164],[-87.7854,41.9164],[-87.7852,41.9164],[-87.7849,41.9164],[-87.7822,41.9164],[-87.7812,41.9164],[-87.7786,41.9165],[-87.7744,41.9165],[-87.7699,41.9166],[-87.7671,41.9166],[-87.7662,41.9166],[-87.7653,41.9166],[-87.7646,41.9166],[-87.7638,41.9166],[-87.7628,41.9164],[-87.7589,41.916],[-87.756,41.9156]],[[-87.7208,41.888],[-87.7211,41.888]],[[-87.7167,41.888],[-87.7208,41.888]],[[-87.7163,41.8881],[-87.7167,41.888]],[[-87.7138,41.8881],[-87.7163,41.8881]],[[-87.7136,41.8881],[-87.7138,41.8881]],[[-87.726,41.8879],[-87.7284,41.8879],[-87.7353,41.8878],[-87.7382,41.8878],[-87.7405,41.8877]],[[-87.7257,41.8879],[-87.726,41.8879]],[[-87.7211,41.888],[-87.7236,41.888],[-87.7257,41.8879]],[[-87.7167,41.8881],[-87.7163,41.8881]],[[-87.7163,41.8881],[-87.7138,41.8882]],[[-87.7138,41.8882],[-87.7136,41.8882]],[[-87.7405,41.8878],[-87.7382,41.8878],[-87.7354,41.8879],[-87.7269,41.888],[-87.726,41.888]],[[-87.726,41.888],[-87.7257,41.888]],[[-87.7257,41.888],[-87.7211,41.8881]],[[-87.7211,41.8881],[-87.7208,41.8881]],[[-87.7208,41.8881],[-87.7167,41.8881]],[[-87.8326,41.8876],[-87.8335,41.8877]],[[-87.8298,41.8873],[-87.8326,41.8876]],[[-87.7457,41.8877],[-87.7503,41.8877]],[[-87.7454,41.8877],[-87.7457,41.8877]],[[-87.7552,41.8877],[-87.7506,41.8878]],[[-87.7457,41.8878],[-87.7454,41.8878]],[[-87.668,41.9164],[-87.6684,41.9169],[-87.6686,41.9172],[-87.6689,41.9175],[-87.6693,41.9178]],[[-87.6695,41.918],[-87.67,41.9184],[-87.6705,41.9187],[-87.6709,41.919],[-87.6721,41.9196],[-87.6736,41.9205],[-87.6751,41.9213]],[[-87.6693,41.9178],[-87.6695,41.918]],[[-87.7442,41.9607],[-87.7384,41.9574]],[[-87.6693,41.918],[-87.6691,41.9178]],[[-87.6685,41.918],[-87.6684,41.9178]],[[-87.6665,41.9145],[-87.6669,41.9151],[-87.6675,41.9161]],[[-87.6684,41.9178],[-87.6685,41.918]],[[-87.6676,41.9161],[-87.6674,41.9157],[-87.6669,41.915]],[[-87.6689,41.919],[-87.6685,41.918]],[[-87.6675,41.9161],[-87.6671,41.9155],[-87.6667,41.9148],[-87.6661,41.9139]],[[-87.6655,41.9129],[-87.6651,41.9122],[-87.6645,41.9112],[-87.6642,41.9108]],[[-87.6642,41.9108],[-87.6641,41.9106]],[[-87.6641,41.9108],[-87.664,41.9106]],[[-87.6603,41.9036],[-87.6604,41.9045],[-87.6604,41.9052],[-87.6605,41.9057],[-87.6606,41.906],[-87.6607,41.9064],[-87.6609,41.9068],[-87.6611,41.9071],[-87.6613,41.9074],[-87.6616,41.9078],[-87.662,41.9082],[-87.6625,41.9087],[-87.663,41.9092],[-87.6633,41.9096],[-87.6637,41.9101],[-87.664,41.9106]],[[-87.664,41.9106],[-87.6642,41.9108]],[[-87.6603,41.9033],[-87.6603,41.9036]],[[-87.6532,41.8981],[-87.6536,41.8982],[-87.6541,41.8983],[-87.655,41.8985],[-87.6558,41.8987],[-87.6563,41.8989],[-87.6565,41.8989]],[[-87.6604,41.9033],[-87.6604,41.9036]],[[-87.6661,41.9139],[-87.6657,41.9133],[-87.6648,41.9119],[-87.6641,41.9108]],[[-87.6641,41.9106],[-87.6637,41.9101],[-87.6634,41.9096],[-87.663,41.9092],[-87.6622,41.9083],[-87.6616,41.9077],[-87.6612,41.9072],[-87.661,41.9068],[-87.6608,41.9064],[-87.6606,41.906],[-87.6605,41.9055],[-87.6605,41.905],[-87.6604,41.9041],[-87.6604,41.9036]],[[-87.6604,41.9036],[-87.6604,41.9033]],[[-87.6532,41.8982],[-87.6536,41.8983],[-87.6545,41.8985],[-87.6555,41.8987],[-87.656,41.8988],[-87.6565,41.899]],[[-87.664,41.9106],[-87.6636,41.91],[-87.6633,41.9096],[-87.663,41.9093],[-87.6622,41.9085],[-87.6618,41.908],[-87.6614,41.9076],[-87.6611,41.9073],[-87.6609,41.9068],[-87.6607,41.9064],[-87.6605,41.906],[-87.6604,41.9055],[-87.6604,41.905],[-87.6603,41.9039],[-87.6603,41.9036]],[[-87.6603,41.9036],[-87.6603,41.9033]],[[-87.673,41.9286],[-87.6728,41.928],[-87.6728,41.9278]],[[-87.6728,41.9278],[-87.6726,41.9274]],[[-87.6726,41.9274],[-87.6724,41.9268],[-87.6719,41.9258],[-87.6717,41.9252]],[[-87.6717,41.9252],[-87.6716,41.925]],[[-87.6735,41.9361],[-87.6735,41.9359]],[[-87.6735,41.9359],[-87.6734,41.9335],[-87.6734,41.9324]],[[-87.6734,41.9324],[-87.6734,41.9322]],[[-87.6734,41.9322],[-87.6733,41.9309],[-87.6733,41.9302],[-87.6732,41.9296],[-87.6731,41.9289],[-87.673,41.9288]],[[-87.673,41.9288],[-87.673,41.9286]],[[-87.6716,41.925],[-87.6712,41.9241],[-87.6709,41.9235],[-87.6706,41.9227]],[[-87.6736,41.9397],[-87.6736,41.9395]],[[-87.6736,41.9395],[-87.6736,41.9379]],[[-87.6736,41.9379],[-87.6736,41.9377]],[[-87.6736,41.9377],[-87.6735,41.9361]],[[-87.6737,41.9432],[-87.6737,41.9416]],[[-87.6737,41.9416],[-87.6737,41.9414]],[[-87.6737,41.9414],[-87.6736,41.9406]],[[-87.6736,41.9406],[-87.6736,41.9405]],[[-87.6736,41.9405],[-87.6736,41.9397]],[[-87.6738,41.9473],[-87.6738,41.9468]],[[-87.6738,41.9468],[-87.6738,41.9452]],[[-87.6738,41.9452],[-87.6738,41.945]],[[-87.6738,41.945],[-87.6737,41.9434]],[[-87.6737,41.9434],[-87.6737,41.9432]],[[-87.6742,41.9578],[-87.6741,41.9564],[-87.6741,41.9544]],[[-87.6741,41.9544],[-87.6741,41.9541]],[[-87.6741,41.9541],[-87.674,41.9519],[-87.674,41.9507]],[[-87.674,41.9507],[-87.674,41.9505]],[[-87.674,41.9505],[-87.6739,41.9495],[-87.6738,41.9479],[-87.6738,41.9473]],[[-87.6743,41.9635],[-87.6743,41.9632]],[[-87.6743,41.9632],[-87.6743,41.9617]],[[-87.6743,41.9617],[-87.6743,41.9614]],[[-87.6743,41.9614],[-87.6742,41.9597],[-87.6742,41.958]],[[-87.6742,41.958],[-87.6742,41.9578]],[[-87.6745,41.9687],[-87.6744,41.9671]],[[-87.6744,41.9653],[-87.6744,41.965]],[[-87.6744,41.965],[-87.6743,41.9635]],[[-87.6747,41.9762],[-87.6747,41.976]],[[-87.6747,41.976],[-87.6746,41.9744],[-87.6746,41.9735]],[[-87.6746,41.9735],[-87.6746,41.9733]],[[-87.6746,41.9733],[-87.6746,41.9716],[-87.6745,41.9697],[-87.6745,41.969]],[[-87.6745,41.969],[-87.6745,41.9687]],[[-87.6749,41.9866],[-87.6749,41.9853],[-87.6748,41.9834]],[[-87.6748,41.9834],[-87.6748,41.9832]],[[-87.6748,41.9832],[-87.6748,41.9823],[-87.6748,41.9799]],[[-87.6748,41.9799],[-87.6748,41.9796]],[[-87.6748,41.9796],[-87.6747,41.9775],[-87.6747,41.9762]],[[-87.675,41.9922],[-87.675,41.992]],[[-87.675,41.992],[-87.675,41.9909]],[[-87.675,41.9909],[-87.675,41.9906]],[[-87.675,41.9906],[-87.675,41.9889],[-87.6749,41.9868]],[[-87.6749,41.9868],[-87.6749,41.9866]],[[-87.6752,41.9979],[-87.6751,41.9957]],[[-87.6751,41.9957],[-87.6751,41.9955]],[[-87.6751,41.9955],[-87.6751,41.9944]],[[-87.6751,41.9944],[-87.6751,41.9943]],[[-87.6751,41.9943],[-87.675,41.9922]],[[-87.6752,41.9955],[-87.6752,41.9957]],[[-87.6752,41.9957],[-87.6753,41.9979]],[[-87.6753,41.9979],[-87.6753,41.9981]],[[-87.6754,42.0052],[-87.6752,41.9981]],[[-87.6752,41.9981],[-87.6752,41.9979]],[[-87.6751,41.9909],[-87.6751,41.992]],[[-87.6751,41.992],[-87.6751,41.9922]],[[-87.6751,41.9922],[-87.6752,41.9943]],[[-87.6752,41.9943],[-87.6752,41.9944]],[[-87.6752,41.9944],[-87.6752,41.9955]],[[-87.6748,41.9832],[-87.6749,41.9834]],[[-87.6749,41.9834],[-87.6749,41.9852],[-87.6749,41.9866]],[[-87.6749,41.9866],[-87.6749,41.9868]],[[-87.6749,41.9868],[-87.6751,41.9906]],[[-87.6751,41.9906],[-87.6751,41.9909]],[[-87.6747,41.9735],[-87.6747,41.976]],[[-87.6747,41.976],[-87.6747,41.9762]],[[-87.6747,41.9762],[-87.6748,41.9796]],[[-87.6748,41.9796],[-87.6748,41.9799]],[[-87.6748,41.9799],[-87.6748,41.9822],[-87.6748,41.9832]],[[-87.6745,41.9687],[-87.6745,41.969]],[[-87.6745,41.969],[-87.6747,41.9733]],[[-87.6747,41.9733],[-87.6747,41.9735]],[[-87.6743,41.9617],[-87.6744,41.9632]],[[-87.6744,41.9632],[-87.6744,41.9635]],[[-87.6744,41.9635],[-87.6744,41.965]],[[-87.6744,41.965],[-87.6744,41.9653]],[[-87.6745,41.9671],[-87.6745,41.9687]],[[-87.6741,41.9541],[-87.6741,41.9544]],[[-87.6741,41.9544],[-87.6742,41.9566],[-87.6742,41.9578]],[[-87.6742,41.9578],[-87.6742,41.958]],[[-87.6742,41.958],[-87.6743,41.9614]],[[-87.6743,41.9614],[-87.6743,41.9617]],[[-87.6738,41.9452],[-87.6739,41.9468]],[[-87.6739,41.9468],[-87.6739,41.9473]],[[-87.6739,41.9473],[-87.6739,41.9481],[-87.674,41.9499],[-87.674,41.9505]],[[-87.674,41.9505],[-87.674,41.9507]],[[-87.674,41.9507],[-87.6741,41.9533],[-87.6741,41.9541]],[[-87.6737,41.9414],[-87.6737,41.9416]],[[-87.6737,41.9416],[-87.6737,41.9432]],[[-87.6737,41.9432],[-87.6738,41.9434]],[[-87.6738,41.9434],[-87.6738,41.945]],[[-87.6738,41.945],[-87.6738,41.9452]],[[-87.6736,41.9379],[-87.6736,41.9395]],[[-87.6736,41.9395],[-87.6737,41.9397]],[[-87.6737,41.9397],[-87.6737,41.9405]],[[-87.6737,41.9405],[-87.6737,41.9406]],[[-87.6737,41.9406],[-87.6737,41.9414]],[[-87.6734,41.9322],[-87.6734,41.9324]],[[-87.6734,41.9324],[-87.6735,41.9349],[-87.6735,41.9359]],[[-87.6735,41.9359],[-87.6735,41.9361]],[[-87.6735,41.9361],[-87.6736,41.9377]],[[-87.6736,41.9377],[-87.6736,41.9379]],[[-87.6717,41.9252],[-87.6722,41.9263],[-87.6724,41.9268],[-87.6727,41.9274]],[[-87.6727,41.9274],[-87.6728,41.9278]],[[-87.6728,41.9278],[-87.673,41.9284],[-87.6731,41.9286]],[[-87.6731,41.9286],[-87.6731,41.9288]],[[-87.6731,41.9288],[-87.6732,41.9292],[-87.6732,41.9296],[-87.6733,41.9301],[-87.6734,41.9305],[-87.6734,41.9311],[-87.6734,41.9322]],[[-87.6706,41.9227],[-87.671,41.9235],[-87.6712,41.924],[-87.6716,41.925]],[[-87.6716,41.925],[-87.6717,41.9252]],[[-87.6884,42.0523],[-87.6899,42.0541],[-87.6912,42.0557]],[[-87.6701,41.9214],[-87.6702,41.9216]],[[-87.6702,41.9216],[-87.6704,41.9221]],[[-87.6704,41.9221],[-87.6706,41.9226],[-87.6706,41.9227]],[[-87.6701,41.9216],[-87.67,41.9215]],[[-87.6706,41.9227],[-87.6704,41.9222],[-87.6703,41.9221]],[[-87.6692,41.9194],[-87.6697,41.9207],[-87.6701,41.9214]],[[-87.6703,41.9221],[-87.6701,41.9216]],[[-87.67,41.9215],[-87.6693,41.92],[-87.6691,41.9194]],[[-87.6691,41.9194],[-87.6689,41.919]],[[-87.669,41.919],[-87.6692,41.9194]],[[-87.6685,41.918],[-87.669,41.919]],[[-87.6755,42.0077],[-87.6754,42.0066]],[[-87.6754,42.0066],[-87.6754,42.0065]],[[-87.6754,42.0065],[-87.6754,42.0054]],[[-87.6754,42.0054],[-87.6754,42.0052]],[[-87.6756,42.0103],[-87.6755,42.0101]],[[-87.6755,42.0101],[-87.6755,42.009]],[[-87.6755,42.009],[-87.6755,42.0089]],[[-87.6755,42.0089],[-87.6755,42.0078]],[[-87.6755,42.0078],[-87.6755,42.0077]],[[-87.6756,42.0127],[-87.6756,42.0125]],[[-87.6756,42.0125],[-87.6756,42.0115]],[[-87.6756,42.0115],[-87.6756,42.0113]],[[-87.6756,42.0113],[-87.6756,42.0103]],[[-87.6768,42.0193],[-87.6765,42.018]],[[-87.6765,42.018],[-87.6765,42.0178]],[[-87.6765,42.0178],[-87.676,42.0158]],[[-87.676,42.0158],[-87.676,42.0156]],[[-87.676,42.0156],[-87.6758,42.0143],[-87.6757,42.0133],[-87.6756,42.0127]],[[-87.6787,42.0274],[-87.6786,42.0272]],[[-87.6786,42.0272],[-87.6777,42.023]],[[-87.6777,42.023],[-87.6777,42.0229]],[[-87.6777,42.0229],[-87.6773,42.0212],[-87.677,42.0201],[-87.6769,42.0195]],[[-87.6769,42.0195],[-87.6768,42.0193]],[[-87.6802,42.0339],[-87.68,42.0329],[-87.68,42.0329]],[[-87.68,42.0329],[-87.6799,42.0327]],[[-87.6799,42.0327],[-87.6797,42.0318]],[[-87.6797,42.0318],[-87.6797,42.0316]],[[-87.6797,42.0316],[-87.679,42.0287],[-87.6787,42.0274]],[[-87.6818,42.0411],[-87.6811,42.0377]],[[-87.6811,42.0377],[-87.681,42.0375]],[[-87.681,42.0375],[-87.6802,42.034]],[[-87.6802,42.034],[-87.6802,42.0339]],[[-87.6833,42.0457],[-87.6832,42.0455]],[[-87.6832,42.0455],[-87.6829,42.0448],[-87.6827,42.0442]],[[-87.6827,42.0442],[-87.6826,42.044]],[[-87.6826,42.044],[-87.6823,42.0432],[-87.6822,42.0428]],[[-87.6822,42.0428],[-87.6822,42.0426]],[[-87.6841,42.0469],[-87.6837,42.0464],[-87.6834,42.0459],[-87.6833,42.0457]],[[-87.6851,42.0484],[-87.6842,42.0472]],[[-87.6842,42.0472],[-87.6841,42.0469]],[[-87.6843,42.0472],[-87.6851,42.0484]],[[-87.6851,42.0484],[-87.6853,42.0486]],[[-87.6878,42.0517],[-87.6865,42.0501],[-87.6854,42.0488],[-87.6852,42.0486]],[[-87.6852,42.0486],[-87.6851,42.0484]],[[-87.6827,42.0442],[-87.6829,42.0448],[-87.6832,42.0455]],[[-87.6832,42.0455],[-87.6833,42.0457]],[[-87.6833,42.0457],[-87.6835,42.046],[-87.6838,42.0464],[-87.6841,42.0469]],[[-87.6841,42.0469],[-87.6843,42.0472]],[[-87.6811,42.0375],[-87.6811,42.0377]],[[-87.6819,42.0413],[-87.6822,42.0426]],[[-87.6822,42.0426],[-87.6823,42.0428]],[[-87.6823,42.0428],[-87.6825,42.0436],[-87.6826,42.044]],[[-87.6826,42.044],[-87.6827,42.0442]],[[-87.6798,42.0318],[-87.68,42.0327]],[[-87.68,42.0327],[-87.68,42.0329]],[[-87.68,42.0329],[-87.6802,42.0338],[-87.6802,42.0339]],[[-87.6802,42.0339],[-87.6803,42.034]],[[-87.6803,42.034],[-87.6811,42.0375]],[[-87.6777,42.0229],[-87.6777,42.023]],[[-87.6777,42.023],[-87.6787,42.0272]],[[-87.6787,42.0272],[-87.6787,42.0274]],[[-87.6787,42.0274],[-87.679,42.0287],[-87.6797,42.0316]],[[-87.6797,42.0316],[-87.6798,42.0318]],[[-87.6761,42.0158],[-87.6765,42.0178]],[[-87.6765,42.0178],[-87.6766,42.018]],[[-87.6766,42.018],[-87.6769,42.0193]],[[-87.6769,42.0193],[-87.6769,42.0195]],[[-87.6769,42.0195],[-87.6774,42.0218],[-87.6777,42.0229]],[[-87.6756,42.0113],[-87.6756,42.0115]],[[-87.6756,42.0115],[-87.6757,42.0125]],[[-87.6757,42.0125],[-87.6757,42.0127]],[[-87.6757,42.0127],[-87.6758,42.0138],[-87.676,42.0152],[-87.676,42.0156]],[[-87.676,42.0156],[-87.6761,42.0158]],[[-87.6755,42.0078],[-87.6756,42.0089]],[[-87.6756,42.0089],[-87.6756,42.009]],[[-87.6756,42.009],[-87.6756,42.0101]],[[-87.6756,42.0101],[-87.6756,42.0103]],[[-87.6756,42.0103],[-87.6756,42.0113]],[[-87.6755,42.0052],[-87.6755,42.0054]],[[-87.6755,42.0054],[-87.6755,42.0065]],[[-87.6755,42.0065],[-87.6755,42.0066]],[[-87.6755,42.0066],[-87.6755,42.0077]],[[-87.6755,42.0077],[-87.6755,42.0078]],[[-87.6753,41.9981],[-87.6755,42.0052]],[[-87.6853,42.0486],[-87.6862,42.0497],[-87.6867,42.0503],[-87.6874,42.0512],[-87.6878,42.0516]],[[-87.6878,42.0516],[-87.6884,42.0523]],[[-87.6912,42.0557],[-87.6902,42.0545],[-87.6888,42.0529],[-87.6883,42.0523]],[[-87.6883,42.0523],[-87.6878,42.0517]],[[-87.6935,42.0584],[-87.6933,42.0583]],[[-87.6912,42.0557],[-87.6914,42.0559]],[[-87.6933,42.0583],[-87.6913,42.0559]],[[-87.6913,42.0559],[-87.6912,42.0557]],[[-87.6935,42.0584],[-87.6941,42.0591]],[[-87.6914,42.0559],[-87.6922,42.0568],[-87.6934,42.0582],[-87.6934,42.0583]],[[-87.6934,42.0583],[-87.6935,42.0584]],[[-87.6941,42.0591],[-87.6935,42.0584]],[[-87.6942,42.0593],[-87.6954,42.0606],[-87.6966,42.0621]],[[-87.6941,42.0591],[-87.6942,42.0593]],[[-87.6966,42.0621],[-87.6952,42.0605],[-87.6945,42.0596],[-87.6942,42.0593]],[[-87.6942,42.0593],[-87.6941,42.0591]],[[-87.7001,42.0663],[-87.6985,42.0644]],[[-87.6985,42.0644],[-87.6984,42.0642]],[[-87.6966,42.0621],[-87.6968,42.0623]],[[-87.6984,42.0642],[-87.6967,42.0623]],[[-87.6967,42.0623],[-87.6966,42.0621]],[[-87.7001,42.0663],[-87.7002,42.0664]],[[-87.7228,42.0935],[-87.7201,42.0903],[-87.7168,42.0862],[-87.7167,42.086],[-87.715,42.084],[-87.7128,42.0815],[-87.7118,42.0803],[-87.7108,42.079],[-87.7106,42.0788],[-87.7095,42.0776],[-87.7088,42.0767],[-87.7087,42.0766],[-87.7079,42.0756],[-87.7078,42.0755],[-87.7064,42.0739],[-87.7063,42.0737],[-87.7049,42.072],[-87.7023,42.0689],[-87.7008,42.0672],[-87.7002,42.0664]],[[-87.7002,42.0664],[-87.7001,42.0663]],[[-87.6968,42.0623],[-87.6978,42.0635],[-87.6984,42.0642]],[[-87.6984,42.0642],[-87.6986,42.0644]],[[-87.7002,42.0664],[-87.7015,42.0679],[-87.7034,42.0702],[-87.705,42.0721],[-87.7064,42.0738],[-87.7075,42.0751],[-87.7078,42.0754],[-87.7079,42.0756],[-87.7088,42.0766],[-87.7094,42.0773],[-87.7106,42.0788],[-87.7108,42.0789],[-87.7118,42.0802],[-87.712,42.0804],[-87.7129,42.0815],[-87.715,42.084],[-87.7167,42.086],[-87.7184,42.0881],[-87.7197,42.0897]],[[-87.6986,42.0644],[-87.6996,42.0656],[-87.7001,42.0663]],[[-87.6777,41.9228],[-87.6779,41.923]],[[-87.6755,41.9215],[-87.6777,41.9228]],[[-87.6751,41.9213],[-87.6755,41.9215]],[[-87.688,41.9287],[-87.6907,41.9302],[-87.6928,41.9314],[-87.6939,41.932]],[[-87.6876,41.9284],[-87.688,41.9287]],[[-87.6817,41.9251],[-87.6843,41.9266],[-87.6869,41.928],[-87.6876,41.9284]],[[-87.6813,41.9249],[-87.6817,41.9251]],[[-87.6779,41.923],[-87.6813,41.9249]],[[-87.7025,41.9369],[-87.7028,41.9371]],[[-87.6978,41.9342],[-87.7003,41.9357],[-87.7025,41.9369]],[[-87.6975,41.9341],[-87.6978,41.9342]],[[-87.6943,41.9322],[-87.6967,41.9336],[-87.6975,41.9341]],[[-87.6939,41.932],[-87.6943,41.9322]],[[-87.7078,41.9399],[-87.7124,41.9425]],[[-87.7075,41.9397],[-87.7078,41.9399]],[[-87.707,41.9395],[-87.7075,41.9397]],[[-87.7066,41.9393],[-87.707,41.9395]],[[-87.7028,41.9371],[-87.7057,41.9387],[-87.7066,41.9393]],[[-87.7192,41.9464],[-87.7196,41.9466]],[[-87.7187,41.9461],[-87.7192,41.9464]],[[-87.7171,41.9452],[-87.7187,41.9461]],[[-87.7128,41.9427],[-87.7171,41.9452]],[[-87.7124,41.9425],[-87.7128,41.9427]],[[-87.7322,41.9538],[-87.7323,41.9538]],[[-87.7317,41.9535],[-87.7322,41.9538]],[[-87.7277,41.9512],[-87.7315,41.9533],[-87.7317,41.9535]],[[-87.7274,41.951],[-87.7277,41.9512]],[[-87.7196,41.9466],[-87.7274,41.951]],[[-87.7384,41.9574],[-87.7381,41.9572]],[[-87.7384,41.9573],[-87.7444,41.9607]],[[-87.738,41.9571],[-87.7384,41.9573]],[[-87.7327,41.954],[-87.738,41.9571]],[[-87.7323,41.9538],[-87.7327,41.954]],[[-87.7315,41.9535],[-87.7294,41.9523],[-87.7277,41.9513]],[[-87.732,41.9538],[-87.7315,41.9535]],[[-87.7323,41.9539],[-87.732,41.9538]],[[-87.7327,41.9541],[-87.7323,41.9539]],[[-87.7381,41.9572],[-87.7327,41.9541]],[[-87.7188,41.9463],[-87.7172,41.9454]],[[-87.719,41.9464],[-87.7188,41.9463]],[[-87.7193,41.9466],[-87.719,41.9464]],[[-87.7274,41.9511],[-87.7193,41.9466]],[[-87.7277,41.9513],[-87.7274,41.9511]],[[-87.7075,41.9399],[-87.7068,41.9395]],[[-87.7078,41.94],[-87.7075,41.9399]],[[-87.7124,41.9427],[-87.7078,41.94]],[[-87.7128,41.9428],[-87.7124,41.9427]],[[-87.7172,41.9454],[-87.7146,41.9439],[-87.7128,41.9428]],[[-87.6978,41.9344],[-87.6975,41.9342]],[[-87.7025,41.937],[-87.7002,41.9357],[-87.6991,41.9351],[-87.6978,41.9344]],[[-87.7028,41.9372],[-87.7025,41.937]],[[-87.7064,41.9393],[-87.704,41.9379],[-87.7028,41.9372]],[[-87.7068,41.9395],[-87.7064,41.9393]],[[-87.6876,41.9286],[-87.6859,41.9276],[-87.6847,41.9269],[-87.6836,41.9263],[-87.6815,41.9251]],[[-87.688,41.9288],[-87.6876,41.9286]],[[-87.6937,41.932],[-87.6912,41.9306],[-87.6884,41.929],[-87.688,41.9288]],[[-87.6941,41.9322],[-87.6937,41.932]],[[-87.6975,41.9342],[-87.6953,41.9329],[-87.6941,41.9322]],[[-87.6753,41.9215],[-87.6749,41.9213]],[[-87.6777,41.9229],[-87.6753,41.9215]],[[-87.6779,41.9231],[-87.6777,41.9229]],[[-87.6811,41.9249],[-87.6779,41.9231]],[[-87.6815,41.9251],[-87.6811,41.9249]],[[-87.6749,41.9213],[-87.6726,41.92],[-87.6705,41.9188],[-87.6699,41.9184],[-87.6693,41.918]],[[-87.7508,41.9644],[-87.7505,41.9643]],[[-87.7505,41.9643],[-87.7486,41.9632],[-87.7481,41.9629]],[[-87.7507,41.9643],[-87.751,41.9644]],[[-87.751,41.9644],[-87.7516,41.9647],[-87.7524,41.9652]],[[-87.7548,41.9667],[-87.7527,41.9655]],[[-87.7524,41.9653],[-87.7512,41.9646],[-87.7508,41.9644]],[[-87.7527,41.9655],[-87.7524,41.9653]],[[-87.7481,41.9629],[-87.7479,41.9628]],[[-87.7527,41.9654],[-87.7549,41.9666]],[[-87.7479,41.9627],[-87.7481,41.9628]],[[-87.7481,41.9628],[-87.7498,41.9638],[-87.7507,41.9643]],[[-87.7524,41.9652],[-87.7527,41.9654]],[[-87.7249,41.9191],[-87.7256,41.9205],[-87.7258,41.9207]],[[-87.7248,41.9189],[-87.7249,41.9191]],[[-87.7242,41.9177],[-87.7246,41.9185],[-87.7248,41.9189]],[[-87.7239,41.9171],[-87.724,41.9173]],[[-87.7276,41.9243],[-87.7278,41.9246]],[[-87.7268,41.9228],[-87.7276,41.9243]],[[-87.7267,41.9226],[-87.7268,41.9228]],[[-87.7259,41.9209],[-87.7267,41.9226]],[[-87.7258,41.9207],[-87.7259,41.9209]],[[-87.7315,41.9318],[-87.7322,41.9332],[-87.7331,41.935],[-87.7341,41.9368],[-87.7352,41.9389]],[[-87.7314,41.9316],[-87.7315,41.9318]],[[-87.7296,41.9282],[-87.7303,41.9294],[-87.7309,41.9307],[-87.7314,41.9316]],[[-87.7295,41.928],[-87.7296,41.9282]],[[-87.7278,41.9246],[-87.7283,41.9256],[-87.729,41.927],[-87.7295,41.928]],[[-87.7389,41.9461],[-87.739,41.9463]],[[-87.7371,41.9427],[-87.738,41.9445],[-87.7389,41.9461]],[[-87.737,41.9425],[-87.7371,41.9427]],[[-87.7353,41.9391],[-87.7363,41.9411],[-87.737,41.9425]],[[-87.7352,41.9389],[-87.7353,41.9391]],[[-87.7428,41.9536],[-87.7437,41.9554],[-87.7446,41.9571],[-87.7455,41.9589],[-87.7461,41.9601],[-87.7464,41.9606]],[[-87.7426,41.9533],[-87.7428,41.9536]],[[-87.7406,41.9495],[-87.7413,41.9507],[-87.7421,41.9522],[-87.7425,41.9531],[-87.7426,41.9533]],[[-87.7404,41.9491],[-87.7406,41.9495]],[[-87.739,41.9463],[-87.7394,41.9472],[-87.7404,41.9491]],[[-87.7428,41.9536],[-87.7427,41.9533]],[[-87.7465,41.9606],[-87.7462,41.9601],[-87.7454,41.9587],[-87.7451,41.958],[-87.7446,41.957],[-87.7442,41.9562],[-87.7437,41.9552],[-87.7433,41.9546],[-87.7428,41.9536]],[[-87.7466,41.9608],[-87.7465,41.9606]],[[-87.7483,41.9643],[-87.7481,41.9638]],[[-87.7484,41.9645],[-87.7483,41.9643]],[[-87.739,41.9461],[-87.7381,41.9444],[-87.7374,41.9432],[-87.7372,41.9427]],[[-87.7391,41.9463],[-87.739,41.9461]],[[-87.7405,41.9491],[-87.7398,41.9477],[-87.7392,41.9465],[-87.7391,41.9463]],[[-87.7407,41.9495],[-87.7405,41.9491]],[[-87.7427,41.9533],[-87.7423,41.9525],[-87.7413,41.9506],[-87.7407,41.9495]],[[-87.7316,41.9318],[-87.7315,41.9316]],[[-87.7352,41.9389],[-87.7342,41.937],[-87.7328,41.9343],[-87.7316,41.9318]],[[-87.7353,41.9391],[-87.7352,41.9389]],[[-87.7371,41.9425],[-87.7363,41.9409],[-87.7353,41.9391]],[[-87.7372,41.9427],[-87.7371,41.9425]],[[-87.7277,41.9243],[-87.7269,41.9228]],[[-87.7278,41.9246],[-87.7277,41.9243]],[[-87.7296,41.928],[-87.7286,41.9261],[-87.7282,41.9254],[-87.7279,41.9247],[-87.7278,41.9246]],[[-87.7297,41.9282],[-87.7296,41.928]],[[-87.7315,41.9316],[-87.7303,41.9294],[-87.7297,41.9282]],[[-87.725,41.9191],[-87.7249,41.9189]],[[-87.7258,41.9207],[-87.725,41.9191]],[[-87.7259,41.9209],[-87.7258,41.9207]],[[-87.7268,41.9226],[-87.7259,41.9209]],[[-87.7269,41.9228],[-87.7268,41.9226]],[[-87.7239,41.9171],[-87.7233,41.9159]],[[-87.724,41.9173],[-87.7239,41.9171]],[[-87.7247,41.9186],[-87.724,41.9173]],[[-87.7481,41.9638],[-87.7478,41.9633]],[[-87.7473,41.9623],[-87.7472,41.9621]],[[-87.7477,41.9632],[-87.748,41.9637]],[[-87.7466,41.9611],[-87.7473,41.9623],[-87.7473,41.9624]],[[-87.7464,41.9606],[-87.7465,41.9608]],[[-87.7502,41.9679],[-87.7484,41.9645]],[[-87.7483,41.9643],[-87.7484,41.9645]],[[-87.748,41.9637],[-87.7483,41.9643]],[[-87.723,41.9155],[-87.7238,41.9169]],[[-87.6364,41.8256],[-87.6364,41.8249],[-87.6364,41.8243],[-87.6364,41.8238],[-87.6364,41.8228],[-87.6364,41.8219]],[[-87.6367,41.8091],[-87.6365,41.8101],[-87.6362,41.811],[-87.6361,41.8116],[-87.6361,41.8122],[-87.6361,41.8134],[-87.6362,41.8152],[-87.6362,41.8158],[-87.6362,41.8163],[-87.6361,41.8166]],[[-87.6387,41.8522],[-87.6387,41.8523]],[[-87.6388,41.8521],[-87.6387,41.8523]],[[-87.7107,41.7433],[-87.7115,41.7426]],[[-87.7025,41.7495],[-87.7031,41.7491],[-87.7038,41.7487],[-87.7044,41.7483],[-87.705,41.7479],[-87.7058,41.7473],[-87.7075,41.7459],[-87.7086,41.745],[-87.7104,41.7435],[-87.7107,41.7433]],[[-87.6832,41.7575],[-87.6837,41.7575],[-87.6843,41.7574],[-87.685,41.7573],[-87.6869,41.757],[-87.6875,41.7568],[-87.6879,41.7567],[-87.6886,41.7565],[-87.6888,41.7564],[-87.6907,41.7555],[-87.6935,41.7543],[-87.6963,41.7531],[-87.6972,41.7526],[-87.6979,41.7522],[-87.6992,41.7514],[-87.7009,41.7504],[-87.7018,41.7499]],[[-87.7018,41.7499],[-87.7025,41.7495]],[[-87.8645,41.8174],[-87.8663,41.817]],[[-87.8642,41.8175],[-87.8645,41.8174]],[[-87.8645,41.8173],[-87.8642,41.8174]],[[-87.8666,41.8169],[-87.8697,41.8162],[-87.8722,41.8157],[-87.8723,41.8156],[-87.8744,41.8152],[-87.8746,41.8151],[-87.8767,41.8146],[-87.8795,41.814],[-87.8797,41.814],[-87.8851,41.8127],[-87.8891,41.8119],[-87.8925,41.8111]],[[-87.8663,41.817],[-87.8666,41.8169]],[[-87.8662,41.8169],[-87.8645,41.8173]],[[-87.8665,41.8169],[-87.8662,41.8169]],[[-87.8925,41.811],[-87.8891,41.8118],[-87.8851,41.8127],[-87.8797,41.8139],[-87.8794,41.8139],[-87.8747,41.815],[-87.8745,41.8151],[-87.8724,41.8155],[-87.8722,41.8156],[-87.8699,41.8161],[-87.8696,41.8162],[-87.8665,41.8169]],[[-87.6604,41.9036],[-87.6605,41.9045],[-87.6605,41.9052],[-87.6606,41.9056],[-87.6607,41.906],[-87.6608,41.9065],[-87.661,41.9069],[-87.6613,41.9073],[-87.6616,41.9077],[-87.662,41.908],[-87.6626,41.9087],[-87.663,41.9091],[-87.6633,41.9094],[-87.6636,41.9098],[-87.6641,41.9106]],[[-87.6669,41.9149],[-87.6661,41.9138],[-87.6655,41.9129]],[[-87.6641,41.9106],[-87.6643,41.9108]],[[-87.6643,41.9108],[-87.665,41.9119]],[[-87.7212,41.9117],[-87.7208,41.9109]],[[-87.6393,41.8514],[-87.6394,41.8513]],[[-87.637,41.862],[-87.637,41.8614],[-87.637,41.8609],[-87.637,41.8606],[-87.637,41.8604],[-87.637,41.86],[-87.637,41.8598]],[[-87.6369,41.8535],[-87.637,41.8538],[-87.637,41.8541],[-87.637,41.8543]],[[-87.637,41.855],[-87.637,41.8553]],[[-88.02,41.7955],[-88.0178,41.7955],[-88.0163,41.7955],[-88.0147,41.7955],[-88.0119,41.7955],[-88.0106,41.7955],[-88.0103,41.7955],[-88.0069,41.7955],[-88.0046,41.7955],[-88.0038,41.7955],[-88.0014,41.7955],[-87.9996,41.7955],[-87.9951,41.7955],[-87.9947,41.7955],[-87.9899,41.7955],[-87.9879,41.7955],[-87.9862,41.7955],[-87.9844,41.7955],[-87.9826,41.7955],[-87.9787,41.7956],[-87.9768,41.7956],[-87.9755,41.7956],[-87.9753,41.7956],[-87.9697,41.7956],[-87.9677,41.7956],[-87.9637,41.7956],[-87.9624,41.7956],[-87.9619,41.7957],[-87.9605,41.7958],[-87.9595,41.796],[-87.9574,41.7964],[-87.9545,41.797],[-87.9507,41.7979],[-87.9471,41.7987],[-87.9452,41.7991],[-87.9433,41.7995],[-87.9392,41.8005],[-87.934,41.8016],[-87.9308,41.8024],[-87.9305,41.8024],[-87.9293,41.8027],[-87.9284,41.8029],[-87.9272,41.8032],[-87.9259,41.8035],[-87.9246,41.8038],[-87.9212,41.8045],[-87.9201,41.8048]],[[-87.8816,41.9985],[-87.8817,41.9987]],[[-88.0336,41.884],[-88.0347,41.8839]],[[-88.0185,41.8865],[-88.0212,41.8857],[-88.0217,41.8855],[-88.0222,41.8854],[-88.0228,41.8852],[-88.0234,41.8851],[-88.0238,41.8851],[-88.024,41.8851],[-88.0246,41.885],[-88.0283,41.8846],[-88.0291,41.8845],[-88.0298,41.8844],[-88.0315,41.8843],[-88.0325,41.8842],[-88.0336,41.884]],[[-88.0347,41.884],[-88.0337,41.8841]],[[-88.0364,41.8837],[-88.0368,41.8837]],[[-88.0347,41.8839],[-88.0358,41.8838],[-88.0364,41.8837]],[[-88.0368,41.8838],[-88.0363,41.8838]],[[-88.0363,41.8838],[-88.0354,41.8839],[-88.0347,41.884]],[[-87.6179,41.8577],[-87.6177,41.8572],[-87.6177,41.8575],[-87.6178,41.8577],[-87.6179,41.8578],[-87.6179,41.8578],[-87.6179,41.8577]],[[-87.9854,41.9659],[-87.9789,41.9638],[-87.9775,41.9633],[-87.9763,41.9629],[-87.9756,41.9626],[-87.9749,41.9624],[-87.9741,41.9622],[-87.9735,41.962],[-87.9729,41.9618],[-87.9721,41.9616],[-87.9713,41.9615],[-87.9706,41.9614],[-87.9697,41.9612],[-87.9548,41.959],[-87.9492,41.9581],[-87.9424,41.9571],[-87.9403,41.9568],[-87.9396,41.9567],[-87.9374,41.9563],[-87.9335,41.9557],[-87.9321,41.9555],[-87.9311,41.9554],[-87.9292,41.9551],[-87.9267,41.9547],[-87.9254,41.9544],[-87.9228,41.9539],[-87.9196,41.9531],[-87.9158,41.9521],[-87.9142,41.9517],[-87.9107,41.9509],[-87.9077,41.9501],[-87.9044,41.9493],[-87.9007,41.9483],[-87.8988,41.9478],[-87.8964,41.9469],[-87.8946,41.9462],[-87.8925,41.9453],[-87.8904,41.9444],[-87.8889,41.9438]],[[-87.8548,41.9337],[-87.8568,41.9338],[-87.8573,41.9339],[-87.8577,41.9339],[-87.8581,41.934],[-87.8588,41.9342],[-87.8611,41.9349],[-87.8619,41.9351],[-87.8644,41.9359]],[[-87.984,42.0842],[-87.983,42.0838],[-87.984,42.0842]],[[-87.984,42.0843],[-87.9831,42.084],[-87.984,42.0844],[-87.984,42.0843]],[[-88.0249,41.9734],[-88.0241,41.9733]],[[-88.0376,41.9755],[-88.0363,41.9753],[-88.0317,41.9745],[-88.0314,41.9745],[-88.0266,41.9737],[-88.0249,41.9734]],[[-87.6401,41.8604],[-87.6422,41.8605],[-87.6432,41.8605],[-87.644,41.8605],[-87.645,41.8605],[-87.6461,41.8605],[-87.6473,41.8605],[-87.6475,41.8605]],[[-87.6374,41.8675],[-87.6373,41.8666],[-87.6372,41.8658],[-87.6371,41.8653],[-87.6371,41.8647],[-87.6371,41.8637],[-87.6371,41.8628],[-87.637,41.8621],[-87.6371,41.8618],[-87.6371,41.8616],[-87.6373,41.8613],[-87.6374,41.8611],[-87.6376,41.8609],[-87.6379,41.8607],[-87.6382,41.8605],[-87.6386,41.8604],[-87.6389,41.8603],[-87.6393,41.8603],[-87.6401,41.8603]],[[-87.6664,41.8601],[-87.6716,41.86],[-87.6736,41.86],[-87.6743,41.8599],[-87.6753,41.8598],[-87.6777,41.8595],[-87.6805,41.8591],[-87.6814,41.8589],[-87.682,41.8588],[-87.6828,41.8585],[-87.6839,41.8582],[-87.6862,41.8575],[-87.687,41.8573],[-87.6879,41.857]],[[-87.7402,41.603],[-87.7409,41.6024]],[[-87.7364,41.6062],[-87.7367,41.606]],[[-87.7435,41.6002],[-87.7413,41.6021],[-87.7402,41.603]],[[-87.7367,41.6059],[-87.7365,41.6061]],[[-87.9853,41.966],[-87.9857,41.9661]],[[-87.788,42.0407],[-87.788,42.0408],[-87.7881,42.041],[-87.7891,42.0429],[-87.7902,42.0449],[-87.7936,42.0515],[-87.7949,42.054],[-87.7955,42.0551]],[[-87.7955,42.0551],[-87.7956,42.0554]],[[-87.7996,42.063],[-87.7999,42.0635]],[[-87.7956,42.0554],[-87.7967,42.0575],[-87.7974,42.0588],[-87.7975,42.0589],[-87.7983,42.0605],[-87.7996,42.063]],[[-87.6141,41.6774],[-87.6157,41.6704],[-87.6171,41.6642],[-87.6173,41.6633],[-87.6177,41.6616],[-87.6188,41.6569],[-87.6191,41.6558],[-87.6193,41.655],[-87.6196,41.654],[-87.6199,41.6533],[-87.6202,41.6526],[-87.6206,41.6519]],[[-87.6058,41.7132],[-87.6057,41.7137]],[[-87.6058,41.7137],[-87.6059,41.7132]],[[-87.6004,41.7368],[-87.5986,41.7448],[-87.5961,41.7555],[-87.5938,41.7658],[-87.5932,41.7684],[-87.5927,41.7703],[-87.5924,41.7718],[-87.5923,41.7725],[-87.5922,41.7729]],[[-87.6214,41.6503],[-87.6206,41.6518]],[[-87.6206,41.6518],[-87.6202,41.6525],[-87.6197,41.6535],[-87.6193,41.6545],[-87.6191,41.6554],[-87.6189,41.6561],[-87.6173,41.6632],[-87.6138,41.6784]],[[-87.6206,41.6519],[-87.6214,41.6504]],[[-87.6214,41.6504],[-87.6221,41.649]],[[-87.6478,41.6008],[-87.6466,41.6029],[-87.6449,41.6062],[-87.6442,41.6075],[-87.6416,41.6123],[-87.6404,41.6146],[-87.6376,41.6199],[-87.6352,41.6243],[-87.6345,41.6257]],[[-87.6345,41.6257],[-87.6341,41.6264]],[[-87.7607,41.9882],[-87.7617,41.9901],[-87.7623,41.9913],[-87.7644,41.9953],[-87.7645,41.9955],[-87.765,41.9964],[-87.7651,41.9966],[-87.7654,41.9972],[-87.7655,41.9974],[-87.7659,41.9982],[-87.7664,41.9992],[-87.7709,42.0079],[-87.7724,42.0107],[-87.773,42.0119],[-87.7731,42.0121],[-87.774,42.0138],[-87.7766,42.0188],[-87.7768,42.0192],[-87.777,42.0196],[-87.778,42.0216],[-87.7805,42.0264],[-87.7812,42.0277],[-87.7827,42.0306],[-87.784,42.033]],[[-87.7878,42.0404],[-87.788,42.0407]],[[-87.8269,41.8258],[-87.8257,41.826]],[[-87.8289,41.8253],[-87.8286,41.8254]],[[-87.8286,41.8254],[-87.8269,41.8258]],[[-87.8411,41.8226],[-87.8344,41.8241],[-87.8342,41.8241],[-87.8289,41.8253]],[[-87.743,41.8878],[-87.7405,41.8878]],[[-87.7405,41.8877],[-87.743,41.8877]],[[-87.8411,41.8226],[-87.8415,41.8225]],[[-87.606,41.7128],[-87.6091,41.6994],[-87.6108,41.6918],[-87.6114,41.689],[-87.6115,41.6886]],[[-87.6114,41.6888],[-87.6113,41.6893],[-87.6109,41.691],[-87.6105,41.6927],[-87.6089,41.6997],[-87.6059,41.7128]],[[-87.8708,41.9658],[-87.8708,41.9656]],[[-87.868,41.9575],[-87.8668,41.9557],[-87.8663,41.9549],[-87.8661,41.9545],[-87.866,41.9542],[-87.8657,41.9536],[-87.8649,41.9513],[-87.8641,41.9489],[-87.8637,41.948],[-87.8633,41.9468],[-87.8623,41.944],[-87.8612,41.941],[-87.8603,41.9384],[-87.8598,41.937],[-87.8597,41.9368],[-87.8594,41.9358]],[[-87.9123,41.8065],[-87.9115,41.8067]],[[-87.9416,41.6962],[-87.9407,41.697]],[[-87.8098,41.6794],[-87.8086,41.6806]],[[-87.8086,41.6806],[-87.8048,41.6842],[-87.8029,41.686],[-87.8019,41.6869],[-87.7981,41.6898]],[[-87.776,41.7068],[-87.7758,41.7069]],[[-87.7981,41.6898],[-87.7973,41.6904]],[[-87.7973,41.6904],[-87.7929,41.6938],[-87.788,41.6976],[-87.7795,41.7041],[-87.7793,41.7043],[-87.7786,41.7048],[-87.7775,41.7057],[-87.776,41.7068]],[[-87.7999,42.0635],[-87.8009,42.0656],[-87.804,42.0716],[-87.8041,42.0717],[-87.8047,42.0728]],[[-87.7634,41.9716],[-87.7627,41.9712],[-87.7621,41.9708],[-87.7616,41.9706],[-87.7617,41.9706],[-87.7617,41.9707],[-87.7621,41.9709],[-87.7621,41.9709],[-87.7621,41.9709],[-87.7634,41.9716],[-87.7634,41.9716]],[[-87.7634,41.9715],[-87.7634,41.9714],[-87.7634,41.9714],[-87.763,41.9712],[-87.7626,41.9709],[-87.7623,41.9708],[-87.7621,41.9707],[-87.7618,41.9705],[-87.7618,41.9705],[-87.7617,41.9705],[-87.7617,41.9705],[-87.7627,41.9711],[-87.7631,41.9713],[-87.7634,41.9715]],[[-87.7231,42.0938],[-87.7255,42.0966],[-87.7271,42.0986]],[[-87.7229,42.0935],[-87.7231,42.0938]],[[-87.7197,42.0897],[-87.7229,42.0935]],[[-87.6819,42.0413],[-87.6819,42.0411]],[[-87.6819,42.0413],[-87.6818,42.0411]],[[-87.6822,42.0426],[-87.6819,42.0413]],[[-87.6811,42.0377],[-87.6819,42.0411]],[[-87.9113,42.0519],[-87.9029,42.0482],[-87.9011,42.0473],[-87.8994,42.0466],[-87.8977,42.0458],[-87.8967,42.0454],[-87.8926,42.0435],[-87.8893,42.0421],[-87.8879,42.0415],[-87.8877,42.0414],[-87.8857,42.0405],[-87.8847,42.04],[-87.8843,42.0398],[-87.8839,42.0396],[-87.8835,42.0394],[-87.883,42.0391]],[[-87.9117,42.052],[-87.9135,42.0528],[-87.915,42.0535],[-87.9166,42.0542],[-87.9213,42.0563],[-87.9273,42.059],[-87.933,42.0615],[-87.9336,42.0617],[-87.9344,42.0621],[-87.9354,42.0625],[-87.9355,42.0626],[-87.9367,42.0631],[-87.9369,42.0632],[-87.9375,42.0635],[-87.9384,42.0639],[-87.9436,42.0662],[-87.9439,42.0664],[-87.9596,42.0734]],[[-87.9114,42.0518],[-87.9117,42.052]],[[-87.9117,42.0521],[-87.9113,42.0519]],[[-87.9597,42.0735],[-87.9596,42.0734]],[[-87.9596,42.0734],[-87.9598,42.0734]],[[-87.9843,42.0843],[-87.9859,42.0851],[-87.9843,42.0843]],[[-87.8831,42.0391],[-87.8835,42.0393],[-87.884,42.0396],[-87.8843,42.0397],[-87.8847,42.0399],[-87.8859,42.0404],[-87.8878,42.0413],[-87.888,42.0414],[-87.8893,42.0419],[-87.8895,42.042],[-87.8902,42.0423],[-87.8906,42.0426],[-87.892,42.0432],[-87.8956,42.0448],[-87.8968,42.0453],[-87.8978,42.0458],[-87.8995,42.0466],[-87.9011,42.0473],[-87.903,42.0481],[-87.9114,42.0518]],[[-87.9596,42.0734],[-87.9437,42.0664],[-87.9434,42.0662],[-87.9369,42.0633],[-87.9366,42.0632],[-87.9355,42.0627],[-87.9354,42.0627],[-87.9336,42.0619],[-87.9273,42.059],[-87.9213,42.0564],[-87.9178,42.0548],[-87.9149,42.0535],[-87.9117,42.0521],[-87.9117,42.0521]],[[-87.9843,42.0845],[-87.9859,42.0852],[-87.9854,42.085],[-87.9843,42.0845]],[[-87.8182,41.6712],[-87.8181,41.6713]],[[-87.8144,41.675],[-87.81,41.6792],[-87.8098,41.6794]],[[-87.8798,41.9934],[-87.8802,41.9948],[-87.8804,41.9951],[-87.8798,41.9935],[-87.8798,41.9934]],[[-87.7231,42.0938],[-87.7228,42.0935]],[[-87.7271,42.0986],[-87.7254,42.0966],[-87.7231,42.0938]],[[-87.7232,42.0938],[-87.7238,42.0946],[-87.7246,42.0955],[-87.7232,42.0938],[-87.7232,42.0938]],[[-87.8086,42.0802],[-87.8085,42.08]],[[-87.815,42.0958],[-87.8156,42.0974],[-87.8158,42.0979],[-87.8154,42.0969],[-87.815,42.0958]],[[-87.8159,42.0979],[-87.8159,42.0978],[-87.8153,42.0963],[-87.8151,42.0957],[-87.8152,42.0962],[-87.8157,42.0973],[-87.8159,42.0979]],[[-87.8085,42.08],[-87.8059,42.075],[-87.8057,42.0746],[-87.8048,42.0729],[-87.8047,42.0728],[-87.8041,42.0716],[-87.8024,42.0684],[-87.7999,42.0634]],[[-87.785,42.0347],[-87.7854,42.0355],[-87.786,42.0366],[-87.785,42.0347]],[[-87.7541,41.9754],[-87.754,41.9752]],[[-87.7531,41.9735],[-87.7531,41.9734]],[[-87.7522,41.9717],[-87.7521,41.9715]],[[-87.7849,42.0349],[-87.7853,42.0355],[-87.7858,42.0365],[-87.7852,42.0355],[-87.7849,42.0349]],[[-87.7974,42.0588],[-87.7971,42.0582],[-87.7969,42.0579],[-87.7974,42.0588]],[[-87.7971,42.058],[-87.7971,42.0582],[-87.7975,42.0588],[-87.7975,42.0588],[-87.7971,42.058]],[[-87.7552,41.9775],[-87.755,41.9771]],[[-87.7608,41.9881],[-87.7606,41.9879]],[[-87.7664,41.9989],[-87.7663,41.9988],[-87.766,41.9982],[-87.766,41.9981],[-87.7659,41.9979],[-87.7657,41.9975],[-87.7656,41.9975],[-87.7664,41.9989],[-87.7664,41.9989]],[[-87.7957,42.0554],[-87.7955,42.0551]],[[-87.7512,41.9697],[-87.7503,41.9681]],[[-87.7521,41.9715],[-87.7513,41.9699]],[[-87.788,42.0407],[-87.7878,42.0403]],[[-87.754,41.9752],[-87.7531,41.9735]],[[-87.7503,41.9681],[-87.7502,41.9679]],[[-87.7999,42.0634],[-87.7996,42.0629]],[[-87.755,41.9771],[-87.7541,41.9754]],[[-87.7513,41.9699],[-87.7512,41.9697]],[[-87.7835,42.032],[-87.782,42.029],[-87.7807,42.0265],[-87.7787,42.0227],[-87.7768,42.0192],[-87.775,42.0157],[-87.7731,42.012],[-87.773,42.0118],[-87.7663,41.9989],[-87.7656,41.9976],[-87.7655,41.9974],[-87.7654,41.9972],[-87.7652,41.9966],[-87.765,41.9964],[-87.7645,41.9955],[-87.7644,41.9953],[-87.7611,41.9887],[-87.7608,41.9881]],[[-87.7531,41.9734],[-87.7522,41.9717]],[[-87.7559,41.979],[-87.7554,41.9781],[-87.7553,41.9779],[-87.7553,41.9778],[-87.7553,41.9779],[-87.7557,41.9786],[-87.7559,41.979],[-87.7559,41.979]],[[-87.7554,41.9777],[-87.7553,41.9777],[-87.7555,41.9781],[-87.7558,41.9787],[-87.7558,41.9786],[-87.7556,41.9781],[-87.7554,41.9777],[-87.7554,41.9777]],[[-87.7996,42.0629],[-87.7975,42.0589],[-87.7971,42.0582],[-87.7957,42.0554]],[[-87.7955,42.0551],[-87.795,42.054],[-87.7882,42.041],[-87.7881,42.0408],[-87.788,42.0407]],[[-87.7606,41.9879],[-87.7599,41.9864],[-87.7593,41.9854],[-87.7579,41.9827],[-87.7553,41.9777],[-87.7552,41.9775]],[[-87.5879,41.7919],[-87.5875,41.7936],[-87.5874,41.7936],[-87.5874,41.7936],[-87.5876,41.793],[-87.5878,41.7919],[-87.5878,41.7919],[-87.5879,41.7919]],[[-87.5887,41.7878],[-87.589,41.7869],[-87.5888,41.7878],[-87.5887,41.7878],[-87.5887,41.7878]],[[-87.5889,41.7879],[-87.5891,41.7869],[-87.5889,41.7879],[-87.5889,41.7879],[-87.5889,41.7879]],[[-87.588,41.7919],[-87.5877,41.793],[-87.5877,41.7932],[-87.5876,41.7936],[-87.5876,41.7936],[-87.5876,41.7936],[-87.5876,41.7932],[-87.588,41.7919],[-87.588,41.7919],[-87.588,41.7919]],[[-87.6799,42.0329],[-87.6799,42.033],[-87.6799,42.033],[-87.6799,42.033],[-87.68,42.0333],[-87.6801,42.0336],[-87.68,42.0336],[-87.6801,42.0337],[-87.6801,42.0338],[-87.6801,42.0338],[-87.6802,42.0339],[-87.6799,42.0329]],[[-87.6803,42.0339],[-87.6803,42.0339],[-87.6801,42.0329],[-87.6801,42.033],[-87.6801,42.0331],[-87.6802,42.0334],[-87.6802,42.0334],[-87.6802,42.0335],[-87.6802,42.0335],[-87.6802,42.0335],[-87.6803,42.0339]],[[-88.0151,41.9717],[-88.0143,41.9716],[-88.0132,41.9714]],[[-88.0153,41.9719],[-88.0138,41.9716],[-88.0134,41.9716],[-88.0132,41.9715]],[[-87.798,41.991],[-87.7996,41.9919],[-87.7995,41.9919],[-87.798,41.991]],[[-87.7979,41.9911],[-87.7995,41.992],[-87.7995,41.992],[-87.7992,41.9918],[-87.7979,41.9911]],[[-87.8763,42.0353],[-87.8659,42.0295],[-87.8578,42.0249],[-87.8563,42.0241],[-87.8553,42.0235],[-87.8514,42.0213],[-87.8408,42.0153],[-87.8354,42.0123],[-87.8335,42.0112]],[[-87.8336,42.0112],[-87.8354,42.0122],[-87.8408,42.0152],[-87.8514,42.0212],[-87.8528,42.022],[-87.8534,42.0223],[-87.8539,42.0226],[-87.8553,42.0234],[-87.8578,42.0248],[-87.8581,42.0249],[-87.8592,42.0256],[-87.8611,42.0267],[-87.8659,42.0294],[-87.8763,42.0353]],[[-87.8173,42.0019],[-87.8173,42.0019],[-87.8192,42.003],[-87.8173,42.0019]],[[-87.8171,42.002],[-87.8171,42.002],[-87.8181,42.0025],[-87.8191,42.0031],[-87.8179,42.0024],[-87.8176,42.0023],[-87.8171,42.002]],[[-87.7705,41.9756],[-87.7686,41.9745]],[[-87.7707,41.9756],[-87.7711,41.9758]],[[-87.7709,41.9758],[-87.7705,41.9756]],[[-87.7686,41.9744],[-87.7707,41.9756]],[[-87.7684,41.9744],[-87.765,41.9724]],[[-87.7684,41.9743],[-87.7686,41.9744]],[[-87.7686,41.9745],[-87.7684,41.9744]],[[-87.7648,41.9722],[-87.7684,41.9743]],[[-87.7642,41.9719],[-87.7648,41.9722]],[[-87.765,41.9724],[-87.7644,41.9721]],[[-87.7595,41.9692],[-87.7597,41.9693]],[[-87.7597,41.9693],[-87.7608,41.97],[-87.7628,41.971]],[[-87.7573,41.968],[-87.7595,41.9692]],[[-87.7596,41.9694],[-87.7594,41.9693]],[[-87.7621,41.9708],[-87.7596,41.9694]],[[-87.7594,41.9693],[-87.7572,41.968]],[[-87.7568,41.9678],[-87.7548,41.9667]],[[-87.7572,41.968],[-87.7568,41.9678]],[[-87.757,41.9678],[-87.7573,41.968]],[[-87.7549,41.9666],[-87.757,41.9678]],[[-87.7315,41.9533],[-87.7313,41.9532],[-87.7311,41.9531],[-87.7299,41.9524],[-87.7299,41.9524],[-87.73,41.9525],[-87.7315,41.9533]],[[-87.731,41.9532],[-87.7294,41.9523],[-87.7298,41.9525],[-87.7303,41.9529],[-87.731,41.9532],[-87.731,41.9532]],[[-87.8331,42.011],[-87.8316,42.0101],[-87.8309,42.0097],[-87.8308,42.0097],[-87.8284,42.0083],[-87.8212,42.0043],[-87.8205,42.0038],[-87.8181,42.0025],[-87.8172,42.002],[-87.8171,42.0019],[-87.8149,42.0006],[-87.809,41.9973],[-87.8088,41.9972],[-87.8068,41.9961],[-87.8031,41.994],[-87.8029,41.9939],[-87.7996,41.992],[-87.7995,41.9919],[-87.798,41.9911],[-87.7916,41.9875],[-87.7877,41.9853],[-87.7837,41.983],[-87.7834,41.9828],[-87.7783,41.98],[-87.7774,41.9795],[-87.7752,41.9782],[-87.7746,41.9778],[-87.7739,41.9775],[-87.7709,41.9758]],[[-87.7711,41.9758],[-87.7739,41.9774],[-87.7746,41.9778],[-87.7753,41.9782],[-87.7762,41.9787],[-87.7772,41.9792],[-87.7781,41.9797],[-87.7786,41.98],[-87.7799,41.9807],[-87.781,41.9814],[-87.7836,41.9828],[-87.7838,41.983],[-87.7877,41.9852],[-87.7917,41.9874],[-87.7964,41.9901],[-87.797,41.9905],[-87.798,41.991],[-87.7996,41.9919],[-87.8002,41.9922],[-87.8011,41.9928],[-87.8016,41.993],[-87.8031,41.9939],[-87.8067,41.9959],[-87.8069,41.9961],[-87.809,41.9973],[-87.812,41.9989],[-87.8155,42.0009],[-87.8162,42.0013],[-87.8171,42.0018],[-87.8172,42.0019],[-87.8192,42.003],[-87.8199,42.0034],[-87.8205,42.0038],[-87.8213,42.0042],[-87.8284,42.0082],[-87.829,42.0085],[-87.8297,42.0089],[-87.8308,42.0095],[-87.831,42.0096],[-87.8319,42.0101],[-87.8328,42.0106],[-87.8333,42.011]],[[-87.8335,42.0112],[-87.8331,42.011]],[[-87.8333,42.011],[-87.8336,42.0112]],[[-87.8578,42.0248],[-87.8554,42.0235],[-87.8578,42.0248]],[[-87.8576,42.0248],[-87.8554,42.0236],[-87.8576,42.0248]],[[-87.8764,42.0354],[-87.8763,42.0353]],[[-87.8763,42.0353],[-87.8764,42.0353]],[[-87.8764,42.0353],[-87.8808,42.0378],[-87.8817,42.0383],[-87.8822,42.0386]],[[-87.8822,42.0387],[-87.8786,42.0367],[-87.8764,42.0354]],[[-87.8822,42.0386],[-87.8831,42.0391]],[[-87.8856,42.0404],[-87.8847,42.0401],[-87.8856,42.0404]],[[-87.8876,42.0414],[-87.8859,42.0406],[-87.8876,42.0414]],[[-87.8886,42.0418],[-87.8879,42.0415],[-87.8886,42.0418]],[[-87.8878,42.0413],[-87.8859,42.0404],[-87.8878,42.0413]],[[-87.8857,42.0404],[-87.8848,42.04],[-87.8857,42.0404]],[[-87.883,42.0391],[-87.8822,42.0387]],[[-87.8892,42.042],[-87.888,42.0414],[-87.8892,42.042]],[[-88.0125,41.9713],[-88.0124,41.9713]],[[-87.9384,41.8994],[-87.9382,41.8994]],[[-87.9382,41.8993],[-87.9385,41.8994]],[[-87.6121,41.6859],[-87.6118,41.6877],[-87.6121,41.6859]],[[-87.6105,41.6927],[-87.6106,41.6927],[-87.6104,41.6932],[-87.6105,41.6927]],[[-87.6525,41.6741],[-87.6518,41.6741],[-87.6524,41.674],[-87.6525,41.6741]],[[-87.747,41.8441],[-87.7464,41.8441],[-87.7454,41.8443],[-87.7449,41.8444],[-87.7451,41.8443],[-87.7453,41.8443],[-87.7455,41.8443],[-87.7463,41.8442],[-87.747,41.8441]],[[-87.8382,41.9315],[-87.836,41.9309],[-87.8382,41.9315]],[[-87.836,41.9308],[-87.8382,41.9314],[-87.836,41.9308]],[[-87.8484,41.9333],[-87.8491,41.9333],[-87.8514,41.9335],[-87.8544,41.9337]],[[-87.856,41.9338],[-87.8568,41.9338],[-87.8573,41.9339],[-87.8577,41.934],[-87.8581,41.9341],[-87.8588,41.9343],[-87.8624,41.9353],[-87.8655,41.9362],[-87.8665,41.9365],[-87.8678,41.9369],[-87.8704,41.9377],[-87.8746,41.9389],[-87.8811,41.9408],[-87.8816,41.941],[-87.8823,41.9412],[-87.8828,41.9414],[-87.8833,41.9415],[-87.8836,41.9416],[-87.8842,41.9418],[-87.885,41.9422],[-87.8858,41.9425],[-87.8871,41.9431],[-87.8899,41.9443],[-87.8912,41.9448],[-87.8939,41.9459],[-87.8963,41.9469],[-87.8983,41.9477],[-87.9006,41.9484],[-87.9039,41.9492],[-87.9072,41.95],[-87.9114,41.9511],[-87.9154,41.9521],[-87.9188,41.9529],[-87.9211,41.9535],[-87.924,41.9542],[-87.9268,41.9547],[-87.9301,41.9552],[-87.9307,41.9553],[-87.9331,41.9557],[-87.9348,41.956],[-87.9389,41.9566],[-87.9397,41.9567],[-87.9411,41.9569],[-87.9426,41.9571],[-87.9493,41.9582],[-87.9547,41.959],[-87.9662,41.9607],[-87.9702,41.9613],[-87.971,41.9615],[-87.9717,41.9616],[-87.9725,41.9618],[-87.9732,41.9619],[-87.9739,41.9621],[-87.9746,41.9623],[-87.9751,41.9625],[-87.976,41.9628],[-87.9769,41.9631],[-87.9788,41.9637],[-87.979,41.9638],[-87.9853,41.966]],[[-87.8474,41.9332],[-87.8484,41.9333]],[[-87.8484,41.9332],[-87.8474,41.9332]],[[-87.8474,41.9332],[-87.8448,41.933],[-87.8434,41.9328],[-87.8415,41.9323],[-87.8383,41.9314],[-87.836,41.9308],[-87.8358,41.9308],[-87.8233,41.9274],[-87.8218,41.927],[-87.8198,41.9263],[-87.8189,41.926],[-87.8164,41.9252],[-87.8157,41.9251],[-87.8148,41.9249],[-87.8138,41.9247],[-87.8136,41.9247],[-87.813,41.9245],[-87.8092,41.9239],[-87.8074,41.9235],[-87.8062,41.9233],[-87.8052,41.923],[-87.8044,41.9228],[-87.8033,41.9224],[-87.8025,41.9221],[-87.8014,41.9217],[-87.8008,41.9215],[-87.8005,41.9214],[-87.7952,41.9195],[-87.7951,41.9194]],[[-87.8678,41.9368],[-87.8656,41.9362],[-87.8666,41.9365],[-87.8678,41.9368]],[[-87.8678,41.9369],[-87.8666,41.9366],[-87.8656,41.9363],[-87.8678,41.9369]],[[-87.8816,41.9985],[-87.8817,41.9988]],[[-87.8757,41.9816],[-87.876,41.9825]],[[-87.876,41.9825],[-87.8765,41.9838],[-87.8768,41.9846],[-87.8776,41.9872],[-87.8776,41.9872]],[[-87.8708,41.9658],[-87.8708,41.9664],[-87.8709,41.9668],[-87.8711,41.9673],[-87.8713,41.968],[-87.8734,41.9744],[-87.8736,41.9751],[-87.8738,41.9761],[-87.8741,41.9772],[-87.8747,41.9788],[-87.8753,41.9806],[-87.8754,41.9807]],[[-87.8866,42.0127],[-87.8877,42.0157],[-87.8887,42.0186],[-87.8888,42.0187],[-87.8902,42.0228],[-87.8906,42.0241],[-87.8912,42.0263],[-87.892,42.0292],[-87.8928,42.032],[-87.8933,42.0339],[-87.8935,42.0344],[-87.894,42.0361],[-87.8943,42.037],[-87.8947,42.0382]],[[-87.8813,41.9976],[-87.8816,41.9985]],[[-87.8707,41.9656],[-87.8708,41.9658]],[[-87.8812,41.9973],[-87.8813,41.9976]],[[-87.8603,41.9383],[-87.8602,41.9383],[-87.8606,41.9392],[-87.8603,41.9383]],[[-87.8605,41.9392],[-87.8601,41.9383],[-87.8602,41.9384],[-87.8605,41.9392]],[[-87.6135,41.8445],[-87.6133,41.8439],[-87.6135,41.8444],[-87.6135,41.8445],[-87.6135,41.8445]],[[-87.9187,41.8052],[-87.9187,41.8052],[-87.9167,41.8057],[-87.9168,41.8057],[-87.9169,41.8057],[-87.9178,41.8054],[-87.9187,41.8052]],[[-87.9186,41.8051],[-87.9171,41.8054],[-87.9172,41.8053],[-87.9173,41.8054],[-87.9186,41.8051],[-87.9186,41.8051]],[[-87.6221,41.8699],[-87.622,41.8696],[-87.6219,41.8694],[-87.6215,41.8684],[-87.6213,41.8679],[-87.6208,41.8667],[-87.6202,41.8653],[-87.6198,41.8642],[-87.6196,41.8633],[-87.6195,41.8625],[-87.6195,41.862],[-87.6194,41.8615],[-87.6192,41.8611],[-87.619,41.86],[-87.6187,41.8592],[-87.6181,41.8582],[-87.6179,41.8577],[-87.6177,41.8573],[-87.6173,41.8563],[-87.6172,41.8561],[-87.6171,41.8557],[-87.6171,41.8554]],[[-87.6374,41.8675],[-87.6372,41.866],[-87.6371,41.8656],[-87.6371,41.865],[-87.637,41.8643],[-87.637,41.8628],[-87.637,41.8621],[-87.637,41.862]],[[-87.6381,41.8719],[-87.638,41.8711],[-87.6377,41.8696]],[[-87.6386,41.8746],[-87.6385,41.874],[-87.6384,41.874],[-87.6383,41.8733],[-87.6382,41.8727],[-87.6381,41.8719]],[[-87.6388,41.8846],[-87.6389,41.885],[-87.6389,41.8857],[-87.6389,41.8859],[-87.6389,41.8862],[-87.639,41.8864],[-87.6392,41.8866]],[[-87.6388,41.8832],[-87.6388,41.8833],[-87.6388,41.8839]],[[-87.6384,41.874],[-87.6384,41.8743],[-87.6385,41.8745],[-87.6385,41.875],[-87.6385,41.8757],[-87.6386,41.8779],[-87.6386,41.8783]],[[-87.6388,41.8839],[-87.6389,41.8843]],[[-87.6396,41.8791],[-87.6396,41.8811],[-87.6396,41.8812]],[[-87.639,41.8837],[-87.639,41.8843],[-87.639,41.8847]],[[-87.6389,41.8829],[-87.6388,41.8832]],[[-87.6383,41.8737],[-87.6381,41.8729],[-87.6381,41.8727],[-87.638,41.8719]],[[-87.6387,41.8783],[-87.6386,41.8783],[-87.6386,41.8776],[-87.6385,41.8745],[-87.6384,41.8743],[-87.6385,41.8745],[-87.6386,41.875],[-87.6387,41.8783]],[[-87.6389,41.8783],[-87.6388,41.8783],[-87.6387,41.8752],[-87.6386,41.8748],[-87.6386,41.8745],[-87.6387,41.8749],[-87.6388,41.8753],[-87.6389,41.8779],[-87.6389,41.8783]],[[-87.6384,41.875],[-87.6383,41.8739],[-87.6384,41.8746],[-87.6385,41.8769],[-87.6385,41.8783],[-87.6385,41.8783],[-87.6386,41.8783],[-87.6385,41.8779],[-87.6384,41.875]],[[-87.6396,41.8791],[-87.6395,41.8791],[-87.6396,41.8813],[-87.6396,41.8791]],[[-87.6389,41.8791],[-87.6388,41.8791],[-87.6389,41.8825],[-87.639,41.8822],[-87.6389,41.8791]],[[-87.6391,41.8791],[-87.639,41.8791],[-87.6391,41.8816],[-87.6391,41.8791]],[[-87.639,41.8861],[-87.6391,41.8862],[-87.6391,41.8863],[-87.6393,41.8865],[-87.6394,41.8868],[-87.6397,41.8871]],[[-87.9007,42.0644],[-87.9007,42.0679],[-87.9008,42.0731],[-87.9008,42.0757],[-87.9011,42.0767],[-87.9028,42.0806],[-87.9042,42.0838],[-87.906,42.0878],[-87.9068,42.0897],[-87.9075,42.0913],[-87.9087,42.0941],[-87.9105,42.0985]],[[-87.9007,42.0562],[-87.9007,42.0644]],[[-87.8817,41.9987],[-87.8826,42.0011],[-87.8836,42.0039],[-87.8856,42.0096],[-87.8859,42.0104],[-87.8863,42.0115],[-87.8881,42.0167],[-87.8888,42.0187],[-87.8902,42.0227],[-87.8906,42.0241],[-87.8912,42.0263],[-87.8921,42.0292],[-87.8928,42.032],[-87.8934,42.0339],[-87.8935,42.0343],[-87.894,42.0361],[-87.8943,42.037],[-87.8947,42.0382]],[[-87.9007,42.0653],[-87.9007,42.0679],[-87.9007,42.0731],[-87.9008,42.0757],[-87.901,42.0767],[-87.9027,42.0806],[-87.9041,42.0838],[-87.9059,42.0878],[-87.9067,42.0897],[-87.9081,42.093],[-87.9087,42.0942],[-87.9105,42.0985]],[[-87.8947,42.0382],[-87.8948,42.0385],[-87.8965,42.0432],[-87.8971,42.0449]],[[-87.8548,41.9337],[-87.8555,41.9338],[-87.8558,41.9338]],[[-87.8544,41.9337],[-87.8558,41.9338]],[[-87.8536,41.9336],[-87.8546,41.9337]],[[-87.8518,41.9334],[-87.8525,41.9335],[-87.8528,41.9335]],[[-87.8518,41.9334],[-87.8492,41.9333],[-87.849,41.9333],[-87.8484,41.9332]],[[-87.8558,41.9338],[-87.856,41.9338]],[[-87.9598,42.0734],[-87.9653,42.0759],[-87.9668,42.0766],[-87.9742,42.0799],[-87.9761,42.0807],[-87.9796,42.0823],[-87.9805,42.0826],[-87.9811,42.0829],[-87.9817,42.0832],[-87.9828,42.0837],[-87.983,42.0838],[-87.9833,42.0839],[-87.9841,42.0842],[-87.9851,42.0847],[-87.9861,42.0851],[-87.9885,42.0862],[-87.9892,42.0866],[-87.9916,42.0876],[-87.9931,42.0883],[-87.9934,42.0884],[-88.0007,42.0917],[-88.0046,42.0934],[-88.0049,42.0935],[-88.0052,42.0937],[-88.0057,42.0939],[-88.0066,42.0942],[-88.0089,42.0953],[-88.0097,42.0956],[-88.0105,42.096],[-88.0168,42.0988],[-88.0179,42.0993]],[[-88.0249,41.9734],[-88.0294,41.9742],[-88.0315,41.9745],[-88.0321,41.9746],[-88.0363,41.9753],[-88.0375,41.9756],[-88.0447,41.977]],[[-88.0241,41.9733],[-88.0249,41.9734]],[[-88.0124,41.9713],[-88.0125,41.9714]],[[-88.0124,41.9713],[-88.0108,41.9711],[-88.0099,41.9709],[-88.009,41.9708],[-87.9995,41.9698],[-87.9981,41.9696],[-87.9973,41.9695],[-87.9965,41.9694],[-87.9959,41.9693],[-87.9953,41.9691],[-87.9946,41.969],[-87.9938,41.9688],[-87.9932,41.9686],[-87.9923,41.9683],[-87.9857,41.966]],[[-88.0125,41.9714],[-88.0132,41.9715],[-88.0153,41.9718],[-88.0198,41.9726],[-88.0241,41.9733]],[[-87.9857,41.9661],[-87.9923,41.9683],[-87.9932,41.9686],[-87.9938,41.9688],[-87.9946,41.969],[-87.9953,41.9692],[-87.9959,41.9693],[-87.9965,41.9694],[-87.9973,41.9695],[-87.9981,41.9696],[-87.9995,41.9698],[-88.009,41.9708],[-88.0099,41.971],[-88.0108,41.9711],[-88.0124,41.9713]],[[-87.9857,41.966],[-87.9854,41.9659]],[[-88.0207,41.8859],[-88.0207,41.8859],[-88.019,41.8865],[-88.0196,41.8863],[-88.0207,41.8859]],[[-88.0216,41.8855],[-88.0216,41.8855],[-88.0211,41.8856],[-88.0196,41.8861],[-88.0186,41.8864],[-88.0211,41.8857],[-88.0216,41.8855]],[[-87.9349,41.899],[-87.9303,41.8985],[-87.9301,41.8985],[-87.9291,41.8984],[-87.9252,41.898],[-87.9244,41.8979]],[[-87.871,41.8914],[-87.8724,41.8913],[-87.8737,41.8913],[-87.875,41.8913],[-87.8781,41.8913],[-87.8812,41.8913],[-87.8838,41.8914],[-87.8858,41.8916],[-87.9019,41.8933],[-87.9032,41.8934],[-87.9052,41.8936],[-87.9064,41.8938],[-87.9082,41.8942],[-87.9101,41.8946],[-87.918,41.8968],[-87.9187,41.8969],[-87.9197,41.8972],[-87.9209,41.8974],[-87.9214,41.8975],[-87.922,41.8975],[-87.9263,41.898],[-87.9283,41.8982],[-87.9301,41.8984],[-87.9303,41.8985],[-87.9346,41.8989]],[[-87.9115,41.8068],[-87.9123,41.8066]],[[-87.8415,41.8226],[-87.8411,41.8226]],[[-87.8289,41.8254],[-87.8343,41.8242],[-87.8344,41.8241],[-87.8411,41.8226]],[[-87.8286,41.8255],[-87.8289,41.8254]],[[-87.8415,41.8226],[-87.8438,41.822],[-87.844,41.822],[-87.8448,41.8218],[-87.8484,41.821],[-87.8499,41.8207],[-87.8512,41.8204],[-87.8537,41.8198],[-87.8565,41.8192],[-87.8642,41.8175]],[[-87.764,41.8413],[-87.7653,41.841],[-87.766,41.8408],[-87.768,41.8402],[-87.772,41.8386],[-87.7735,41.8381],[-87.7747,41.8378],[-87.7805,41.8363],[-87.7821,41.8359],[-87.7833,41.8357],[-87.7875,41.8347],[-87.7879,41.8346],[-87.7881,41.8346],[-87.7927,41.8335],[-87.7929,41.8335],[-87.7935,41.8333]],[[-87.8257,41.8261],[-87.8269,41.8259]],[[-87.8269,41.8259],[-87.8286,41.8255]],[[-87.9407,41.697],[-87.9417,41.6962]],[[-87.9407,41.697],[-87.9366,41.7006],[-87.9347,41.7021],[-87.9331,41.7031],[-87.9188,41.7105],[-87.9131,41.7135],[-87.9099,41.715],[-87.9085,41.7156],[-87.8996,41.7185],[-87.8958,41.7198],[-87.8933,41.7206],[-87.8917,41.7213],[-87.8907,41.7219],[-87.8869,41.7254],[-87.8859,41.7264],[-87.8848,41.7274],[-87.88,41.7318],[-87.8787,41.7331],[-87.8784,41.7334],[-87.8772,41.7345],[-87.8762,41.7353],[-87.8732,41.7373],[-87.867,41.7412],[-87.8604,41.7454],[-87.8562,41.7481],[-87.8542,41.7495],[-87.8525,41.7507],[-87.8512,41.7519],[-87.849,41.7542],[-87.8474,41.756],[-87.8467,41.7568],[-87.8459,41.7576],[-87.8444,41.7593],[-87.842,41.7619],[-87.8409,41.7631],[-87.8389,41.7652],[-87.8371,41.7672],[-87.8356,41.7689],[-87.8343,41.7702],[-87.8327,41.772],[-87.8312,41.7736],[-87.8299,41.7751],[-87.8283,41.7769],[-87.8273,41.7779],[-87.8266,41.7787],[-87.8255,41.7799],[-87.8244,41.7811],[-87.8238,41.7818],[-87.8224,41.7833],[-87.8218,41.7839],[-87.8206,41.7853],[-87.8191,41.7868],[-87.8176,41.7885],[-87.8161,41.7901],[-87.8153,41.7909],[-87.8145,41.7917],[-87.8135,41.7925],[-87.8127,41.7932]],[[-87.639,41.8518],[-87.6387,41.8522]],[[-87.6375,41.8688],[-87.6374,41.8682],[-87.6373,41.8675],[-87.6373,41.867],[-87.6371,41.866],[-87.6371,41.8656],[-87.637,41.865],[-87.637,41.8643],[-87.637,41.8628],[-87.6369,41.8617],[-87.6369,41.8611],[-87.6369,41.8608],[-87.637,41.8603],[-87.637,41.8598]],[[-87.637,41.8598],[-87.637,41.8594],[-87.6371,41.859]],[[-87.6394,41.8513],[-87.64,41.8506],[-87.6403,41.8503],[-87.6406,41.8501]],[[-87.8593,41.6308],[-87.8578,41.6321],[-87.8552,41.6343],[-87.8541,41.6352]],[[-87.8541,41.6353],[-87.8552,41.6343],[-87.8571,41.6327],[-87.8584,41.6315],[-87.8593,41.6308]],[[-87.8541,41.6352],[-87.8537,41.6357]],[[-87.8183,41.6712],[-87.8211,41.6683],[-87.8254,41.6639],[-87.8266,41.6627],[-87.8291,41.6602],[-87.8301,41.6591],[-87.8326,41.6567],[-87.8351,41.6541],[-87.8376,41.6516],[-87.8403,41.6488],[-87.8438,41.6452],[-87.8457,41.6433],[-87.8477,41.6413],[-87.8482,41.6408],[-87.8488,41.6402],[-87.8495,41.6395],[-87.8502,41.6389],[-87.8527,41.6366],[-87.8537,41.6357]],[[-87.8182,41.6713],[-87.8183,41.6712]],[[-87.8162,41.6733],[-87.8182,41.6713]],[[-87.7982,41.6898],[-87.8019,41.6869],[-87.803,41.686],[-87.8049,41.6842],[-87.8087,41.6806]],[[-87.8087,41.6806],[-87.8099,41.6794]],[[-87.7973,41.6905],[-87.7982,41.6898]],[[-87.7759,41.7069],[-87.776,41.7068]],[[-87.776,41.7068],[-87.7775,41.7057],[-87.7777,41.7055],[-87.7793,41.7043],[-87.7795,41.7041],[-87.7881,41.6976],[-87.793,41.6938],[-87.7973,41.6905]],[[-87.7214,41.7349],[-87.7215,41.7348],[-87.7222,41.7343],[-87.7263,41.731],[-87.7285,41.7293],[-87.7309,41.7274],[-87.7328,41.7262],[-87.7337,41.7257],[-87.736,41.7246],[-87.7405,41.7229],[-87.7408,41.7227],[-87.7411,41.7226],[-87.7444,41.7213],[-87.7475,41.72],[-87.748,41.7198],[-87.7505,41.7188],[-87.7518,41.7183],[-87.7601,41.715],[-87.765,41.7131],[-87.7687,41.7115],[-87.7702,41.7108],[-87.7714,41.7102],[-87.7724,41.7096],[-87.7735,41.7087],[-87.7758,41.707],[-87.7759,41.7069]],[[-87.6802,41.7575],[-87.6809,41.7575],[-87.6817,41.7575],[-87.6828,41.7575]],[[-87.6369,41.852],[-87.6369,41.852]],[[-87.6569,41.7579],[-87.6569,41.7579]],[[-87.6824,41.6507],[-87.6812,41.6517]],[[-87.6812,41.6517],[-87.6817,41.6513]],[[-87.6449,41.7357],[-87.6411,41.7459]],[[-87.6453,41.7351],[-87.6457,41.734],[-87.646,41.7335],[-87.6461,41.7333],[-87.6462,41.7332]],[[-87.645,41.7357],[-87.6455,41.7344]],[[-87.6455,41.7344],[-87.6456,41.7341]],[[-87.6462,41.7331],[-87.6459,41.7335],[-87.6456,41.7341]],[[-87.6484,41.7265],[-87.6503,41.7214],[-87.6504,41.7212],[-87.651,41.7196],[-87.6517,41.7175],[-87.6521,41.7166],[-87.6528,41.7146],[-87.653,41.7141],[-87.6532,41.7135],[-87.6536,41.7125],[-87.6541,41.7112],[-87.6545,41.71],[-87.655,41.7086],[-87.6554,41.7076],[-87.6557,41.7069],[-87.6557,41.7067],[-87.6563,41.7052],[-87.6564,41.705],[-87.6567,41.704],[-87.657,41.7032],[-87.6573,41.7026],[-87.6577,41.7015],[-87.6583,41.6998],[-87.6584,41.6995],[-87.6587,41.6987],[-87.6592,41.6975],[-87.6598,41.6958],[-87.6605,41.6938],[-87.6611,41.6922],[-87.6612,41.692],[-87.6622,41.6894],[-87.6622,41.6892],[-87.6627,41.6879],[-87.6635,41.6857],[-87.6639,41.6848],[-87.6641,41.684],[-87.6646,41.6827],[-87.6652,41.6811],[-87.6658,41.6796],[-87.6662,41.6783],[-87.6666,41.6775],[-87.6668,41.6767],[-87.6674,41.6752],[-87.6681,41.6732],[-87.6688,41.6715],[-87.6694,41.6698],[-87.6699,41.6685],[-87.6703,41.6672],[-87.6709,41.6658],[-87.6711,41.6651],[-87.6717,41.6635],[-87.6721,41.6624],[-87.6726,41.6612],[-87.6729,41.6605],[-87.6733,41.6597],[-87.6737,41.6591],[-87.6741,41.6584],[-87.6746,41.6578],[-87.675,41.6572],[-87.6758,41.6564],[-87.6765,41.6557],[-87.6767,41.6555],[-87.6772,41.655],[-87.6777,41.6546],[-87.6782,41.6541],[-87.6787,41.6537]],[[-87.6461,41.7325],[-87.6456,41.734],[-87.6453,41.7348],[-87.6449,41.7357]],[[-87.6455,41.7344],[-87.6452,41.7352],[-87.6449,41.7357]],[[-87.645,41.7357],[-87.6453,41.7351]],[[-87.6793,41.6534],[-87.6789,41.6538],[-87.6787,41.654],[-87.6786,41.6542],[-87.6784,41.6544],[-87.6782,41.6546],[-87.6775,41.6551],[-87.6772,41.6554],[-87.6771,41.6555],[-87.677,41.6556],[-87.6768,41.6558],[-87.6766,41.656],[-87.6764,41.6563],[-87.6762,41.6566],[-87.6761,41.657],[-87.676,41.6574],[-87.6758,41.6585],[-87.6755,41.66],[-87.6752,41.6617],[-87.675,41.6623],[-87.6748,41.6635],[-87.6745,41.6654],[-87.6742,41.6667],[-87.6738,41.6689],[-87.6736,41.67],[-87.6735,41.6706],[-87.6734,41.6714],[-87.6731,41.6725],[-87.673,41.6735],[-87.6728,41.6746],[-87.6726,41.6753],[-87.6726,41.6757],[-87.6725,41.6762],[-87.6724,41.6768],[-87.6724,41.6773],[-87.6724,41.6774],[-87.6722,41.6787],[-87.672,41.6807],[-87.6717,41.6826],[-87.6715,41.6846],[-87.6715,41.6847],[-87.6713,41.686],[-87.6712,41.6872],[-87.671,41.6886],[-87.6708,41.6901],[-87.6706,41.6919],[-87.6706,41.6921],[-87.6704,41.6933],[-87.6704,41.6934],[-87.6702,41.6955],[-87.6702,41.6956],[-87.6699,41.6975],[-87.6697,41.6991],[-87.6697,41.6993],[-87.6696,41.7001],[-87.6694,41.7019],[-87.6693,41.7029],[-87.6692,41.7037],[-87.669,41.7053],[-87.6688,41.7065],[-87.6688,41.7066],[-87.6687,41.7073],[-87.6685,41.7091],[-87.6684,41.7096],[-87.6684,41.7099],[-87.6683,41.7102],[-87.6682,41.7103],[-87.6681,41.7107],[-87.6677,41.7114],[-87.6676,41.7119],[-87.6675,41.7121],[-87.6675,41.7123],[-87.6674,41.7127],[-87.6673,41.7131],[-87.6673,41.7135],[-87.6673,41.7138],[-87.6673,41.7139],[-87.6673,41.7149],[-87.6674,41.7167],[-87.6674,41.7184],[-87.6675,41.7194],[-87.6675,41.7198],[-87.6675,41.7208],[-87.6675,41.721],[-87.6675,41.7212],[-87.6675,41.7213],[-87.6675,41.7218],[-87.6674,41.7223],[-87.6674,41.7229],[-87.6674,41.7231],[-87.6674,41.7239],[-87.6673,41.7257],[-87.6672,41.727],[-87.6672,41.7278],[-87.6671,41.7284],[-87.6671,41.7286],[-87.667,41.729],[-87.6669,41.7293],[-87.6668,41.7297],[-87.6666,41.7299],[-87.6664,41.7302],[-87.6662,41.7305],[-87.6659,41.7307],[-87.6656,41.731],[-87.6655,41.7311],[-87.6653,41.7312],[-87.6651,41.7313],[-87.6648,41.7315],[-87.6644,41.7317],[-87.6639,41.7318],[-87.6635,41.732],[-87.6631,41.732],[-87.663,41.7321],[-87.6627,41.7321],[-87.6622,41.7321],[-87.6615,41.7322],[-87.6604,41.7322],[-87.6582,41.7322],[-87.658,41.7322],[-87.6553,41.7322],[-87.6535,41.7323],[-87.6509,41.7323],[-87.6503,41.7323],[-87.6499,41.7323],[-87.6494,41.7323],[-87.6488,41.7322],[-87.6486,41.7322]],[[-87.6794,41.6534],[-87.6793,41.6534]],[[-87.5922,41.773],[-87.5924,41.7725],[-87.5925,41.7719],[-87.593,41.7696],[-87.5933,41.7683],[-87.5939,41.7658],[-87.5962,41.7555],[-87.5987,41.7444],[-87.6005,41.7368]],[[-87.5922,41.773],[-87.5926,41.7714],[-87.5926,41.7711]],[[-87.5915,41.8101],[-87.5951,41.8152],[-87.5983,41.8197],[-87.6026,41.8255],[-87.6065,41.8306],[-87.6078,41.8322],[-87.6083,41.8329],[-87.6086,41.8334],[-87.6089,41.8339],[-87.6093,41.8348],[-87.6103,41.8373],[-87.6113,41.8396],[-87.6122,41.8417],[-87.613,41.8436],[-87.6134,41.8444],[-87.6137,41.8449],[-87.614,41.8457],[-87.6146,41.847],[-87.6148,41.8477],[-87.6151,41.8484]],[[-87.6143,41.6765],[-87.6143,41.6766]],[[-87.6122,41.6858],[-87.6123,41.6852],[-87.6124,41.6848],[-87.6128,41.6832],[-87.6128,41.6829]],[[-87.6405,41.6742],[-87.6394,41.6742],[-87.6383,41.6742],[-87.6371,41.6742],[-87.6369,41.6742],[-87.6358,41.6743],[-87.6347,41.6743],[-87.6345,41.6743],[-87.6333,41.6743],[-87.6322,41.6743],[-87.632,41.6743],[-87.6311,41.6743],[-87.6309,41.6743],[-87.6298,41.6743],[-87.6287,41.6743],[-87.6285,41.6743],[-87.6274,41.6744],[-87.6251,41.6744],[-87.6249,41.6744],[-87.6225,41.6744],[-87.6214,41.6744],[-87.6205,41.6744],[-87.6203,41.6744],[-87.6189,41.6744]],[[-87.614,41.6775],[-87.6141,41.6774]],[[-87.6138,41.6784],[-87.6128,41.683],[-87.6125,41.6842],[-87.6124,41.6847]],[[-87.6128,41.6829],[-87.614,41.6775]],[[-87.6143,41.6766],[-87.6141,41.6774]],[[-87.614,41.6775],[-87.6138,41.6784]],[[-87.6623,41.6679],[-87.6611,41.669],[-87.6609,41.6691],[-87.6568,41.6727],[-87.6564,41.673],[-87.6561,41.6732],[-87.6557,41.6734],[-87.6553,41.6736],[-87.6548,41.6738],[-87.6542,41.6739],[-87.6536,41.674],[-87.653,41.6741],[-87.6525,41.6741],[-87.6513,41.6741],[-87.6483,41.6741],[-87.6472,41.6741]],[[-87.6405,41.6742],[-87.6406,41.6742],[-87.6416,41.6742],[-87.6418,41.6742],[-87.643,41.6742],[-87.6443,41.6742],[-87.6472,41.6741]],[[-87.6345,41.6257],[-87.6361,41.6229],[-87.6376,41.6199],[-87.6405,41.6146],[-87.6417,41.6123],[-87.6437,41.6086],[-87.6449,41.6064],[-87.6467,41.603],[-87.6479,41.6008]],[[-87.6342,41.6265],[-87.6345,41.6257]],[[-87.6221,41.649],[-87.6214,41.6503]],[[-87.6223,41.6487],[-87.6226,41.648],[-87.6231,41.647],[-87.6236,41.6462],[-87.6243,41.6449],[-87.6256,41.6424],[-87.6273,41.6392],[-87.6296,41.635],[-87.6311,41.6322],[-87.6323,41.6299],[-87.6342,41.6265]],[[-87.6341,41.6264],[-87.6313,41.6317],[-87.6302,41.6336],[-87.6286,41.6366],[-87.6264,41.6408],[-87.6245,41.6442],[-87.6232,41.6467],[-87.623,41.6472],[-87.6226,41.648],[-87.6223,41.6487]],[[-87.6221,41.649],[-87.6223,41.6487]],[[-87.6223,41.6487],[-87.6221,41.649]],[[-87.6237,41.8865],[-87.6236,41.885],[-87.6236,41.8842],[-87.6235,41.8838]],[[-87.6234,41.8837],[-87.6234,41.8865],[-87.6234,41.8865]],[[-87.6235,41.8838],[-87.6232,41.8824],[-87.6232,41.8819]],[[-87.623,41.8817],[-87.6231,41.8824]],[[-87.623,41.8807],[-87.623,41.8811]],[[-87.623,41.8811],[-87.623,41.8817]],[[-87.6237,41.8849],[-87.6237,41.8866],[-87.6237,41.8849],[-87.6237,41.8848],[-87.6237,41.8843],[-87.6237,41.8849]],[[-87.623,41.8806],[-87.623,41.8807]],[[-87.6385,41.8783],[-87.6385,41.8781],[-87.6384,41.8769],[-87.6384,41.8748],[-87.6383,41.8745],[-87.6383,41.8737]],[[-87.6229,41.8772],[-87.623,41.8771],[-87.6229,41.877],[-87.623,41.8765],[-87.623,41.877],[-87.623,41.8779],[-87.623,41.8773],[-87.6229,41.8772]],[[-87.622,41.8693],[-87.6219,41.8693],[-87.6214,41.8678],[-87.622,41.8693]],[[-87.6684,41.9171],[-87.668,41.9167],[-87.6681,41.9168],[-87.6681,41.9169],[-87.6682,41.9169],[-87.6682,41.917],[-87.6683,41.9171],[-87.6683,41.9171],[-87.6683,41.9172],[-87.6684,41.9172],[-87.6684,41.9173],[-87.6684,41.9173],[-87.6685,41.9173],[-87.6686,41.9174],[-87.6687,41.9175],[-87.6689,41.9177],[-87.6686,41.9174],[-87.6684,41.9171]],[[-87.9123,41.8066],[-87.9187,41.8052],[-87.9199,41.8049]],[[-87.6431,41.6742],[-87.6421,41.6741],[-87.6421,41.6742],[-87.6431,41.6742]],[[-87.9403,41.9567],[-87.941,41.9568],[-87.9403,41.9567]],[[-87.9412,41.9569],[-87.9412,41.957],[-87.9414,41.957],[-87.9417,41.9571],[-87.9419,41.9571],[-87.9422,41.9572],[-87.9424,41.9572],[-87.9424,41.9572],[-87.9412,41.9569]],[[-87.9424,41.9571],[-87.9412,41.9569],[-87.9424,41.9571]],[[-87.6769,41.6554],[-87.6777,41.6547],[-87.6773,41.6551],[-87.677,41.6553],[-87.677,41.6553],[-87.6769,41.6554]],[[-87.6772,41.6554],[-87.6773,41.6553],[-87.6775,41.6551],[-87.6781,41.6546],[-87.6777,41.655],[-87.6772,41.6554]],[[-87.6755,41.6564],[-87.6758,41.6561],[-87.6761,41.6558],[-87.6755,41.6564]],[[-88.0374,41.7955],[-88.0389,41.7955],[-88.0398,41.7955],[-88.0407,41.7956],[-88.0409,41.7956],[-88.0402,41.7956],[-88.0391,41.7955],[-88.0387,41.7955],[-88.0379,41.7955],[-88.0374,41.7955]],[[-88.0379,41.7954],[-88.0387,41.7954],[-88.0398,41.7954],[-88.0405,41.7954],[-88.0409,41.7955],[-88.0399,41.7954],[-88.0374,41.7954],[-88.0379,41.7954]],[[-87.6756,42.0101],[-87.6757,42.01],[-87.6756,42.0092],[-87.6756,42.009],[-87.6756,42.0101]],[[-87.6755,42.0092],[-87.6755,42.0092],[-87.6755,42.0101],[-87.6755,42.01],[-87.6755,42.0092],[-87.6755,42.0092]],[[-87.7278,41.9248],[-87.7283,41.9257],[-87.7281,41.9252],[-87.7277,41.9246],[-87.7278,41.9247],[-87.7278,41.9248]],[[-87.7282,41.9252],[-87.7282,41.9253],[-87.728,41.9249],[-87.7279,41.9246],[-87.7282,41.9252]],[[-87.8559,41.6337],[-87.8577,41.632]],[[-87.8578,41.6321],[-87.856,41.6338]],[[-87.6235,41.8842],[-87.6234,41.8844],[-87.6234,41.8866],[-87.6235,41.8849],[-87.6235,41.8848],[-87.6235,41.8842]],[[-87.8805,41.995],[-87.8806,41.9955],[-87.8809,41.9961],[-87.8808,41.9961],[-87.8805,41.995],[-87.8805,41.995]],[[-87.6217,41.8693],[-87.6216,41.8693],[-87.6211,41.8678],[-87.6217,41.8693]],[[-88.04,41.8831],[-88.039,41.8833],[-88.0382,41.8835],[-88.0374,41.8837],[-88.0368,41.8838]],[[-88.0185,41.8866],[-88.0182,41.8866]],[[-88.0182,41.8866],[-88.0123,41.8884],[-88.0087,41.8895],[-88.0085,41.8896],[-88.0047,41.8908],[-87.9934,41.8942],[-87.9928,41.8944],[-87.9922,41.8945],[-87.9917,41.8947],[-87.9913,41.8948],[-87.9907,41.8949],[-87.9901,41.895],[-87.9895,41.8951],[-87.989,41.8951],[-87.9887,41.8952],[-87.9884,41.8952],[-87.9791,41.8962],[-87.979,41.8963],[-87.9691,41.8974],[-87.9655,41.8978]],[[-88.0368,41.8837],[-88.0374,41.8836],[-88.0382,41.8834],[-88.0389,41.8833],[-88.04,41.883]],[[-88.0182,41.8866],[-88.0185,41.8865]],[[-87.9655,41.8977],[-87.969,41.8973],[-87.9788,41.8962],[-87.9791,41.8962],[-87.9792,41.8962],[-87.9886,41.8951],[-87.9888,41.8951],[-87.9892,41.895],[-87.9898,41.8949],[-87.9904,41.8948],[-87.991,41.8947],[-87.9915,41.8946],[-87.9919,41.8945],[-87.9925,41.8944],[-87.993,41.8942],[-87.9938,41.894],[-88.0085,41.8895],[-88.0086,41.8895],[-88.0163,41.8872],[-88.0182,41.8866]],[[-87.9761,41.8965],[-87.9788,41.8962],[-87.9761,41.8965],[-87.9761,41.8965]],[[-87.9761,41.8966],[-87.9788,41.8963],[-87.9778,41.8964],[-87.9773,41.8965],[-87.9761,41.8966]],[[-87.9641,41.8979],[-87.9637,41.898]],[[-87.9655,41.8978],[-87.9651,41.8978]],[[-87.9637,41.898],[-87.9592,41.8985],[-87.9534,41.8991],[-87.9492,41.8996],[-87.9491,41.8996],[-87.9483,41.8997],[-87.9477,41.8997],[-87.9471,41.8998],[-87.9465,41.8998],[-87.9454,41.8999],[-87.9447,41.8999],[-87.9445,41.8999],[-87.9441,41.8999],[-87.9427,41.8998],[-87.9422,41.8998],[-87.942,41.8998],[-87.9418,41.8998],[-87.9413,41.8997],[-87.9401,41.8996],[-87.9399,41.8996],[-87.9384,41.8994]],[[-87.9651,41.8978],[-87.9641,41.8979]],[[-87.9418,41.8998],[-87.9413,41.8998],[-87.9401,41.8996],[-87.9401,41.8997],[-87.9401,41.8997],[-87.9411,41.8998],[-87.9413,41.8998],[-87.9418,41.8998],[-87.9418,41.8998],[-87.9418,41.8998]],[[-87.9421,41.8997],[-87.9416,41.8997],[-87.941,41.8996],[-87.9401,41.8995],[-87.9401,41.8995],[-87.9413,41.8996],[-87.9418,41.8997],[-87.9421,41.8997],[-87.9421,41.8997]],[[-87.964,41.8978],[-87.9651,41.8977]],[[-87.9637,41.8979],[-87.964,41.8978]],[[-87.9651,41.8977],[-87.9655,41.8977]],[[-87.9385,41.8994],[-87.94,41.8995],[-87.941,41.8996],[-87.9416,41.8997],[-87.942,41.8997],[-87.9423,41.8997],[-87.9426,41.8998],[-87.9437,41.8998],[-87.9445,41.8998],[-87.9447,41.8998],[-87.9453,41.8998],[-87.9463,41.8997],[-87.9469,41.8997],[-87.9477,41.8996],[-87.9482,41.8996],[-87.9491,41.8995],[-87.9492,41.8995],[-87.9534,41.899],[-87.9592,41.8984],[-87.9637,41.8979]],[[-87.9389,41.8995],[-87.9389,41.8995],[-87.9399,41.8996],[-87.9399,41.8996],[-87.9399,41.8996],[-87.9389,41.8995]],[[-87.9399,41.8995],[-87.9391,41.8994],[-87.9391,41.8994],[-87.9399,41.8995],[-87.9399,41.8995]],[[-87.9163,41.8964],[-87.9147,41.8959],[-87.9163,41.8964],[-87.9163,41.8964]],[[-87.9163,41.8963],[-87.9148,41.8959],[-87.9164,41.8963],[-87.9163,41.8963]],[[-87.8706,41.8914],[-87.871,41.8914]],[[-87.8335,41.8877],[-87.8343,41.8878],[-87.8345,41.8878],[-87.839,41.8883],[-87.8392,41.8884],[-87.8394,41.8884],[-87.8434,41.8888],[-87.8441,41.8889],[-87.8444,41.8889],[-87.8458,41.8891],[-87.8483,41.8894],[-87.8513,41.8897],[-87.8563,41.8902],[-87.8565,41.8902],[-87.857,41.8903],[-87.8634,41.891]],[[-87.8634,41.891],[-87.8657,41.8913],[-87.8673,41.8914],[-87.8691,41.8914],[-87.8706,41.8914]],[[-87.7955,41.8329],[-87.7942,41.8332],[-87.7942,41.8332],[-87.7955,41.8329]],[[-87.7847,41.8354],[-87.7833,41.8357],[-87.7833,41.8357],[-87.7847,41.8354]],[[-87.7939,41.8332],[-87.793,41.8334],[-87.7939,41.8331],[-87.7939,41.8332]],[[-87.7847,41.8352],[-87.7833,41.8355],[-87.7837,41.8354],[-87.7838,41.8354],[-87.7847,41.8352],[-87.7847,41.8352]],[[-87.7939,41.8333],[-87.7939,41.8333],[-87.793,41.8335],[-87.7939,41.8333]],[[-87.7927,41.8334],[-87.7917,41.8336],[-87.7918,41.8336],[-87.7927,41.8334],[-87.7927,41.8334]],[[-87.8028,41.8313],[-87.8028,41.8313],[-87.8,41.8319],[-87.8004,41.8319],[-87.8017,41.8316],[-87.8023,41.8314],[-87.8028,41.8313]],[[-87.8022,41.8313],[-87.7994,41.8319],[-87.8002,41.8317],[-87.8009,41.8316],[-87.8018,41.8314],[-87.8022,41.8313],[-87.8022,41.8313]],[[-87.8594,41.9358],[-87.8592,41.9354],[-87.859,41.935],[-87.8587,41.9348],[-87.8584,41.9345],[-87.858,41.9343],[-87.8577,41.9341],[-87.8572,41.934],[-87.8568,41.9339],[-87.8565,41.9338],[-87.856,41.9338]],[[-87.8889,41.9438],[-87.8866,41.9428],[-87.8854,41.9423],[-87.8845,41.9419],[-87.8839,41.9417],[-87.8833,41.9415],[-87.8831,41.9414],[-87.8826,41.9412],[-87.8819,41.941],[-87.8814,41.9409],[-87.8753,41.9391],[-87.8736,41.9386]],[[-87.8836,41.9416],[-87.8831,41.9414],[-87.8836,41.9415],[-87.8836,41.9416]],[[-87.8835,41.9416],[-87.8833,41.9415],[-87.8831,41.9415],[-87.8835,41.9416]],[[-87.6908,41.6438],[-87.6907,41.6439]],[[-87.6907,41.6439],[-87.686,41.6477]],[[-87.6907,41.6439],[-87.6909,41.6438]],[[-87.6909,41.6438],[-87.6944,41.641],[-87.6947,41.6407]],[[-87.6282,41.7818],[-87.6282,41.7825],[-87.6282,41.7831]],[[-87.6308,41.859],[-87.6308,41.8595],[-87.6308,41.8601],[-87.6307,41.8604],[-87.6307,41.8609],[-87.6306,41.8616]],[[-87.6215,41.6744],[-87.6206,41.6745],[-87.6215,41.6745],[-87.6215,41.6744]],[[-87.6073,41.7071],[-87.6072,41.7071],[-87.6072,41.7071],[-87.6074,41.7064],[-87.6074,41.7064],[-87.6073,41.7071]],[[-87.609,41.6993],[-87.6089,41.6997],[-87.6089,41.6997],[-87.609,41.6997],[-87.609,41.6993]],[[-87.604,41.7213],[-87.6039,41.7216],[-87.6039,41.7216],[-87.6039,41.7216],[-87.604,41.7213]],[[-87.632,41.6743],[-87.6317,41.6744],[-87.6314,41.6744],[-87.632,41.6743],[-87.632,41.6743]],[[-87.6447,41.7365],[-87.6443,41.7378],[-87.6447,41.7365]],[[-87.5987,41.7444],[-87.5987,41.7444],[-87.5987,41.7444],[-87.5986,41.7448],[-87.5987,41.7444]],[[-87.602,41.7302],[-87.602,41.7298],[-87.6021,41.7298],[-87.602,41.7302]],[[-87.6003,41.7373],[-87.6003,41.7373],[-87.6004,41.7373],[-87.6002,41.7377],[-87.6003,41.7373]],[[-87.6596,41.7323],[-87.6582,41.7323],[-87.6596,41.7323]],[[-87.6596,41.7322],[-87.6582,41.7322],[-87.6596,41.7322]],[[-87.6167,41.8521],[-87.6163,41.8513],[-87.6167,41.8521]],[[-87.5913,41.8096],[-87.5913,41.8096],[-87.5912,41.8097],[-87.5911,41.8094],[-87.5913,41.8096]],[[-87.587,41.8007],[-87.587,41.8011],[-87.5871,41.8015],[-87.5872,41.8019],[-87.5873,41.8021],[-87.5873,41.8021],[-87.5872,41.8018],[-87.5871,41.8012],[-87.587,41.8007],[-87.587,41.8007]],[[-87.5871,41.8007],[-87.5872,41.8012],[-87.5873,41.8019],[-87.5874,41.8021],[-87.5875,41.8021],[-87.5874,41.8019],[-87.5873,41.8012],[-87.5872,41.8009],[-87.5871,41.8007],[-87.5871,41.8007]],[[-87.5907,41.7802],[-87.5906,41.7802],[-87.5906,41.7802],[-87.5909,41.7791],[-87.5909,41.7791],[-87.5907,41.7802]],[[-87.5905,41.7802],[-87.5905,41.7802],[-87.5905,41.7802],[-87.5907,41.7791],[-87.5908,41.7791],[-87.5905,41.7802]],[[-87.5954,41.759],[-87.5954,41.759],[-87.5953,41.7594],[-87.5954,41.759]],[[-87.6673,41.7268],[-87.6672,41.7278],[-87.6672,41.7281],[-87.6673,41.7281],[-87.6673,41.7278],[-87.6673,41.7268]],[[-87.6676,41.7213],[-87.6676,41.7213],[-87.6675,41.7229],[-87.6675,41.7229],[-87.6676,41.7213]],[[-87.6672,41.7268],[-87.6671,41.7278],[-87.6671,41.7283],[-87.6671,41.728],[-87.6671,41.7278],[-87.6672,41.7268]],[[-87.6674,41.7213],[-87.6675,41.7213],[-87.6674,41.7229],[-87.6674,41.7229],[-87.6674,41.7216],[-87.6674,41.7216],[-87.6674,41.7216],[-87.6674,41.7215],[-87.6674,41.7214],[-87.6674,41.7213]],[[-87.8024,41.887],[-87.8024,41.887],[-87.8024,41.887],[-87.7987,41.887],[-87.8023,41.887],[-87.8024,41.887]],[[-87.8007,41.8871],[-87.8007,41.8871],[-87.8026,41.8871],[-87.8026,41.8871],[-87.8025,41.8871],[-87.8023,41.8871],[-87.8021,41.8872],[-87.802,41.8871],[-87.8013,41.8871],[-87.8012,41.8872],[-87.8011,41.8872],[-87.801,41.8872],[-87.8009,41.8871],[-87.8009,41.8871],[-87.8007,41.8871]],[[-87.7663,41.999],[-87.7662,41.9989],[-87.7662,41.9989],[-87.766,41.9984],[-87.7658,41.9982],[-87.7657,41.9979],[-87.7657,41.9979],[-87.7657,41.9978],[-87.7655,41.9975],[-87.7657,41.9978],[-87.766,41.9984],[-87.7663,41.999]],[[-87.7088,42.0767],[-87.7095,42.0775],[-87.7106,42.0788],[-87.7088,42.0767],[-87.7088,42.0767]],[[-87.7185,42.0881],[-87.7168,42.0861],[-87.7185,42.0881]],[[-87.7107,42.0788],[-87.7096,42.0775],[-87.7089,42.0766],[-87.7097,42.0776],[-87.7107,42.0788]],[[-87.6983,42.0641],[-87.6983,42.064],[-87.6977,42.0633],[-87.697,42.0624],[-87.6969,42.0624],[-87.6983,42.0641]],[[-87.7167,42.0862],[-87.7168,42.0864],[-87.7183,42.0881],[-87.7167,42.0862]],[[-87.6842,42.0472],[-87.6842,42.0472],[-87.6842,42.0473],[-87.6845,42.0476],[-87.6845,42.0477],[-87.6846,42.0479],[-87.6848,42.0482],[-87.6849,42.0483],[-87.685,42.0483],[-87.685,42.0484],[-87.6842,42.0472]],[[-87.6843,42.0472],[-87.6844,42.0472],[-87.6844,42.0473],[-87.6844,42.0473],[-87.6848,42.0478],[-87.6848,42.0478],[-87.6849,42.0479],[-87.6849,42.0479],[-87.6851,42.0483],[-87.6851,42.0483],[-87.6852,42.0483],[-87.6852,42.0484],[-87.6843,42.0472]],[[-87.6386,41.8783],[-87.6385,41.8779],[-87.6385,41.875],[-87.6384,41.8745],[-87.6383,41.8739],[-87.6383,41.8737]],[[-87.8416,41.8226],[-87.8435,41.8221],[-87.8439,41.8221]],[[-87.8722,41.8157],[-87.8699,41.8162]],[[-87.8722,41.8156],[-87.8706,41.8159],[-87.8699,41.8161]],[[-87.8565,41.8191],[-87.8581,41.8187]],[[-87.8342,41.8241],[-87.8321,41.8246]],[[-87.8343,41.8242],[-87.8322,41.8247]],[[-87.8435,41.822],[-87.8416,41.8224]],[[-87.8196,41.8274],[-87.8206,41.8272]],[[-87.8794,41.8141],[-87.8772,41.8146],[-87.8767,41.8147]],[[-87.8582,41.8188],[-87.8566,41.8192]],[[-87.8794,41.8139],[-87.8782,41.8142],[-87.8778,41.8143]],[[-87.8226,41.8268],[-87.8209,41.8272],[-87.8196,41.8275]],[[-87.8548,41.8902],[-87.8562,41.8903],[-87.8548,41.8902]],[[-87.8705,41.9635],[-87.8703,41.9625],[-87.8703,41.9617],[-87.8705,41.9635]],[[-87.8701,41.9617],[-87.8703,41.9625],[-87.8704,41.9635],[-87.8701,41.9617]],[[-87.7237,42.0946],[-87.723,42.0938],[-87.723,42.0938],[-87.7237,42.0946]],[[-87.6745,41.9668],[-87.6746,41.9668],[-87.6745,41.9667],[-87.6745,41.9667],[-87.6745,41.9669],[-87.6746,41.9686],[-87.6746,41.9686],[-87.6746,41.9678],[-87.6746,41.9673],[-87.6745,41.9671],[-87.6745,41.9668]],[[-87.9244,41.8979],[-87.9228,41.8977],[-87.9225,41.8977],[-87.9213,41.8975],[-87.92,41.8973],[-87.919,41.8971],[-87.918,41.8969],[-87.916,41.8963],[-87.9147,41.896],[-87.9131,41.8955],[-87.9107,41.8949],[-87.9084,41.8943],[-87.9062,41.8939],[-87.9042,41.8936],[-87.9033,41.8935],[-87.9029,41.8935],[-87.9022,41.8934],[-87.8994,41.8931],[-87.8968,41.8928],[-87.895,41.8926],[-87.8923,41.8924],[-87.8879,41.8919],[-87.8846,41.8916],[-87.8836,41.8915],[-87.8805,41.8915],[-87.8796,41.8915],[-87.8777,41.8915],[-87.8755,41.8914],[-87.8731,41.8914],[-87.871,41.8915]],[[-87.871,41.8915],[-87.8706,41.8915]],[[-87.8706,41.8915],[-87.8681,41.8915],[-87.867,41.8915],[-87.8659,41.8914],[-87.8651,41.8913]],[[-87.6393,41.7622],[-87.6393,41.7627],[-87.6393,41.7631]],[[-87.6599,41.7578],[-87.66,41.7578]],[[-87.7035,41.749],[-87.7036,41.7489],[-87.7037,41.7489],[-87.7037,41.7489],[-87.7037,41.7489],[-87.7037,41.7489],[-87.7041,41.7486],[-87.7042,41.7486],[-87.7042,41.7485],[-87.7042,41.7485],[-87.7044,41.7483],[-87.7041,41.7486],[-87.7035,41.7489],[-87.7026,41.7494],[-87.7029,41.7493],[-87.7029,41.7493],[-87.7029,41.7493],[-87.7033,41.7491],[-87.7033,41.7491],[-87.7035,41.749],[-87.7035,41.749]],[[-87.8597,41.9367],[-87.8597,41.9369],[-87.8602,41.9383],[-87.8607,41.9399],[-87.861,41.9405],[-87.8629,41.946],[-87.8633,41.9471],[-87.8637,41.948],[-87.864,41.9489],[-87.8649,41.9513],[-87.8658,41.9539],[-87.866,41.9544],[-87.8661,41.9547],[-87.8664,41.9551],[-87.8671,41.9562],[-87.8675,41.9568]],[[-87.8812,41.8913],[-87.881,41.8913],[-87.8798,41.8913],[-87.8812,41.8913]],[[-87.8818,41.8914],[-87.8805,41.8914],[-87.8818,41.8915],[-87.8818,41.8914]],[[-87.7758,41.7069],[-87.7736,41.7087],[-87.7723,41.7096],[-87.7712,41.7103],[-87.7702,41.7108],[-87.7687,41.7115],[-87.7649,41.713],[-87.7601,41.715],[-87.7517,41.7183],[-87.7505,41.7188],[-87.7479,41.7198],[-87.7474,41.72],[-87.7444,41.7212],[-87.7411,41.7226],[-87.7408,41.7227],[-87.7404,41.7228],[-87.736,41.7246],[-87.7337,41.7256],[-87.7328,41.7261],[-87.7309,41.7274],[-87.7285,41.7293],[-87.7263,41.731],[-87.7221,41.7343],[-87.7215,41.7347],[-87.7214,41.7349],[-87.7211,41.7351],[-87.719,41.7367],[-87.7149,41.7399],[-87.7143,41.7404],[-87.7142,41.7405],[-87.7139,41.7407],[-87.7131,41.7413],[-87.7129,41.7415],[-87.7124,41.7419],[-87.7119,41.7423],[-87.7115,41.7426]],[[-87.8146,41.8869],[-87.8122,41.8869],[-87.8051,41.887]],[[-87.765,41.8875],[-87.7652,41.8875]],[[-87.7878,41.8872],[-87.788,41.8872]],[[-87.7797,41.8873],[-87.7799,41.8873]],[[-87.7632,41.8876],[-87.7605,41.8876]],[[-87.7678,41.8875],[-87.7675,41.8875]],[[-87.7943,41.8872],[-87.7928,41.8872]],[[-87.8003,41.887],[-87.8006,41.887]],[[-87.7848,41.8873],[-87.7845,41.8873]],[[-87.7652,41.8876],[-87.765,41.8876]],[[-87.7813,41.8873],[-87.7815,41.8873]],[[-87.775,41.8875],[-87.7748,41.8875]],[[-87.7675,41.8875],[-87.7678,41.8875]],[[-87.8007,41.8871],[-87.8004,41.8871]],[[-87.7602,41.8876],[-87.7605,41.8876]],[[-87.7632,41.8875],[-87.7634,41.8875]],[[-87.7897,41.8873],[-87.7894,41.8873]],[[-87.7701,41.8875],[-87.7699,41.8875]],[[-87.7766,41.8874],[-87.7764,41.8874]],[[-87.7675,41.8875],[-87.7669,41.8876]],[[-87.788,41.8873],[-87.7878,41.8873]],[[-87.7926,41.8871],[-87.7929,41.8871]],[[-87.7799,41.8874],[-87.7797,41.8874]],[[-87.7667,41.8875],[-87.7669,41.8875]],[[-87.7815,41.8874],[-87.7813,41.8874]],[[-87.7799,41.8873],[-87.7813,41.8873]],[[-87.7699,41.8875],[-87.7678,41.8875]],[[-87.7878,41.8873],[-87.7848,41.8873]],[[-87.7764,41.8874],[-87.775,41.8875]],[[-87.8049,41.8869],[-87.8051,41.8869]],[[-87.7748,41.8874],[-87.775,41.8874]],[[-87.8051,41.887],[-87.8049,41.887]],[[-87.7928,41.8872],[-87.7926,41.8872]],[[-87.8024,41.887],[-87.8026,41.887]],[[-87.7605,41.8876],[-87.7603,41.8876]],[[-87.7894,41.8872],[-87.7897,41.8872]],[[-87.7552,41.8876],[-87.7555,41.8876]],[[-87.7634,41.8876],[-87.7632,41.8876]],[[-87.797,41.8871],[-87.7972,41.8871]],[[-87.7669,41.8875],[-87.7675,41.8875]],[[-87.7845,41.8872],[-87.7848,41.8872]],[[-87.7719,41.8874],[-87.7722,41.8874]],[[-87.8026,41.8871],[-87.8023,41.8871]],[[-87.7943,41.8871],[-87.7946,41.8871]],[[-87.7972,41.8871],[-87.797,41.8871]],[[-87.7669,41.8876],[-87.7667,41.8876]],[[-87.7699,41.8874],[-87.7701,41.8874]],[[-87.7722,41.8875],[-87.7719,41.8875]],[[-87.7764,41.8874],[-87.7766,41.8874]],[[-87.7946,41.8872],[-87.7943,41.8872]],[[-87.7667,41.8876],[-87.7652,41.8876]],[[-87.8051,41.8869],[-87.8129,41.8868],[-87.8146,41.8868]],[[-87.7897,41.8872],[-87.7926,41.8871]],[[-87.7848,41.8872],[-87.7878,41.8872]],[[-87.7722,41.8874],[-87.7748,41.8874]],[[-87.8049,41.887],[-87.8026,41.8871]],[[-87.7634,41.8875],[-87.765,41.8875]],[[-87.7985,41.8871],[-87.7972,41.8871]],[[-87.765,41.8876],[-87.7634,41.8876]],[[-87.7701,41.8874],[-87.7719,41.8874]],[[-87.7748,41.8875],[-87.7722,41.8875]],[[-87.7766,41.8874],[-87.7797,41.8873]],[[-87.8006,41.887],[-87.8024,41.887]],[[-87.788,41.8872],[-87.7894,41.8872]],[[-87.7926,41.8872],[-87.7897,41.8873]],[[-87.7652,41.8875],[-87.7667,41.8875]],[[-87.7815,41.8873],[-87.7845,41.8872]],[[-87.7678,41.8875],[-87.7699,41.8874]],[[-87.7605,41.8876],[-87.7632,41.8875]],[[-87.7845,41.8873],[-87.7815,41.8874]],[[-87.7719,41.8875],[-87.7701,41.8875]],[[-87.8026,41.887],[-87.8049,41.8869]],[[-87.7797,41.8874],[-87.7766,41.8874]],[[-87.7894,41.8873],[-87.788,41.8873]],[[-87.7929,41.8871],[-87.7943,41.8871]],[[-87.7813,41.8874],[-87.7799,41.8874]],[[-87.8023,41.8871],[-87.8007,41.8871]],[[-87.797,41.8871],[-87.7946,41.8872]],[[-87.775,41.8874],[-87.7764,41.8874]],[[-87.7972,41.8871],[-87.7985,41.887]],[[-87.7579,41.8876],[-87.7602,41.8876]],[[-87.7946,41.8871],[-87.797,41.8871]],[[-87.7987,41.8871],[-87.7985,41.8871]],[[-87.7985,41.887],[-87.7987,41.887]],[[-87.7987,41.887],[-87.8003,41.887]],[[-87.8004,41.8871],[-87.7987,41.8871]],[[-87.8148,41.8869],[-87.8146,41.8869]],[[-87.8275,41.8872],[-87.8274,41.8871],[-87.8256,41.887]],[[-87.8146,41.8868],[-87.8148,41.8868]],[[-87.8233,41.8867],[-87.8235,41.8867]],[[-87.8161,41.8868],[-87.8163,41.8868]],[[-87.8177,41.8868],[-87.818,41.8868]],[[-87.8235,41.8868],[-87.8233,41.8868]],[[-87.8163,41.8869],[-87.816,41.8869]],[[-87.8253,41.8868],[-87.8256,41.8868]],[[-87.8179,41.8869],[-87.8176,41.8869]],[[-87.8176,41.8869],[-87.8163,41.8869]],[[-87.8256,41.887],[-87.8253,41.887]],[[-87.8163,41.8868],[-87.8177,41.8868]],[[-87.8148,41.8868],[-87.8161,41.8868]],[[-87.816,41.8869],[-87.8148,41.8869]],[[-87.8253,41.887],[-87.8237,41.8869],[-87.8235,41.8868]],[[-87.8235,41.8867],[-87.8245,41.8868],[-87.8252,41.8868],[-87.8253,41.8868]],[[-87.8233,41.8868],[-87.8226,41.8868],[-87.8192,41.8869],[-87.8179,41.8869]],[[-87.8256,41.8868],[-87.8267,41.887],[-87.8274,41.887],[-87.8285,41.8872],[-87.8298,41.8873]],[[-87.818,41.8868],[-87.8221,41.8867],[-87.8229,41.8867],[-87.8233,41.8867]],[[-87.7449,41.8442],[-87.7449,41.8442],[-87.7452,41.8441],[-87.7462,41.844],[-87.7476,41.8439],[-87.7469,41.844],[-87.746,41.8441],[-87.7452,41.8442],[-87.7449,41.8442]],[[-88.0179,42.0994],[-88.0154,42.0983],[-88.0104,42.0961],[-88.0088,42.0954],[-88.0068,42.0945],[-88.0048,42.0936],[-88.0045,42.0935],[-87.9969,42.09],[-87.9931,42.0884],[-87.9928,42.0882],[-87.9896,42.0868],[-87.9892,42.0866],[-87.9885,42.0863],[-87.9841,42.0844],[-87.9831,42.0839],[-87.9829,42.0838],[-87.9818,42.0833],[-87.9816,42.0832],[-87.9805,42.0828],[-87.976,42.0808],[-87.9742,42.0799],[-87.9668,42.0766],[-87.9653,42.076],[-87.9597,42.0735]],[[-88.0097,42.0957],[-88.0091,42.0954],[-88.0088,42.0953],[-88.0068,42.0944],[-88.0068,42.0944],[-88.0089,42.0954],[-88.0097,42.0957]],[[-88.0096,42.0958],[-88.0067,42.0945],[-88.0089,42.0954],[-88.0096,42.0958]],[[-87.9366,42.0631],[-87.9355,42.0626],[-87.9366,42.0631]],[[-87.9352,42.0625],[-87.9343,42.0621],[-87.9339,42.0619],[-87.9352,42.0625]],[[-87.9352,42.0626],[-87.9336,42.0619],[-87.9352,42.0626],[-87.9352,42.0626]],[[-87.9366,42.0633],[-87.9355,42.0627],[-87.936,42.063],[-87.9366,42.0633]],[[-87.9135,42.0528],[-87.9124,42.0523],[-87.9117,42.052],[-87.9135,42.0528]],[[-87.9134,42.0529],[-87.9117,42.0521],[-87.9121,42.0523],[-87.9123,42.0524],[-87.9134,42.0529]],[[-87.833,42.011],[-87.8318,42.0102],[-87.8309,42.0098],[-87.8318,42.0103],[-87.832,42.0104],[-87.833,42.011]],[[-87.833,42.0109],[-87.8309,42.0097],[-87.8319,42.0101],[-87.8331,42.0108],[-87.833,42.0109]],[[-87.778,41.9798],[-87.778,41.9798],[-87.7774,41.9795],[-87.778,41.9798]],[[-87.778,41.9797],[-87.7775,41.9794],[-87.778,41.9797],[-87.778,41.9797]],[[-87.7644,41.9721],[-87.7637,41.9717]],[[-87.7641,41.9718],[-87.7642,41.9719]],[[-87.7628,41.971],[-87.7634,41.9714],[-87.7638,41.9717],[-87.7641,41.9718]],[[-87.7637,41.9717],[-87.7628,41.9712],[-87.7621,41.9708]],[[-87.9115,41.8067],[-87.902,41.8089],[-87.9018,41.8089],[-87.9006,41.8092],[-87.9004,41.8092],[-87.8988,41.8096],[-87.8985,41.8096],[-87.8926,41.811]],[[-87.8926,41.8111],[-87.8986,41.8097],[-87.8988,41.8097],[-87.9005,41.8093],[-87.9011,41.8091],[-87.9019,41.809],[-87.9115,41.8068]],[[-87.8925,41.8111],[-87.8926,41.8111]],[[-87.8925,41.811],[-87.8926,41.811]],[[-87.8739,41.9761],[-87.8738,41.9755],[-87.8736,41.975],[-87.8735,41.9748],[-87.8739,41.9761],[-87.8739,41.9761]],[[-87.6296,41.8311],[-87.6295,41.8329],[-87.6295,41.8314],[-87.6296,41.8312],[-87.6296,41.8311]],[[-87.6294,41.8311],[-87.6293,41.8311],[-87.6293,41.8311],[-87.6293,41.8313],[-87.6293,41.8314],[-87.6293,41.8316],[-87.6294,41.8323],[-87.6294,41.8327],[-87.6294,41.8329],[-87.6294,41.8311]],[[-87.6283,41.7833],[-87.6282,41.7842],[-87.6282,41.7851],[-87.6282,41.7854]],[[-87.6283,41.7831],[-87.6283,41.7818],[-87.6283,41.7817]],[[-87.6282,41.7831],[-87.6283,41.7833]],[[-87.6283,41.7833],[-87.6283,41.7831]],[[-87.8063,42.0757],[-87.8063,42.0757],[-87.8057,42.0746],[-87.8053,42.0739],[-87.8052,42.0736],[-87.8054,42.0739],[-87.8054,42.074],[-87.8061,42.0752],[-87.8063,42.0757]],[[-87.8051,42.0736],[-87.8051,42.0736],[-87.8059,42.0751],[-87.8062,42.0757],[-87.8059,42.0753],[-87.8051,42.0736]],[[-87.5974,41.7502],[-87.5972,41.751],[-87.5972,41.751],[-87.5972,41.751],[-87.5974,41.7502]],[[-87.6038,41.7222],[-87.6039,41.7219]],[[-87.6005,41.7368],[-87.6005,41.7366]],[[-87.6021,41.7295],[-87.6022,41.7293]],[[-87.603,41.7259],[-87.603,41.7256]],[[-87.6029,41.7256],[-87.6029,41.7259]],[[-87.6004,41.7366],[-87.6004,41.7368]],[[-87.6038,41.7218],[-87.6037,41.7222]],[[-87.6021,41.7293],[-87.602,41.7295]],[[-87.603,41.7256],[-87.6038,41.7222]],[[-87.6022,41.7293],[-87.603,41.7259]],[[-87.6029,41.7259],[-87.6021,41.7293]],[[-87.6037,41.7222],[-87.6029,41.7256]],[[-87.602,41.7295],[-87.6004,41.7366]],[[-87.6005,41.7366],[-87.6021,41.7295]],[[-87.6039,41.7219],[-87.6058,41.7137]],[[-87.6057,41.7137],[-87.6038,41.7218]],[[-87.8145,41.675],[-87.8146,41.6749]],[[-87.8145,41.6749],[-87.8144,41.675]],[[-87.8181,41.6713],[-87.8162,41.6732]],[[-87.8099,41.6794],[-87.8145,41.675]],[[-87.6431,41.6096],[-87.6437,41.6085],[-87.6437,41.6085],[-87.6431,41.6096],[-87.6431,41.6096],[-87.6431,41.6096],[-87.6431,41.6096]],[[-87.8616,41.6289],[-87.8606,41.6298],[-87.8598,41.6304],[-87.8593,41.6308]],[[-87.8618,41.6287],[-87.8616,41.6289]],[[-87.9417,41.6962],[-87.9428,41.6952],[-87.9443,41.694],[-87.9462,41.6926],[-87.9476,41.6918],[-87.9493,41.691],[-87.9536,41.6894],[-87.957,41.6881],[-87.9591,41.6873],[-87.9618,41.6863],[-87.9668,41.6846],[-87.9695,41.6837],[-87.9695,41.6836]],[[-87.9695,41.6836],[-87.9697,41.6836]],[[-87.9695,41.6836],[-87.9684,41.684],[-87.9643,41.6854],[-87.9598,41.687],[-87.9584,41.6875],[-87.9561,41.6884],[-87.951,41.6903],[-87.9483,41.6914],[-87.9471,41.6921],[-87.945,41.6934],[-87.9437,41.6944],[-87.9419,41.6959],[-87.9416,41.6962]],[[-87.9696,41.6836],[-87.9695,41.6836]],[[-87.6124,41.6848],[-87.6116,41.6879]],[[-87.6116,41.6879],[-87.6114,41.6888]],[[-87.9697,41.6836],[-87.9749,41.6818],[-87.9791,41.6804],[-87.9851,41.6787],[-87.988,41.6779],[-87.9907,41.6771],[-87.9938,41.6763],[-87.9962,41.6755],[-87.9987,41.6747],[-87.9994,41.6745],[-87.9999,41.6743],[-88.0002,41.6742],[-88.0003,41.6742],[-88.0024,41.6739],[-88.0035,41.6737],[-88.0097,41.6727],[-88.0115,41.6725],[-88.0134,41.6721],[-88.0152,41.6717],[-88.0168,41.671],[-88.0211,41.6691],[-88.0221,41.6687],[-88.0254,41.6672],[-88.0314,41.6645],[-88.0352,41.6628],[-88.0401,41.6606],[-88.0415,41.6599],[-88.0434,41.6589],[-88.0443,41.6583],[-88.0457,41.6569],[-88.0465,41.6559],[-88.0473,41.6546],[-88.0477,41.6534],[-88.048,41.6523],[-88.0482,41.6498],[-88.0486,41.645],[-88.049,41.641],[-88.0491,41.6395],[-88.0494,41.6366],[-88.0496,41.6343],[-88.05,41.63],[-88.05,41.6297]],[[-88.0499,41.63],[-88.0495,41.6343],[-88.0492,41.6376],[-88.0491,41.6395],[-88.0489,41.641],[-88.0487,41.6441],[-88.0482,41.6498],[-88.0479,41.6523],[-88.0477,41.6534],[-88.0472,41.6546],[-88.0464,41.6559],[-88.0456,41.6569],[-88.0442,41.6582],[-88.0433,41.6589],[-88.0415,41.6599],[-88.0352,41.6627],[-88.0314,41.6644],[-88.0254,41.6672],[-88.0231,41.6682],[-88.0203,41.6694],[-88.0168,41.671],[-88.0152,41.6716],[-88.0134,41.6721],[-88.0115,41.6724],[-88.0097,41.6727],[-88.0029,41.6737],[-88.0021,41.6739],[-88.0003,41.6742],[-88.0002,41.6742],[-87.9987,41.6747],[-87.9946,41.676],[-87.9918,41.6768],[-87.988,41.6778],[-87.9851,41.6786],[-87.9791,41.6803],[-87.9748,41.6818],[-87.9696,41.6836]],[[-87.6503,41.7212],[-87.6504,41.7209],[-87.6503,41.7212]],[[-87.6477,41.8899],[-87.6486,41.8899]],[[-87.6456,41.888],[-87.6465,41.8879],[-87.6472,41.888],[-87.648,41.888],[-87.6486,41.8881],[-87.6488,41.8881],[-87.65,41.8883],[-87.6507,41.8884]],[[-87.6456,41.888],[-87.6442,41.888]],[[-87.6456,41.888],[-87.6466,41.888],[-87.6471,41.888],[-87.6477,41.8881],[-87.6483,41.8881],[-87.6487,41.8882],[-87.649,41.8882]],[[-87.6442,41.8881],[-87.6456,41.888]],[[-87.6399,41.8875],[-87.64,41.8876],[-87.6402,41.8877],[-87.6404,41.8879],[-87.6407,41.8879],[-87.641,41.888],[-87.6414,41.888],[-87.6424,41.888],[-87.6442,41.888]],[[-87.6442,41.888],[-87.6456,41.888]],[[-87.6397,41.8871],[-87.6399,41.8873],[-87.6399,41.8874]],[[-87.6389,41.8846],[-87.6389,41.885],[-87.6389,41.8855],[-87.6389,41.8859],[-87.639,41.8861],[-87.639,41.8863],[-87.6393,41.8867]],[[-87.6396,41.8871],[-87.6398,41.8874],[-87.6399,41.8876]],[[-87.9737,41.9621],[-87.9746,41.9624],[-87.9763,41.9629]],[[-87.9766,41.9629],[-87.9746,41.9623],[-87.974,41.9621]],[[-87.6124,41.6847],[-87.6124,41.6848]],[[-87.6609,41.6691],[-87.6604,41.6695],[-87.6606,41.6694],[-87.6609,41.6691]],[[-87.6945,41.6408],[-87.6941,41.6412]],[[-87.6942,41.6411],[-87.6947,41.6407]],[[-87.6949,41.6405],[-87.6985,41.6376],[-87.7002,41.6362],[-87.7028,41.634],[-87.7061,41.6312],[-87.7106,41.6275],[-87.7128,41.6257],[-87.7137,41.625],[-87.7153,41.6237],[-87.7177,41.6217],[-87.7255,41.6153],[-87.7362,41.6064],[-87.7364,41.6062]],[[-87.6949,41.6405],[-87.6947,41.6407],[-87.6946,41.6407]],[[-87.6947,41.6407],[-87.6948,41.6406],[-87.6949,41.6405]],[[-87.6946,41.6407],[-87.6941,41.6412],[-87.6918,41.643],[-87.6908,41.6438]],[[-87.795,41.9195],[-87.7937,41.9191],[-87.795,41.9195],[-87.795,41.9195]],[[-87.7937,41.9189],[-87.7949,41.9194],[-87.795,41.9193],[-87.7937,41.9189]],[[-87.631,41.6322],[-87.6303,41.6336],[-87.6303,41.6336],[-87.6302,41.6336],[-87.631,41.6322]],[[-87.6706,41.6921],[-87.6704,41.6933]],[[-87.6705,41.6933],[-87.6707,41.6921]],[[-87.9462,41.799],[-87.9453,41.7992]],[[-87.9463,41.7988],[-87.9457,41.799],[-87.9453,41.7991]],[[-87.6858,41.8575],[-87.6839,41.8581],[-87.6858,41.8575]],[[-87.6843,41.8581],[-87.6863,41.8575],[-87.6856,41.8577],[-87.6854,41.8578],[-87.685,41.8579],[-87.6843,41.8581],[-87.6843,41.8581]],[[-87.6691,41.7049],[-87.669,41.7061],[-87.669,41.7063],[-87.669,41.7065],[-87.669,41.706],[-87.6691,41.7049]],[[-87.669,41.7049],[-87.6688,41.7065],[-87.669,41.7049],[-87.669,41.7049]],[[-88.0103,41.7955],[-88.007,41.7955]],[[-88.007,41.7956],[-88.0102,41.7956]],[[-87.6234,41.6464],[-87.6235,41.6464],[-87.6242,41.6449],[-87.6242,41.6449],[-87.6234,41.6464]],[[-87.7662,41.9167],[-87.7664,41.9168],[-87.7676,41.9167],[-87.7662,41.9167]],[[-87.7676,41.9166],[-87.7662,41.9166],[-87.7671,41.9166],[-87.7676,41.9166]],[[-87.6752,41.6623],[-87.6751,41.6623],[-87.6752,41.6618],[-87.6752,41.6621],[-87.6752,41.6623]],[[-87.6715,41.6847],[-87.6715,41.6849],[-87.6714,41.6861],[-87.6715,41.6847]],[[-87.6713,41.686],[-87.6714,41.6847],[-87.6713,41.686]],[[-87.7795,41.7041],[-87.7797,41.7039],[-87.7799,41.7037],[-87.7809,41.703],[-87.781,41.7029],[-87.7817,41.7024],[-87.7795,41.7041]],[[-87.7817,41.7025],[-87.7817,41.7026],[-87.7796,41.7042],[-87.7817,41.7025]],[[-87.6559,41.706],[-87.6562,41.7052]],[[-87.656,41.706],[-87.6564,41.7052]],[[-87.8024,41.9222],[-87.8024,41.9222],[-87.8008,41.9216],[-87.8008,41.9217],[-87.8016,41.922],[-87.8024,41.9222]],[[-87.8008,41.9215],[-87.8008,41.9215],[-87.8018,41.9218],[-87.8024,41.922],[-87.8014,41.9217],[-87.8008,41.9215]],[[-87.74,41.6031],[-87.7391,41.6038],[-87.7384,41.6045],[-87.7376,41.6051],[-87.7376,41.6052],[-87.7398,41.6033],[-87.7401,41.603],[-87.74,41.6031]],[[-87.7399,41.6033],[-87.7404,41.6029],[-87.7399,41.6034],[-87.738,41.6049],[-87.7399,41.6033]],[[-87.6683,41.6627],[-87.6684,41.6626],[-87.6692,41.662],[-87.6689,41.6622],[-87.6683,41.6627]],[[-87.8738,41.6084],[-87.8733,41.6107],[-87.8738,41.6084]],[[-87.6353,41.6243],[-87.6361,41.6227],[-87.6353,41.6243]],[[-88.0017,41.674],[-88.0019,41.674],[-88.0035,41.6737],[-88.0017,41.674]],[[-88.004,41.6736],[-88.0021,41.6738],[-88.0029,41.6737],[-88.004,41.6736]],[[-87.7127,41.6258],[-87.7106,41.6274],[-87.7127,41.6258]],[[-87.7131,41.6255],[-87.7138,41.6249],[-87.7141,41.6247],[-87.7131,41.6255]],[[-87.8138,41.9247],[-87.8147,41.9248],[-87.8154,41.925],[-87.8159,41.9251],[-87.816,41.9251],[-87.8153,41.9249],[-87.815,41.9249],[-87.8146,41.9248],[-87.8138,41.9246],[-87.8138,41.9247]],[[-87.8159,41.9252],[-87.8159,41.9252],[-87.8152,41.9251],[-87.8146,41.9249],[-87.8137,41.9248],[-87.8143,41.9249],[-87.8151,41.9251],[-87.8159,41.9252]],[[-87.824,41.8868],[-87.8246,41.8868],[-87.8253,41.8868],[-87.8249,41.8869],[-87.8244,41.8868],[-87.824,41.8868]],[[-87.8235,41.8869],[-87.8235,41.8869],[-87.8241,41.8869],[-87.8252,41.887],[-87.8253,41.887],[-87.8246,41.8869],[-87.8235,41.8869]],[[-87.9292,41.8027],[-87.9292,41.8027],[-87.9282,41.8029],[-87.9274,41.8031],[-87.9274,41.8031],[-87.9292,41.8027]],[[-87.9274,41.8032],[-87.9292,41.8028],[-87.9292,41.8029],[-87.928,41.8031],[-87.9274,41.8032]],[[-87.9271,41.8032],[-87.9258,41.8034],[-87.9271,41.8032]],[[-87.7066,41.8882],[-87.7066,41.8882],[-87.7074,41.8883],[-87.7066,41.8882]],[[-87.6726,41.6759],[-87.6725,41.6772],[-87.6726,41.6759]],[[-87.6725,41.6763],[-87.6723,41.6772],[-87.6725,41.6763]],[[-87.9946,41.7956],[-87.9916,41.7956]],[[-87.9945,41.7955],[-87.9938,41.7955],[-87.9931,41.7955],[-87.9916,41.7955]],[[-87.7499,41.719],[-87.749,41.7194],[-87.7483,41.7196],[-87.748,41.7198],[-87.7499,41.719]],[[-87.7481,41.7198],[-87.7482,41.7198],[-87.7504,41.7189],[-87.7481,41.7198]],[[-87.6698,41.6992],[-87.6698,41.699],[-87.6699,41.6988],[-87.67,41.6979],[-87.6698,41.6992]],[[-87.6698,41.6979],[-87.6698,41.6983],[-87.6697,41.6992],[-87.6698,41.6979]],[[-87.9018,41.809],[-87.9018,41.8091],[-87.9014,41.8092],[-87.9006,41.8093],[-87.9006,41.8093],[-87.9018,41.809]],[[-87.9006,41.8092],[-87.9011,41.809],[-87.9017,41.8089],[-87.9018,41.8089],[-87.9006,41.8092]],[[-87.9755,41.7957],[-87.976,41.7957],[-87.9771,41.7957],[-87.9778,41.7957],[-87.9783,41.7956],[-87.9755,41.7957]],[[-87.9783,41.7955],[-87.9775,41.7955],[-87.9762,41.7955],[-87.976,41.7955],[-87.976,41.7955],[-87.9755,41.7955],[-87.9783,41.7955]],[[-87.7853,41.9165],[-87.7858,41.9165],[-87.7863,41.9166],[-87.7868,41.9167],[-87.7874,41.9168],[-87.7876,41.9169],[-87.7871,41.9167],[-87.7865,41.9166],[-87.786,41.9166],[-87.7856,41.9165],[-87.7853,41.9165],[-87.7853,41.9165]],[[-87.7854,41.9164],[-87.7858,41.9164],[-87.7863,41.9164],[-87.7867,41.9165],[-87.7872,41.9166],[-87.7876,41.9167],[-87.7875,41.9167],[-87.787,41.9165],[-87.7865,41.9164],[-87.7861,41.9164],[-87.7858,41.9164],[-87.7854,41.9163],[-87.7854,41.9164]],[[-87.9082,42.093],[-87.9075,42.0912],[-87.9082,42.093]],[[-87.9074,42.0913],[-87.9081,42.093],[-87.9074,42.0913]],[[-87.6674,41.7138],[-87.6674,41.7138],[-87.6674,41.7138],[-87.6674,41.7137],[-87.6674,41.7133],[-87.6674,41.713],[-87.6674,41.7129],[-87.6675,41.7128],[-87.6675,41.7127],[-87.6675,41.7127],[-87.6675,41.7126],[-87.6675,41.7124],[-87.6676,41.7121],[-87.6675,41.7125],[-87.6674,41.7129],[-87.6674,41.7131],[-87.6674,41.7133],[-87.6674,41.7135],[-87.6674,41.7138]],[[-87.8772,41.7345],[-87.8772,41.7344],[-87.8782,41.7335],[-87.8786,41.7331],[-87.8772,41.7345]],[[-87.8787,41.7332],[-87.8786,41.7333],[-87.8778,41.734],[-87.8787,41.7332]],[[-87.7142,41.7406],[-87.7133,41.7413],[-87.7142,41.7406]],[[-87.7131,41.7413],[-87.7135,41.741],[-87.7141,41.7406],[-87.7131,41.7413]],[[-87.7128,41.7415],[-87.7129,41.7415],[-87.7125,41.7417],[-87.7128,41.7415]],[[-87.7126,41.7418],[-87.7126,41.7418],[-87.713,41.7415],[-87.7126,41.7418]],[[-87.7947,41.6924],[-87.7956,41.6917],[-87.7961,41.6913],[-87.7967,41.6908],[-87.7947,41.6924]],[[-87.9545,41.7971],[-87.954,41.7972],[-87.9531,41.7974],[-87.9516,41.7978]],[[-87.9537,41.7972],[-87.953,41.7973],[-87.9507,41.7978]],[[-87.8537,41.6357],[-87.8541,41.6353]],[[-87.6983,42.0642],[-87.6975,42.0633],[-87.697,42.0627],[-87.6979,42.0638],[-87.6982,42.0642],[-87.6983,42.0642]],[[-87.8081,41.6812],[-87.8081,41.6812],[-87.8066,41.6826],[-87.8066,41.6826],[-87.8066,41.6826],[-87.8076,41.6817],[-87.8081,41.6812],[-87.8081,41.6812]],[[-87.8065,41.6826],[-87.8069,41.6821],[-87.8079,41.6811],[-87.8065,41.6826]],[[-87.6737,41.6702],[-87.6737,41.6701],[-87.6736,41.6707],[-87.6737,41.6702]],[[-88.0492,41.638],[-88.0492,41.6367],[-88.0492,41.6371],[-88.0491,41.638],[-88.0492,41.638]],[[-88.0493,41.638],[-88.0493,41.6379],[-88.0494,41.6366],[-88.0493,41.638]],[[-87.9307,41.8025],[-87.9307,41.8025],[-87.9294,41.8028],[-87.9307,41.8025]],[[-87.6375,41.8679],[-87.6375,41.8675]],[[-87.638,41.8719],[-87.6379,41.8711],[-87.6377,41.8696]],[[-87.9004,41.8092],[-87.8989,41.8095],[-87.8988,41.8096]],[[-87.8989,41.8097],[-87.8993,41.8096],[-87.9004,41.8093]],[[-87.8193,41.8275],[-87.8179,41.8278],[-87.8175,41.8279]],[[-87.9451,41.7992],[-87.9438,41.7995]],[[-87.9437,41.7994],[-87.9451,41.7991]],[[-87.6656,41.8394],[-87.6659,41.8393]],[[-87.6231,41.8807],[-87.6231,41.8797],[-87.623,41.879],[-87.623,41.8784],[-87.623,41.878],[-87.623,41.8756],[-87.6229,41.8752],[-87.6228,41.8745],[-87.6227,41.8741],[-87.6227,41.8733]],[[-87.623,41.8804],[-87.623,41.8806]],[[-87.6475,41.8605],[-87.6481,41.8604]],[[-87.7345,41.8466],[-87.7333,41.8468],[-87.7302,41.8475],[-87.7297,41.8476]],[[-87.6696,41.8886],[-87.6718,41.8885]],[[-87.6718,41.8886],[-87.6696,41.8886]],[[-87.6696,41.8886],[-87.6718,41.8886]],[[-87.6559,41.8898],[-87.6572,41.8898]],[[-87.6718,41.8887],[-87.6697,41.8888]],[[-87.6316,41.8675],[-87.6315,41.8672]],[[-87.632,41.87],[-87.6319,41.8693],[-87.6316,41.8678],[-87.6316,41.8675]],[[-87.6316,41.8675],[-87.6315,41.8672]],[[-87.632,41.8692],[-87.6317,41.8679],[-87.6316,41.8675]],[[-87.6375,41.8685],[-87.6375,41.868],[-87.6374,41.8675]],[[-87.638,41.8719],[-87.6379,41.8711],[-87.6376,41.8696]],[[-87.6369,41.8529],[-87.6369,41.8528]],[[-87.6369,41.8527],[-87.6369,41.8528]],[[-87.6369,41.8528],[-87.6369,41.852]],[[-87.637,41.8553],[-87.637,41.8551]],[[-87.8157,42.0974],[-87.8152,42.0962],[-87.8144,42.0942],[-87.8116,42.0874],[-87.8115,42.0873],[-87.8094,42.082],[-87.8086,42.0802]],[[-87.8085,42.0802],[-87.8093,42.082],[-87.8098,42.0831],[-87.8109,42.0858],[-87.8115,42.0873],[-87.8116,42.0874],[-87.812,42.0885],[-87.8148,42.0954],[-87.8152,42.0963],[-87.8156,42.0974],[-87.8158,42.0977],[-87.816,42.0981],[-87.8164,42.0993]],[[-87.7469,41.9145],[-87.7454,41.9143],[-87.7469,41.9145]],[[-87.7465,41.9146],[-87.7444,41.9143],[-87.7465,41.9146]],[[-87.6442,41.8899],[-87.6445,41.8899]],[[-87.646,41.8899],[-87.6475,41.8899]],[[-87.6445,41.8899],[-87.6454,41.8899]],[[-87.6516,41.8884],[-87.6522,41.8884],[-87.6533,41.8884],[-87.6535,41.8884],[-87.6545,41.8884],[-87.6556,41.8884],[-87.6558,41.8884],[-87.6568,41.8884],[-87.6569,41.8884],[-87.6579,41.8884],[-87.6596,41.8885],[-87.6607,41.8886]],[[-87.6669,41.915],[-87.6669,41.9149]],[[-87.8193,41.6701],[-87.821,41.6683],[-87.8193,41.6701]],[[-87.8194,41.6701],[-87.8211,41.6683],[-87.8194,41.6701]],[[-87.639,41.8791],[-87.6391,41.8814],[-87.639,41.8822],[-87.639,41.8825]],[[-87.6389,41.8831],[-87.6389,41.8833],[-87.6389,41.8839]],[[-87.6389,41.8791],[-87.639,41.8815],[-87.639,41.8825],[-87.6389,41.8829],[-87.6389,41.883]],[[-87.639,41.8829],[-87.6389,41.8831]],[[-87.6235,41.8849],[-87.6235,41.8866],[-87.6235,41.8842],[-87.6235,41.8848],[-87.6235,41.8849],[-87.6235,41.8849]],[[-87.6232,41.8819],[-87.6231,41.8816]],[[-87.6225,41.8712],[-87.6226,41.8716],[-87.6226,41.8718],[-87.6226,41.8726],[-87.6227,41.8741],[-87.6227,41.8745],[-87.6228,41.875],[-87.6228,41.8756],[-87.6229,41.8774],[-87.6229,41.8784],[-87.623,41.8792],[-87.623,41.88],[-87.623,41.8804]],[[-87.6227,41.8718],[-87.6226,41.8712],[-87.6225,41.871],[-87.6224,41.8708]],[[-87.6221,41.87],[-87.6221,41.8699]],[[-87.6115,41.6886],[-87.6117,41.6882],[-87.6117,41.688]],[[-87.6117,41.688],[-87.6122,41.6858]],[[-87.6749,41.657],[-87.6747,41.6572],[-87.6745,41.6574]],[[-87.675,41.657],[-87.6747,41.6573],[-87.6745,41.6574]],[[-87.6745,41.6574],[-87.6737,41.6581],[-87.6733,41.6585],[-87.6731,41.6587]],[[-87.6745,41.6574],[-87.6737,41.658],[-87.6734,41.6583],[-87.6731,41.6587]],[[-87.6377,41.8696],[-87.6376,41.8692]],[[-87.6376,41.8692],[-87.6376,41.8696]],[[-87.6376,41.8692],[-87.6375,41.8688]],[[-87.6376,41.8692],[-87.6376,41.8688]],[[-87.6377,41.8692],[-87.6376,41.8688]],[[-87.6376,41.8688],[-87.6375,41.8685]],[[-87.6376,41.8685],[-87.6375,41.8679]],[[-87.6375,41.8682],[-87.6374,41.8675]],[[-87.6383,41.8737],[-87.6382,41.8732],[-87.6381,41.8727],[-87.638,41.8719]],[[-87.6391,41.883],[-87.6391,41.8831]],[[-87.6396,41.8812],[-87.6396,41.8814],[-87.6391,41.8829],[-87.6391,41.883]],[[-87.6396,41.8871],[-87.6397,41.8872]],[[-87.6409,41.8866],[-87.6409,41.8867]],[[-87.6407,41.8851],[-87.6407,41.8856],[-87.6407,41.8858]],[[-87.6407,41.8851],[-87.6408,41.8856],[-87.6408,41.8858]],[[-87.6408,41.8851],[-87.6408,41.8858]],[[-87.6409,41.8851],[-87.6409,41.8858]],[[-87.641,41.8851],[-87.641,41.8855],[-87.641,41.8857]],[[-87.6407,41.8858],[-87.6407,41.886]],[[-87.6408,41.8858],[-87.6408,41.8861]],[[-87.6408,41.8858],[-87.6408,41.8863]],[[-87.6409,41.8858],[-87.6409,41.886]],[[-87.6409,41.8858],[-87.6409,41.886]],[[-87.6409,41.8863],[-87.6409,41.8864]],[[-87.6408,41.8863],[-87.6409,41.8864]],[[-87.6408,41.8861],[-87.6408,41.8863]],[[-87.6407,41.886],[-87.6407,41.8864]],[[-87.6409,41.8867],[-87.6409,41.8869]],[[-87.6409,41.8866],[-87.6409,41.8867]],[[-87.6409,41.8864],[-87.6409,41.8866]],[[-87.6408,41.8864],[-87.6408,41.8866]],[[-87.6408,41.8867],[-87.6408,41.8867]],[[-87.6407,41.8863],[-87.6407,41.8865]],[[-87.6407,41.8865],[-87.6407,41.8867]],[[-87.6407,41.8867],[-87.6407,41.8869]],[[-87.6407,41.8865],[-87.6407,41.8866]],[[-87.6407,41.8869],[-87.6407,41.8873],[-87.6407,41.8875]],[[-87.6407,41.8867],[-87.6407,41.8869]],[[-87.6408,41.8867],[-87.6408,41.8869]],[[-87.6409,41.8867],[-87.6409,41.8869]],[[-87.6409,41.8869],[-87.6409,41.887]],[[-87.6407,41.8864],[-87.6407,41.8865]],[[-87.6408,41.8863],[-87.6408,41.8864]],[[-87.6408,41.8866],[-87.6408,41.8867]],[[-87.6409,41.8864],[-87.6409,41.8866]],[[-87.6409,41.8866],[-87.6409,41.8866]],[[-87.6407,41.8858],[-87.6407,41.8861]],[[-87.6407,41.8862],[-87.6407,41.8863]],[[-87.6407,41.8869],[-87.6407,41.887]],[[-87.6407,41.8866],[-87.6407,41.8867]],[[-87.6407,41.887],[-87.6408,41.8873]],[[-87.6408,41.8869],[-87.6408,41.887]],[[-87.6408,41.887],[-87.6408,41.8873]],[[-87.6408,41.8873],[-87.6408,41.8875]],[[-87.6409,41.8869],[-87.6409,41.887]],[[-87.6409,41.887],[-87.6409,41.8873]],[[-87.6409,41.8873],[-87.6409,41.8875]],[[-87.6409,41.887],[-87.6409,41.8873]],[[-87.6409,41.886],[-87.6409,41.8863]],[[-87.641,41.8857],[-87.6409,41.8858]],[[-87.6407,41.8858],[-87.6407,41.8858]],[[-87.6322,41.8721],[-87.6322,41.872]],[[-87.6321,41.873],[-87.6322,41.8752],[-87.6322,41.873],[-87.6322,41.8728],[-87.6321,41.8726],[-87.6321,41.873]],[[-87.6323,41.8726],[-87.6323,41.873],[-87.6324,41.8752],[-87.6324,41.873],[-87.6324,41.8728],[-87.6323,41.8726],[-87.6323,41.8726]],[[-87.6801,41.6526],[-87.6802,41.6525]],[[-87.6817,41.6513],[-87.6826,41.6505]],[[-87.6682,41.9172],[-87.6684,41.9177],[-87.6683,41.9175],[-87.6683,41.9175],[-87.6683,41.9174],[-87.6683,41.9173],[-87.6683,41.9173],[-87.6682,41.9172],[-87.6682,41.9172],[-87.6682,41.9172],[-87.6681,41.9171],[-87.6681,41.917],[-87.668,41.9169],[-87.668,41.9168],[-87.6679,41.9167],[-87.6681,41.9171],[-87.6682,41.9172]],[[-87.6486,41.8899],[-87.6486,41.8899]],[[-87.6501,41.8898],[-87.6505,41.8898]],[[-87.6492,41.8898],[-87.6494,41.8898]],[[-87.6512,41.8898],[-87.6519,41.8898]],[[-87.6505,41.8898],[-87.6507,41.8898]],[[-87.6519,41.8899],[-87.6518,41.8899]],[[-87.7949,41.6924],[-87.7969,41.6908],[-87.7968,41.6909],[-87.7968,41.691],[-87.7959,41.6916],[-87.7958,41.6917],[-87.7956,41.6918],[-87.7952,41.6922],[-87.7949,41.6924]],[[-87.6586,41.7579],[-87.6599,41.7578]],[[-87.6361,41.8196],[-87.6361,41.8191]],[[-87.6362,41.8204],[-87.6361,41.82],[-87.6361,41.8196]],[[-87.6369,41.8528],[-87.6369,41.8529]],[[-87.6229,41.8771],[-87.6229,41.8773],[-87.623,41.8779],[-87.6229,41.8773],[-87.6229,41.8765],[-87.6229,41.8765],[-87.6229,41.877],[-87.6229,41.8771]],[[-87.6227,41.8733],[-87.6227,41.872],[-87.6227,41.8718]],[[-87.6231,41.8815],[-87.6231,41.8807]],[[-87.6231,41.8816],[-87.6231,41.8815]],[[-87.6231,41.8827],[-87.6234,41.8837]],[[-87.6231,41.8824],[-87.6231,41.8825]],[[-87.6231,41.8825],[-87.6231,41.8827]],[[-87.8776,41.9873],[-87.8787,41.9902],[-87.8804,41.995],[-87.8811,41.9972],[-87.8812,41.9973]],[[-87.8776,41.9872],[-87.8776,41.9873]],[[-87.69,41.8898],[-87.6883,41.8892],[-87.6881,41.8891],[-87.6887,41.8894],[-87.6893,41.8896],[-87.69,41.8898]],[[-87.6882,41.889],[-87.6887,41.8892],[-87.69,41.8897],[-87.6882,41.889]],[[-87.7392,41.9465],[-87.7395,41.9471],[-87.7396,41.9472],[-87.7392,41.9465]],[[-87.739,41.9464],[-87.7394,41.9472],[-87.7394,41.9472],[-87.739,41.9464]],[[-87.7458,41.9592],[-87.7461,41.9597],[-87.7462,41.9599],[-87.7465,41.9606],[-87.7465,41.9606],[-87.7462,41.9601],[-87.7458,41.9592]],[[-87.7456,41.9592],[-87.7459,41.9599],[-87.7463,41.9605],[-87.7463,41.9606],[-87.7461,41.9601],[-87.7456,41.9592]],[[-87.6393,41.7631],[-87.6393,41.7649]],[[-87.6393,41.7649],[-87.6394,41.7652]],[[-87.6394,41.7641],[-87.6394,41.7638]],[[-87.6394,41.7652],[-87.6394,41.7641]],[[-87.8546,41.9337],[-87.8548,41.9337]],[[-87.6394,41.8868],[-87.6396,41.8871]],[[-87.6393,41.8867],[-87.6396,41.8871]],[[-87.6397,41.8871],[-87.6397,41.8871]],[[-87.6396,41.8871],[-87.6397,41.8872]],[[-87.649,41.8882],[-87.6505,41.8884],[-87.6511,41.8885],[-87.6517,41.8885],[-87.6522,41.8885],[-87.6533,41.8885],[-87.6535,41.8885],[-87.6542,41.8885]],[[-87.65,41.8883],[-87.6497,41.8883]],[[-87.6535,41.8885],[-87.6534,41.8885],[-87.6523,41.8885],[-87.6521,41.8885],[-87.6515,41.8885],[-87.651,41.8885],[-87.6504,41.8884],[-87.65,41.8883]],[[-87.6507,41.8884],[-87.6513,41.8884],[-87.6516,41.8884]],[[-87.6606,41.8886],[-87.6593,41.8885],[-87.6578,41.8885],[-87.6569,41.8884],[-87.6565,41.8884],[-87.6558,41.8884],[-87.6556,41.8884],[-87.6545,41.8884],[-87.6535,41.8885]],[[-87.6542,41.8885],[-87.6546,41.8885],[-87.6556,41.8885],[-87.6558,41.8885],[-87.6568,41.8885],[-87.657,41.8885],[-87.6582,41.8885],[-87.6601,41.8886],[-87.6606,41.8887]],[[-87.6833,41.8884],[-87.6824,41.8884]],[[-87.6819,41.8885],[-87.6841,41.8884]],[[-87.6841,41.8883],[-87.6826,41.8884]],[[-87.6836,41.8884],[-87.6833,41.8884]],[[-87.6841,41.8884],[-87.6836,41.8884]],[[-87.7019,41.8945],[-87.7011,41.8942],[-87.7,41.8937],[-87.6981,41.893],[-87.6957,41.892],[-87.6926,41.8908],[-87.6906,41.89]],[[-87.6912,41.8903],[-87.6926,41.8908],[-87.6954,41.8919],[-87.6977,41.8929],[-87.6999,41.8937],[-87.7011,41.8942],[-87.7019,41.8946]],[[-87.7209,41.9114],[-87.7211,41.9117]],[[-87.7207,41.9109],[-87.7206,41.9108]],[[-87.7211,41.9116],[-87.7207,41.9109]],[[-87.7211,41.9117],[-87.7211,41.9116]],[[-87.7208,41.9109],[-87.7204,41.9102]],[[-87.7233,41.9159],[-87.7231,41.9155]],[[-87.7249,41.9189],[-87.7247,41.9186]],[[-87.724,41.9173],[-87.7242,41.9177]],[[-87.7238,41.9169],[-87.7239,41.9171]],[[-87.7465,41.9608],[-87.7466,41.9611]],[[-87.7472,41.9621],[-87.7466,41.9608]],[[-87.7478,41.9633],[-87.7475,41.9627]],[[-87.7847,42.0342],[-87.7838,42.0326],[-87.7835,42.032]],[[-87.7878,42.0403],[-87.7868,42.0384],[-87.7853,42.0355],[-87.7847,42.0342]],[[-87.784,42.033],[-87.7841,42.0333]],[[-87.7841,42.0333],[-87.785,42.035],[-87.7858,42.0365],[-87.7868,42.0384],[-87.7878,42.0404]],[[-87.6391,41.8823],[-87.6391,41.8823],[-87.639,41.8829]],[[-87.639,41.8825],[-87.6389,41.8829]],[[-87.6224,41.8708],[-87.6223,41.8705],[-87.6222,41.8702],[-87.6221,41.87]],[[-87.6221,41.8703],[-87.6223,41.8708],[-87.6224,41.8711],[-87.6225,41.8712]],[[-87.5918,41.775],[-87.5921,41.7734]],[[-87.5913,41.7773],[-87.5913,41.777]],[[-87.5913,41.777],[-87.5912,41.7773]],[[-87.5921,41.7734],[-87.5917,41.775]],[[-87.6456,41.7341],[-87.6464,41.732],[-87.6469,41.7305],[-87.6484,41.7265]],[[-87.6481,41.7272],[-87.6469,41.7305],[-87.6461,41.7325]],[[-87.6394,41.7505],[-87.6398,41.7495],[-87.6404,41.7479],[-87.6409,41.7467]],[[-87.6411,41.7459],[-87.6403,41.748],[-87.6398,41.7495],[-87.6394,41.7504]],[[-87.6787,41.6537],[-87.6795,41.6531],[-87.6801,41.6526]],[[-87.6801,41.6525],[-87.6788,41.6536],[-87.678,41.6543]],[[-87.6322,41.8723],[-87.6322,41.8721]],[[-87.6321,41.8723],[-87.6321,41.8721]],[[-87.6321,41.8721],[-87.6321,41.8721]],[[-87.6322,41.8721],[-87.6322,41.8721]],[[-87.839,41.8885],[-87.8384,41.8884],[-87.8377,41.8883],[-87.8376,41.8883],[-87.839,41.8885]],[[-87.8275,41.8872],[-87.8293,41.8873],[-87.8319,41.8876],[-87.8326,41.8877]],[[-87.8326,41.8877],[-87.8335,41.8878]],[[-87.8651,41.8913],[-87.8621,41.8909],[-87.8608,41.8908],[-87.8585,41.8905],[-87.857,41.8904],[-87.8565,41.8903],[-87.8548,41.8901],[-87.8523,41.8899],[-87.8445,41.889],[-87.8444,41.889],[-87.8441,41.889],[-87.8394,41.8885],[-87.8392,41.8885],[-87.8376,41.8883],[-87.8344,41.8879],[-87.8341,41.8879],[-87.8335,41.8878]],[[-87.8778,41.8143],[-87.8764,41.8146]],[[-87.6486,41.8899],[-87.6492,41.8898]],[[-87.6494,41.8898],[-87.6496,41.8898]],[[-87.667,41.8888],[-87.6632,41.8888],[-87.6628,41.8888],[-87.6628,41.8889]],[[-87.6625,41.8889],[-87.6628,41.8888],[-87.6631,41.8888],[-87.6638,41.8888],[-87.667,41.8887]],[[-87.662,41.8889],[-87.6625,41.8889]],[[-87.6628,41.8889],[-87.6624,41.8889],[-87.6621,41.889]],[[-87.6684,41.9178],[-87.6682,41.9174],[-87.6679,41.917]],[[-87.6676,41.9163],[-87.6675,41.9161]],[[-87.668,41.9169],[-87.6682,41.9174],[-87.6684,41.9178]],[[-87.6675,41.9161],[-87.6676,41.9163]],[[-87.6691,41.9178],[-87.6688,41.9176],[-87.6684,41.9171],[-87.6681,41.9167],[-87.668,41.9166]],[[-87.667,41.915],[-87.6677,41.916]],[[-87.6677,41.916],[-87.668,41.9164]],[[-87.668,41.9166],[-87.6676,41.9161]],[[-87.6676,41.9163],[-87.6676,41.9163]],[[-87.6676,41.9164],[-87.6676,41.9163]],[[-87.6679,41.917],[-87.6677,41.9166],[-87.6676,41.9164]],[[-87.6676,41.9163],[-87.6679,41.9167],[-87.668,41.9169]],[[-87.7474,41.9626],[-87.7477,41.9632]],[[-87.7475,41.9627],[-87.7474,41.9625]],[[-87.7479,41.9628],[-87.7475,41.9625]],[[-87.7475,41.9624],[-87.7479,41.9627]],[[-87.7474,41.9625],[-87.7474,41.9624],[-87.7473,41.9623]],[[-87.7473,41.9623],[-87.7475,41.9624]],[[-87.7473,41.9624],[-87.7474,41.9626]],[[-87.7475,41.9625],[-87.7473,41.9624],[-87.7473,41.9624]],[[-87.63,41.7762],[-87.6302,41.7759]],[[-87.6302,41.7758],[-87.63,41.7761]],[[-87.6299,41.7765],[-87.63,41.7762]],[[-87.63,41.7761],[-87.6298,41.7765]],[[-87.665,41.8397],[-87.6656,41.8394]],[[-87.6439,41.8903],[-87.6431,41.8901],[-87.6428,41.89]],[[-87.6428,41.89],[-87.6433,41.8901],[-87.6437,41.8903]],[[-87.6428,41.8901],[-87.6432,41.8902],[-87.6437,41.8903]],[[-87.643,41.8899],[-87.6429,41.8899],[-87.6428,41.8899]],[[-87.6428,41.8898],[-87.643,41.8899]],[[-87.6369,41.8518],[-87.6369,41.8512],[-87.6369,41.851]],[[-87.6369,41.851],[-87.6369,41.8508]],[[-88.0454,41.796],[-88.0416,41.7955],[-88.0405,41.7955],[-88.0391,41.7954],[-88.0374,41.7954],[-88.0349,41.7954],[-88.0333,41.7954],[-88.0304,41.7954],[-88.0277,41.7954],[-88.0258,41.7954],[-88.02,41.7955]],[[-88.02,41.7955],[-88.0227,41.7955],[-88.0258,41.7955],[-88.0277,41.7955],[-88.0304,41.7955],[-88.0333,41.7955],[-88.0349,41.7955],[-88.0391,41.7955],[-88.0404,41.7955],[-88.0413,41.7956],[-88.0425,41.7957],[-88.0454,41.7961]],[[-87.8257,41.826],[-87.8195,41.8274],[-87.8193,41.8275],[-87.8142,41.8286],[-87.814,41.8287],[-87.8094,41.8297],[-87.8058,41.8305],[-87.8031,41.8311],[-87.8028,41.8312],[-87.7995,41.8319],[-87.7976,41.8323],[-87.7942,41.8331],[-87.7939,41.8332],[-87.7935,41.8333]],[[-87.7935,41.8333],[-87.794,41.8332],[-87.7954,41.8329],[-87.7976,41.8324],[-87.8001,41.8319],[-87.8028,41.8313],[-87.8031,41.8312],[-87.8059,41.8306],[-87.8094,41.8298],[-87.8141,41.8287],[-87.8151,41.8285],[-87.8194,41.8275],[-87.8196,41.8275],[-87.8257,41.8261]],[[-87.7207,41.8497],[-87.7199,41.8498]],[[-87.7199,41.8499],[-87.7207,41.8497]],[[-87.6884,41.8569],[-87.689,41.8568]],[[-87.689,41.8568],[-87.6884,41.8569]],[[-87.657,41.8602],[-87.6577,41.8602],[-87.6664,41.8601]],[[-87.6664,41.86],[-87.6577,41.8602],[-87.657,41.8602]],[[-87.6481,41.8604],[-87.6496,41.8604],[-87.6513,41.8604],[-87.6521,41.8604],[-87.6527,41.8604],[-87.6537,41.8604],[-87.6556,41.8603],[-87.657,41.8602]],[[-87.657,41.8602],[-87.6556,41.8603],[-87.6537,41.8603],[-87.6527,41.8604],[-87.6521,41.8604],[-87.6513,41.8604],[-87.65,41.8603],[-87.649,41.8604],[-87.6484,41.8604],[-87.6475,41.8604]],[[-87.6444,41.8604],[-87.6436,41.8605],[-87.6427,41.8604],[-87.6414,41.8604],[-87.6401,41.8603]],[[-87.6475,41.8604],[-87.6471,41.8604],[-87.6462,41.8604],[-87.6454,41.8604],[-87.6447,41.8604],[-87.6444,41.8604]],[[-87.6744,41.9669],[-87.6743,41.9669],[-87.6743,41.9668],[-87.6743,41.9668],[-87.6743,41.9667],[-87.6744,41.9667],[-87.6744,41.9671],[-87.6744,41.9687],[-87.6744,41.9687],[-87.6743,41.9686],[-87.6743,41.968],[-87.6743,41.9673],[-87.6743,41.9673],[-87.6743,41.9671],[-87.6744,41.9671],[-87.6744,41.9669]],[[-87.6407,41.8861],[-87.6407,41.8862]],[[-87.6406,41.8851],[-87.6406,41.8854]],[[-87.7107,41.7433],[-87.7119,41.7424],[-87.7122,41.7421],[-87.713,41.7415],[-87.7132,41.7413],[-87.7141,41.7406],[-87.7143,41.7405],[-87.715,41.7399],[-87.719,41.7368],[-87.7212,41.7351],[-87.7214,41.7349],[-87.7214,41.7349]],[[-87.6454,41.8899],[-87.646,41.8899]],[[-87.651,41.8898],[-87.6507,41.8898]],[[-87.6507,41.8898],[-87.651,41.8898]],[[-87.651,41.8898],[-87.6512,41.8898]],[[-87.6512,41.8898],[-87.651,41.8898]],[[-87.6521,41.8899],[-87.6519,41.8899]],[[-87.6519,41.8898],[-87.6521,41.8898]],[[-87.6521,41.8898],[-87.6524,41.8898]],[[-87.6524,41.8899],[-87.6521,41.8899]],[[-87.661,41.8892],[-87.6617,41.889],[-87.662,41.8889]],[[-87.6589,41.8897],[-87.6591,41.8897]],[[-87.6621,41.889],[-87.6618,41.889],[-87.661,41.8893]],[[-87.6591,41.8897],[-87.6589,41.8897]],[[-87.6591,41.8897],[-87.6598,41.8895],[-87.6601,41.8895]],[[-87.66,41.8895],[-87.6594,41.8897],[-87.6591,41.8897]],[[-87.6606,41.8894],[-87.66,41.8895]],[[-87.6601,41.8895],[-87.6606,41.8893]],[[-87.6607,41.8893],[-87.6606,41.8894]],[[-87.661,41.8893],[-87.6607,41.8893]],[[-87.6607,41.8893],[-87.661,41.8892]],[[-87.6606,41.8893],[-87.6607,41.8893]],[[-87.8096,41.7952],[-87.8094,41.7952],[-87.8092,41.7953],[-87.8089,41.7955],[-87.8086,41.7957],[-87.8085,41.7957],[-87.809,41.7955],[-87.8091,41.7954],[-87.8093,41.7953],[-87.8094,41.7953],[-87.8096,41.7952]],[[-87.8101,41.7948],[-87.8101,41.7948],[-87.81,41.7948],[-87.8099,41.7949],[-87.8098,41.7949],[-87.8097,41.7949],[-87.8097,41.7949],[-87.8096,41.795],[-87.8096,41.795],[-87.8096,41.795],[-87.8092,41.7952],[-87.8091,41.7953],[-87.809,41.7953],[-87.809,41.7953],[-87.809,41.7953],[-87.809,41.7953],[-87.8089,41.7954],[-87.8092,41.7953],[-87.8095,41.7951],[-87.81,41.7948],[-87.8101,41.7948]],[[-87.6058,41.713],[-87.6058,41.7132]],[[-87.6059,41.7128],[-87.6058,41.713]],[[-87.6059,41.7132],[-87.6059,41.713]],[[-87.6059,41.713],[-87.606,41.7128]],[[-87.6744,41.9653],[-87.6745,41.9669]],[[-87.6745,41.9669],[-87.6745,41.9671]],[[-87.6744,41.9669],[-87.6744,41.9661],[-87.6744,41.9653]],[[-87.6744,41.9671],[-87.6744,41.9669]],[[-87.8563,41.8902],[-87.8563,41.8902],[-87.8548,41.89],[-87.8563,41.8902]],[[-87.6584,41.9],[-87.6586,41.9001],[-87.6591,41.9006],[-87.6595,41.901],[-87.6599,41.9016],[-87.6601,41.9021],[-87.6603,41.9025],[-87.6604,41.9029],[-87.6604,41.9033]],[[-87.6604,41.9033],[-87.6603,41.9029],[-87.6603,41.9025],[-87.6601,41.9021],[-87.6598,41.9016],[-87.6594,41.901],[-87.6591,41.9006],[-87.6587,41.9002],[-87.6583,41.9]],[[-87.6583,41.9],[-87.6585,41.9001],[-87.6589,41.9006],[-87.6594,41.901],[-87.6597,41.9015],[-87.66,41.902],[-87.6602,41.9024],[-87.6603,41.9027],[-87.6603,41.9031],[-87.6603,41.9033]],[[-87.6603,41.9033],[-87.6602,41.9029],[-87.6602,41.9026],[-87.6601,41.9023],[-87.6599,41.9019],[-87.6597,41.9016],[-87.6594,41.9012],[-87.6592,41.9009],[-87.6589,41.9005],[-87.6585,41.9002],[-87.6582,41.9]],[[-87.6582,41.9],[-87.658,41.8998]],[[-87.658,41.8998],[-87.6583,41.9]],[[-87.6583,41.9],[-87.6581,41.8998]],[[-87.6582,41.8998],[-87.6584,41.9]],[[-87.6577,41.8995],[-87.658,41.8998]],[[-87.6575,41.8995],[-87.6577,41.8995]],[[-87.6581,41.8998],[-87.6577,41.8995]],[[-87.6577,41.8995],[-87.6575,41.8994]],[[-87.6577,41.8995],[-87.6581,41.8997],[-87.6582,41.8998]],[[-87.6575,41.8994],[-87.6577,41.8995]],[[-87.658,41.8998],[-87.6577,41.8996]],[[-87.6577,41.8996],[-87.6575,41.8995]],[[-87.6575,41.8995],[-87.657,41.8992],[-87.6568,41.8991]],[[-87.6568,41.8991],[-87.6572,41.8993],[-87.6575,41.8995]],[[-87.6575,41.8994],[-87.657,41.8992],[-87.6568,41.8991]],[[-87.6567,41.899],[-87.6573,41.8993],[-87.6575,41.8994]],[[-87.6565,41.8989],[-87.6567,41.899]],[[-87.6568,41.8991],[-87.6565,41.899]],[[-87.6565,41.899],[-87.6568,41.8991]],[[-87.6568,41.8991],[-87.6565,41.8991]],[[-87.7603,41.8876],[-87.7579,41.8877]],[[-87.7555,41.8877],[-87.7552,41.8877]],[[-87.8161,41.6734],[-87.8145,41.6749]],[[-87.8162,41.6732],[-87.8161,41.6734]],[[-87.8146,41.6749],[-87.8161,41.6734]],[[-87.8161,41.6734],[-87.8162,41.6733]],[[-87.6825,41.6505],[-87.6824,41.6507]],[[-87.711,41.8881],[-87.7111,41.8881]],[[-87.6672,41.8888],[-87.667,41.8888]],[[-87.667,41.8887],[-87.6672,41.8887]],[[-87.667,41.8886],[-87.6672,41.8886]],[[-87.6672,41.8886],[-87.667,41.8886]],[[-87.667,41.8886],[-87.6672,41.8886]],[[-87.6906,41.89],[-87.6877,41.8888],[-87.6873,41.8887],[-87.6868,41.8886]],[[-87.6857,41.8884],[-87.6848,41.8883],[-87.6843,41.8883]],[[-87.8528,41.9335],[-87.8546,41.9337]],[[-87.8536,41.9336],[-87.8518,41.9334]],[[-87.6404,41.8016],[-87.6404,41.8],[-87.6403,41.7973],[-87.6402,41.7945]],[[-87.6404,41.8018],[-87.6404,41.803],[-87.6404,41.8034],[-87.6403,41.8038],[-87.6402,41.8041],[-87.64,41.8044],[-87.6397,41.8049],[-87.6392,41.8053],[-87.6384,41.806],[-87.638,41.8063],[-87.6377,41.8067],[-87.6375,41.807],[-87.6373,41.8074],[-87.6372,41.8076]],[[-87.6403,41.8016],[-87.6404,41.8018]],[[-87.6404,41.8018],[-87.6404,41.8016]],[[-87.6361,41.8166],[-87.6362,41.8158],[-87.6362,41.8151],[-87.6362,41.8134],[-87.6362,41.8122],[-87.6362,41.8118],[-87.6362,41.8115],[-87.6363,41.8111],[-87.6364,41.8107],[-87.6367,41.8095],[-87.6368,41.8091]],[[-87.6368,41.8091],[-87.6368,41.8089]],[[-87.6372,41.8076],[-87.6369,41.8085],[-87.6368,41.8089]],[[-87.6368,41.8089],[-87.6367,41.8091]],[[-87.7558,41.9156],[-87.7531,41.9153],[-87.753,41.9152]],[[-87.756,41.9156],[-87.7558,41.9156]],[[-87.753,41.9153],[-87.7546,41.9155],[-87.7558,41.9157]],[[-87.7558,41.9157],[-87.756,41.9157]],[[-87.7577,41.8877],[-87.7555,41.8877]],[[-87.7579,41.8877],[-87.7577,41.8877]],[[-87.7555,41.8876],[-87.7577,41.8876]],[[-87.7577,41.8876],[-87.7579,41.8876]],[[-87.7503,41.8878],[-87.7457,41.8878]],[[-87.7506,41.8878],[-87.7503,41.8878]],[[-87.7506,41.8877],[-87.7529,41.8877],[-87.7552,41.8876]],[[-87.7503,41.8877],[-87.7506,41.8877]],[[-87.7447,41.9609],[-87.7468,41.962],[-87.7473,41.9623]],[[-87.7444,41.9607],[-87.7447,41.9609]],[[-87.7473,41.9624],[-87.7462,41.9618],[-87.7445,41.9609]],[[-87.7445,41.9609],[-87.7442,41.9607]],[[-87.637,41.8551],[-87.637,41.8543]],[[-87.637,41.8543],[-87.637,41.855]],[[-87.6389,41.883],[-87.6388,41.8832]],[[-87.6369,41.852],[-87.6369,41.8518]],[[-87.6369,41.852],[-87.6369,41.852]],[[-87.6369,41.8518],[-87.6369,41.8518]],[[-87.6389,41.8843],[-87.6389,41.8846]],[[-87.6389,41.8839],[-87.6389,41.8843]],[[-87.6388,41.8839],[-87.6388,41.8843]],[[-87.6388,41.8843],[-87.6388,41.8846]],[[-87.6369,41.8529],[-87.6369,41.8531],[-87.6369,41.8535]],[[-87.6391,41.8831],[-87.639,41.8833],[-87.639,41.8837]],[[-87.675,41.992],[-87.675,41.9918],[-87.675,41.9915],[-87.6749,41.9909],[-87.675,41.9909],[-87.675,41.992]],[[-87.6389,41.8783],[-87.6389,41.8779],[-87.6388,41.8773]],[[-87.6388,41.8773],[-87.6388,41.8769]],[[-87.6533,41.8898],[-87.6524,41.8899]],[[-87.6524,41.8898],[-87.6533,41.8898]],[[-87.6533,41.8898],[-87.6536,41.8898]],[[-87.6536,41.8898],[-87.6533,41.8898]],[[-87.6496,41.8898],[-87.6498,41.8898]],[[-87.6498,41.8898],[-87.6501,41.8898]],[[-87.6545,41.8898],[-87.6536,41.8898]],[[-87.6536,41.8898],[-87.6545,41.8898]],[[-87.6545,41.8898],[-87.6547,41.8898]],[[-87.6547,41.8898],[-87.6545,41.8898]],[[-87.6556,41.8898],[-87.6547,41.8898]],[[-87.6547,41.8898],[-87.6556,41.8898]],[[-87.6556,41.8898],[-87.6559,41.8898]],[[-87.6559,41.8898],[-87.6556,41.8898]],[[-87.6589,41.8897],[-87.6584,41.8898],[-87.6575,41.8898]],[[-87.6575,41.8898],[-87.6583,41.8897],[-87.6589,41.8897]],[[-87.6572,41.8898],[-87.6575,41.8898]],[[-87.6575,41.8898],[-87.6572,41.8898]],[[-87.6611,41.8887],[-87.6616,41.8887],[-87.667,41.8886]],[[-87.6606,41.8887],[-87.6611,41.8887]],[[-87.667,41.8886],[-87.6618,41.8887],[-87.6612,41.8886],[-87.6611,41.8886]],[[-87.6611,41.8886],[-87.6606,41.8886]],[[-87.6611,41.8886],[-87.6617,41.8886],[-87.6632,41.8886],[-87.667,41.8886]],[[-87.6607,41.8886],[-87.6611,41.8886]],[[-87.6475,41.8899],[-87.6477,41.8899]],[[-87.6752,41.992],[-87.6751,41.9909],[-87.6751,41.991],[-87.6751,41.9914],[-87.6751,41.9917],[-87.6752,41.992]],[[-87.7015,41.8883],[-87.7022,41.8883],[-87.7038,41.8882],[-87.7062,41.8882]],[[-87.7062,41.8883],[-87.7051,41.8883],[-87.7034,41.8883],[-87.7015,41.8883]],[[-87.7013,41.8883],[-87.7015,41.8883]],[[-87.7015,41.8883],[-87.7013,41.8883]],[[-87.6868,41.8885],[-87.6993,41.8883],[-87.7003,41.8883],[-87.7013,41.8883]],[[-87.7013,41.8883],[-87.6868,41.8885]],[[-87.6865,41.8885],[-87.6868,41.8885]],[[-87.6868,41.8886],[-87.6868,41.8886]],[[-87.6868,41.8886],[-87.6865,41.8885]],[[-87.6843,41.8884],[-87.6848,41.8884],[-87.6854,41.8885],[-87.6861,41.8885],[-87.6865,41.8886]],[[-87.6865,41.8886],[-87.6868,41.8886]],[[-87.6879,41.8888],[-87.6875,41.8887],[-87.6871,41.8886],[-87.6869,41.8885],[-87.6868,41.8885]],[[-87.6867,41.8885],[-87.6865,41.8885]],[[-87.6868,41.8885],[-87.6865,41.8885]],[[-87.6864,41.8885],[-87.6857,41.8885],[-87.6843,41.8885]],[[-87.6843,41.8885],[-87.6841,41.8885]],[[-87.6843,41.8885],[-87.6857,41.8885],[-87.6861,41.8885]],[[-87.6841,41.8885],[-87.6843,41.8885]],[[-87.6843,41.8884],[-87.6843,41.8884]],[[-87.6841,41.8884],[-87.6843,41.8884]],[[-87.6843,41.8884],[-87.6841,41.8884]],[[-87.6843,41.8883],[-87.6841,41.8883]],[[-87.6841,41.8885],[-87.6819,41.8886]],[[-87.6819,41.8885],[-87.6841,41.8885]],[[-87.6819,41.8884],[-87.6826,41.8884]],[[-87.6816,41.8884],[-87.6819,41.8884]],[[-87.6824,41.8884],[-87.6819,41.8884]],[[-87.6819,41.8884],[-87.6816,41.8884]],[[-87.6816,41.8885],[-87.6817,41.8885]],[[-87.6817,41.8885],[-87.6819,41.8885]],[[-87.6816,41.8885],[-87.6819,41.8885]],[[-87.6819,41.8886],[-87.6816,41.8886]],[[-87.6816,41.8886],[-87.6794,41.8886]],[[-87.6794,41.8886],[-87.6792,41.8886]],[[-87.6794,41.8886],[-87.6816,41.8885]],[[-87.6792,41.8886],[-87.6794,41.8886]],[[-87.6794,41.8885],[-87.6816,41.8885]],[[-87.6792,41.8885],[-87.6794,41.8885]],[[-87.6816,41.8884],[-87.6794,41.8885]],[[-87.6794,41.8885],[-87.6792,41.8885]],[[-87.6794,41.8884],[-87.6816,41.8884]],[[-87.6792,41.8884],[-87.6794,41.8884]],[[-87.6792,41.8886],[-87.677,41.8886]],[[-87.677,41.8886],[-87.6767,41.8886]],[[-87.677,41.8886],[-87.6792,41.8886]],[[-87.6767,41.8886],[-87.677,41.8886]],[[-87.677,41.8885],[-87.6792,41.8885]],[[-87.6767,41.8885],[-87.677,41.8885]],[[-87.6792,41.8885],[-87.677,41.8885]],[[-87.677,41.8885],[-87.6767,41.8885]],[[-87.677,41.8885],[-87.6792,41.8884]],[[-87.6767,41.8885],[-87.677,41.8885]],[[-87.6745,41.8885],[-87.6767,41.8885]],[[-87.6743,41.8885],[-87.6745,41.8885]],[[-87.6767,41.8885],[-87.6745,41.8885]],[[-87.6745,41.8885],[-87.6743,41.8885]],[[-87.6745,41.8886],[-87.6767,41.8885]],[[-87.6743,41.8886],[-87.6745,41.8886]],[[-87.6745,41.8886],[-87.6767,41.8886]],[[-87.6743,41.8886],[-87.6745,41.8886]],[[-87.6767,41.8886],[-87.6745,41.8887]],[[-87.6745,41.8887],[-87.6743,41.8887]],[[-87.6721,41.8885],[-87.6743,41.8885]],[[-87.6718,41.8885],[-87.6721,41.8885]],[[-87.6743,41.8885],[-87.6721,41.8886]],[[-87.6721,41.8886],[-87.6718,41.8886]],[[-87.6721,41.8886],[-87.6743,41.8886]],[[-87.6718,41.8886],[-87.6721,41.8886]],[[-87.6721,41.8887],[-87.6743,41.8886]],[[-87.6718,41.8887],[-87.6721,41.8887]],[[-87.6743,41.8887],[-87.6721,41.8887]],[[-87.6721,41.8887],[-87.6718,41.8887]],[[-87.6672,41.8886],[-87.6689,41.8886],[-87.6694,41.8886]],[[-87.6694,41.8886],[-87.6696,41.8886]],[[-87.6694,41.8886],[-87.6675,41.8886],[-87.6672,41.8886]],[[-87.6696,41.8886],[-87.6694,41.8886]],[[-87.6672,41.8886],[-87.6689,41.8886],[-87.6694,41.8886]],[[-87.6694,41.8886],[-87.6696,41.8886]],[[-87.6672,41.8887],[-87.669,41.8887],[-87.6694,41.8887]],[[-87.6694,41.8887],[-87.6697,41.8887]],[[-87.6694,41.8888],[-87.6676,41.8888],[-87.6672,41.8888]],[[-87.6697,41.8888],[-87.6694,41.8888]],[[-87.8761,41.9824],[-87.8766,41.9838],[-87.8769,41.9846],[-87.8773,41.9859],[-87.8777,41.9872]],[[-87.8777,41.9872],[-87.8777,41.9872]],[[-87.6369,41.8501],[-87.6369,41.85]],[[-87.6369,41.85],[-87.6369,41.8496],[-87.6369,41.8493],[-87.6369,41.8487],[-87.6369,41.8482]],[[-87.6369,41.8482],[-87.6369,41.8481]],[[-87.6527,41.898],[-87.6523,41.8978],[-87.652,41.8977]],[[-87.652,41.8976],[-87.6523,41.8978],[-87.6527,41.898],[-87.6528,41.898]],[[-87.6528,41.898],[-87.6525,41.8978],[-87.652,41.8976]],[[-87.6521,41.8975],[-87.6525,41.8977],[-87.6528,41.8979]],[[-87.6531,41.8982],[-87.6527,41.898]],[[-87.6528,41.898],[-87.6532,41.8982]],[[-87.6532,41.8981],[-87.653,41.898],[-87.6528,41.898]],[[-87.6528,41.8979],[-87.6531,41.898],[-87.6532,41.8981]],[[-87.6392,41.8866],[-87.6394,41.8868]],[[-87.7367,41.606],[-87.738,41.6049],[-87.7399,41.6033]],[[-87.7399,41.6033],[-87.7402,41.603]],[[-87.7398,41.6033],[-87.7379,41.6049],[-87.7376,41.6052],[-87.7367,41.6059]],[[-87.7402,41.603],[-87.7398,41.6033]],[[-87.9007,42.0644],[-87.9007,42.0653]],[[-87.899,42.0503],[-87.9,42.0533],[-87.9003,42.0541],[-87.9004,42.0544],[-87.9005,42.0547],[-87.9006,42.0552],[-87.9007,42.0554],[-87.9007,42.0557],[-87.9007,42.0562]],[[-87.8971,42.0449],[-87.8973,42.0456],[-87.8978,42.047]],[[-87.8754,41.9807],[-87.8757,41.9816]],[[-87.8817,41.9988],[-87.8825,42.0011],[-87.8835,42.0039],[-87.8855,42.0096],[-87.8856,42.0097],[-87.8858,42.0103],[-87.8866,42.0127]],[[-87.8708,41.9656],[-87.8703,41.9625],[-87.8702,41.9615],[-87.87,41.9611],[-87.8699,41.9606],[-87.8696,41.96],[-87.8694,41.9597],[-87.8692,41.9593],[-87.8684,41.9581],[-87.868,41.9575]],[[-87.8675,41.9568],[-87.8683,41.9581],[-87.8692,41.9593],[-87.8694,41.9597],[-87.8696,41.9601],[-87.8698,41.9606],[-87.87,41.9611],[-87.8701,41.9615],[-87.8704,41.9635],[-87.8707,41.9656]],[[-87.5477,41.727],[-87.5478,41.7283],[-87.5478,41.7285],[-87.5478,41.7286]],[[-87.6864,41.8885],[-87.6861,41.8885]],[[-87.6861,41.8885],[-87.6865,41.8885]],[[-87.6861,41.8885],[-87.6857,41.8884]],[[-87.6865,41.8885],[-87.6864,41.8885]],[[-87.6865,41.8885],[-87.6864,41.8885]],[[-87.6868,41.8885],[-87.6867,41.8885]],[[-87.5893,41.7859],[-87.5903,41.7816],[-87.5905,41.7807]],[[-87.5892,41.7864],[-87.5893,41.7859]],[[-87.5904,41.7807],[-87.5895,41.7847],[-87.5892,41.7859]],[[-87.5892,41.7859],[-87.5891,41.7864]],[[-87.5889,41.7876],[-87.5892,41.7864]],[[-87.5888,41.7881],[-87.5889,41.7876]],[[-87.5891,41.7864],[-87.5888,41.7876]],[[-87.5888,41.7876],[-87.5887,41.7881]],[[-87.588,41.7914],[-87.5888,41.7881]],[[-87.5876,41.7935],[-87.5876,41.7932]],[[-87.5887,41.7881],[-87.588,41.7914]],[[-87.5876,41.7932],[-87.5875,41.7935]],[[-87.6308,41.8579],[-87.6308,41.8587],[-87.6308,41.859]],[[-87.6307,41.8619],[-87.6307,41.8614],[-87.6307,41.8609],[-87.6308,41.8604],[-87.6308,41.8601],[-87.6309,41.8596],[-87.6309,41.8583],[-87.6309,41.8579]],[[-87.632,41.8704],[-87.632,41.87]],[[-87.6321,41.8715],[-87.6321,41.8712]],[[-87.7483,41.9147],[-87.7462,41.9144],[-87.7458,41.9144],[-87.7454,41.9143]],[[-87.7527,41.9152],[-87.7502,41.9149]],[[-87.8736,41.9386],[-87.8721,41.9381],[-87.8679,41.9369],[-87.8665,41.9365],[-87.8656,41.9362],[-87.8644,41.9359]],[[-87.6659,41.8393],[-87.666,41.8393]],[[-87.666,41.8393],[-87.666,41.8392]],[[-87.7369,41.846],[-87.7358,41.8462]],[[-87.5876,41.7932],[-87.588,41.7917]],[[-87.588,41.7917],[-87.588,41.7914]],[[-87.5879,41.7917],[-87.5876,41.7932]],[[-87.588,41.7914],[-87.5879,41.7917]],[[-87.9201,41.8048],[-87.9199,41.8048]],[[-87.9201,41.8049],[-87.9226,41.8043],[-87.9246,41.8038],[-87.9271,41.8033],[-87.9274,41.8032],[-87.9292,41.8028],[-87.9294,41.8027],[-87.9307,41.8025],[-87.9308,41.8024],[-87.934,41.8017],[-87.9392,41.8005],[-87.9413,41.8001],[-87.9452,41.7992],[-87.9471,41.7988],[-87.9507,41.7979],[-87.9544,41.7971],[-87.9547,41.797],[-87.9581,41.7963],[-87.9595,41.796],[-87.9604,41.7959],[-87.9614,41.7958],[-87.9621,41.7957],[-87.9624,41.7957],[-87.9641,41.7957],[-87.9677,41.7957],[-87.9709,41.7957],[-87.9753,41.7956],[-87.9765,41.7956],[-87.9782,41.7956],[-87.9803,41.7956],[-87.9844,41.7956],[-87.9862,41.7956],[-87.9879,41.7956],[-87.9917,41.7956],[-87.9947,41.7956],[-87.9965,41.7956],[-87.9984,41.7956],[-88.0006,41.7956],[-88.002,41.7956],[-88.0044,41.7956],[-88.0069,41.7956],[-88.0104,41.7956],[-88.0119,41.7956],[-88.0138,41.7956],[-88.0157,41.7955],[-88.017,41.7955],[-88.0194,41.7955],[-88.02,41.7955]],[[-87.9199,41.8049],[-87.9201,41.8049]],[[-87.9199,41.8048],[-87.9187,41.8051],[-87.9123,41.8065]],[[-87.6407,41.8858],[-87.6407,41.8858]],[[-87.5908,41.7789],[-87.5905,41.7804]],[[-87.5905,41.7804],[-87.5904,41.7807]],[[-87.5905,41.7804],[-87.5909,41.7789]],[[-87.5905,41.7807],[-87.5905,41.7804]],[[-87.5909,41.7786],[-87.5913,41.7773]],[[-87.5909,41.7789],[-87.5909,41.7786]],[[-87.5912,41.7773],[-87.5909,41.7786]],[[-87.5909,41.7786],[-87.5908,41.7789]],[[-87.5875,41.7935],[-87.5874,41.7941],[-87.5871,41.7951]],[[-87.5871,41.7951],[-87.5871,41.7953]],[[-87.5872,41.7951],[-87.5874,41.7941],[-87.5876,41.7935]],[[-87.5872,41.7953],[-87.5872,41.7951]],[[-87.5869,41.7995],[-87.5869,41.7988],[-87.5869,41.7976],[-87.587,41.7968],[-87.587,41.796],[-87.5872,41.7953]],[[-87.587,41.7998],[-87.5869,41.7995]],[[-87.5871,41.7953],[-87.5869,41.7963],[-87.5868,41.7971],[-87.5868,41.7979],[-87.5868,41.7988],[-87.5869,41.7995]],[[-87.5869,41.7995],[-87.5869,41.7998]],[[-87.5874,41.8023],[-87.5871,41.8007],[-87.587,41.8001],[-87.587,41.7998]],[[-87.5875,41.8026],[-87.5874,41.8023]],[[-87.5869,41.7998],[-87.5872,41.8015],[-87.5874,41.8023]],[[-87.5874,41.8023],[-87.5875,41.8026]],[[-87.5875,41.8026],[-87.5879,41.804],[-87.5881,41.8047],[-87.5885,41.8054],[-87.5888,41.8061],[-87.5892,41.8067],[-87.5896,41.8073],[-87.5912,41.8096],[-87.5913,41.8098]],[[-87.5913,41.8098],[-87.5915,41.8101]],[[-87.5914,41.8098],[-87.5911,41.8094],[-87.5896,41.8072],[-87.5891,41.8064],[-87.5888,41.8057],[-87.5884,41.8051],[-87.5881,41.8042],[-87.5877,41.8031],[-87.5875,41.8026]],[[-87.5916,41.81],[-87.5914,41.8098]],[[-87.6189,41.6744],[-87.6173,41.6745],[-87.6167,41.6745],[-87.6163,41.6746],[-87.6159,41.6748],[-87.6155,41.6749],[-87.6152,41.6752],[-87.6149,41.6754],[-87.6148,41.6756],[-87.6146,41.6759],[-87.6143,41.6765]],[[-87.6369,41.8481],[-87.6369,41.847],[-87.6369,41.8464]],[[-87.6369,41.8464],[-87.6369,41.8463]],[[-87.7454,41.8878],[-87.7432,41.8878]],[[-87.7432,41.8878],[-87.743,41.8878]],[[-87.7432,41.8877],[-87.7454,41.8877]],[[-87.743,41.8877],[-87.7432,41.8877]],[[-87.6323,41.8752],[-87.6323,41.8751],[-87.6323,41.874]],[[-87.6322,41.8752],[-87.6322,41.8751],[-87.6321,41.874]],[[-87.6377,41.8696],[-87.6377,41.8692]],[[-87.6377,41.8696],[-87.6377,41.8696]],[[-87.6376,41.8696],[-87.6376,41.8696]],[[-87.6381,41.8719],[-87.6382,41.8727],[-87.6383,41.8734],[-87.6384,41.874]],[[-87.5913,41.7768],[-87.5913,41.7769]],[[-87.5913,41.7769],[-87.5913,41.777]],[[-87.5913,41.777],[-87.5913,41.7769]],[[-87.5913,41.7769],[-87.5913,41.7768]],[[-87.5917,41.7752],[-87.5913,41.7767],[-87.5913,41.7768]],[[-87.5917,41.775],[-87.5917,41.7752]],[[-87.5913,41.7768],[-87.5917,41.7752]],[[-87.5917,41.7752],[-87.5918,41.775]],[[-87.5922,41.7729],[-87.5921,41.7732]],[[-87.5921,41.7732],[-87.5921,41.7734]],[[-87.5922,41.7732],[-87.5922,41.773]],[[-87.5921,41.7734],[-87.5922,41.7732]]]}}]}