{"type":"FeatureCollection","note":"Boundaries - Neighborhoods, City of Chicago data portal (y6yq-dbs2); topology-preserving simplification, worst-case deviation ~2 m","features":[{"type":"Feature","properties":{"id":"albany-park","name":"Albany Park","secondary":"NORTH PARK,ALBANY PARK","layer":"neighborhoods","area_sqmi":1.922},"geometry":{"type":"MultiPolygon","coordinates":[[[[-87.70404,41.97355],[-87.70382,41.97305],[-87.70376,41.97268],[-87.70353,41.97186],[-87.70322,41.97124],[-87.70265,41.97034],[-87.70202,41.96962],[-87.70188,41.96954],[-87.70154,41.9692],[-87.70145,41.96906],[-87.70144,41.96894],[-87.70108,41.96852],[-87.70073,41.96825],[-87.70011,41.96765],[-87.69956,41.96718],[-87.69825,41.96582],[-87.69729,41.96491],[-87.69704,41.96472],[-87.69667,41.96429],[-87.69605,41.96368],[-87.69562,41.96318],[-87.69548,41.96293],[-87.69475,41.96127],[-87.70873,41.96118],[-87.72969,41.96093],[-87.73785,41.96654],[-87.7379,41.96813],[-87.74772,41.96803],[-87.74763,41.96813],[-87.7475,41.9686],[-87.74764,41.96896],[-87.74762,41.96899],[-87.74774,41.96923],[-87.74785,41.96972],[-87.7479,41.97277],[-87.74799,41.97534],[-87.73317,41.97548],[-87.73312,41.97365],[-87.73199,41.97366],[-87.7319,41.97363],[-87.73183,41.97184],[-87.72813,41.97188],[-87.72823,41.97553],[-87.72731,41.97554],[-87.72712,41.97572],[-87.72666,41.97598],[-87.72638,41.97606],[-87.72597,41.97612],[-87.72568,41.9761],[-87.72505,41.97598],[-87.72444,41.97581],[-87.72421,41.97569],[-87.72393,41.97544],[-87.72379,41.97524],[-87.72355,41.97504],[-87.72266,41.9745],[-87.72177,41.97421],[-87.72109,41.97411],[-87.72056,41.97408],[-87.71972,41.97382],[-87.71915,41.97358],[-87.71871,41.97335],[-87.71807,41.9731],[-87.7162,41.97209],[-87.71596,41.97198],[-87.71567,41.97192],[-87.71462,41.97193],[-87.71403,41.97197],[-87.71325,41.97213],[-87.71232,41.97244],[-87.71215,41.97253],[-87.71164,41.97307],[-87.7113,41.97369],[-87.71115,41.97386],[-87.71101,41.97396],[-87.71083,41.97406],[-87.71035,41.97425],[-87.70936,41.97455],[-87.70874,41.97468],[-87.70809,41.9747],[-87.70779,41.97467],[-87.70668,41.97443],[-87.70553,41.97412],[-87.70478,41.97395],[-87.70404,41.97355]]]]}},{"type":"Feature","properties":{"id":"andersonville","name":"Andersonville","secondary":"ANDERSONVILLE","layer":"neighborhoods","area_sqmi":0.344},"geometry":{"type":"MultiPolygon","coordinates":[[[[-87.66114,41.9763],[-87.67441,41.9761],[-87.67446,41.97782],[-87.67445,41.9779],[-87.67437,41.97801],[-87.6744,41.97926],[-87.67442,41.97968],[-87.67451,41.97981],[-87.67461,41.98336],[-87.67447,41.98339],[-87.67426,41.9834],[-87.66134,41.9836],[-87.66114,41.9763]]]]}},{"type":"Feature","properties":{"id":"archer-heights","name":"Archer Heights","secondary":"ARCHER HEIGHTS,WEST ELSDON","layer":"neighborhoods","area_sqmi":2.003},"geometry":{"type":"MultiPolygon","coordinates":[[[[-87.71437,41.82604],[-87.71437,41.82451],[-87.71432,41.82419],[-87.71426,41.82242],[-87.71433,41.82223],[-87.71433,41.82206],[-87.714,41.81011],[-87.71392,41.8095],[-87.71379,41.80602],[-87.714,41.80522],[-87.71419,41.80484],[-87.71459,41.80433],[-87.71523,41.80376],[-87.71608,41.80345],[-87.71943,41.80212],[-87.72297,41.80055],[-87.72337,41.80055],[-87.72337,41.80022],[-87.72821,41.79831],[-87.72817,41.79683],[-87.73197,41.79679],[-87.73205,41.79676],[-87.73239,41.79679],[-87.73551,41.79676],[-87.73548,41.79562],[-87.73541,41.79546],[-87.73645,41.79531],[-87.73791,41.79529],[-87.7385,41.81497],[-87.73845,41.81497],[-87.73845,41.81531],[-87.73856,41.81871],[-87.71437,41.82632],[-87.71437,41.82604]]]]}},{"type":"Feature","properties":{"id":"armour-square","name":"Armour Square","secondary":"ARMOUR SQUARE,CHINATOWN","layer":"neighborhoods","area_sqmi":0.614},"geometry":{"type":"MultiPolygon","coordinates":[[[[-87.6292,41.84713],[-87.62917,41.84556],[-87.62997,41.84554],[-87.62956,41.83097],[-87.629,41.83098],[-87.62892,41.82768],[-87.62905,41.82751],[-87.62909,41.82733],[-87.62897,41.82368],[-87.62936,41.82368],[-87.63396,41.82361],[-87.63606,41.82521],[-87.63607,41.8254],[-87.63616,41.82541],[-87.6362,41.82723],[-87.6364,41.82723],[-87.63658,41.83415],[-87.63653,41.83453],[-87.63589,41.83453],[-87.63593,41.83636],[-87.63643,41.83635],[-87.63648,41.83817],[-87.63638,41.83817],[-87.63651,41.84364],[-87.63829,41.84362],[-87.63836,41.84618],[-87.63953,41.84637],[-87.63998,41.84632],[-87.6416,41.8463],[-87.6416,41.84647],[-87.64185,41.84711],[-87.64173,41.84728],[-87.63623,41.84737],[-87.63431,41.84744],[-87.63314,41.84751],[-87.63192,41.84753],[-87.63119,41.84748],[-87.6292,41.84713]]]]}},{"type":"Feature","properties":{"id":"ashburn","name":"Ashburn","secondary":"ASHBURN","layer":"neighborhoods","area_sqmi":4.845},"geometry":{"type":"MultiPolygon","coordinates":[[[[-87.71255,41.75734],[-87.71173,41.75722],[-87.71101,41.75717],[-87.70743,41.75726],[-87.70745,41.75713],[-87.70685,41.75715],[-87.70612,41.7572],[-87.70278,41.75725],[-87.70262,41.75724],[-87.70262,41.7572],[-87.70213,41.75721],[-87.7013,41.75725],[-87.69934,41.7573],[-87.69018,41.75744],[-87.68954,41.75749],[-87.68877,41.75748],[-87.68817,41.75744],[-87.68675,41.75745],[-87.68668,41.75748],[-87.6867,41.75753],[-87.6841,41.75756],[-87.68154,41.75764],[-87.67859,41.75765],[-87.67853,41.75746],[-87.67839,41.75479],[-87.67821,41.74818],[-87.67824,41.74745],[-87.67814,41.74745],[-87.67812,41.74727],[-87.67816,41.74646],[-87.67811,41.7443],[-87.67804,41.74335],[-87.67789,41.74254],[-87.67748,41.74131],[-87.67719,41.74066],[-87.67689,41.74011],[-87.67609,41.7393],[-87.6753,41.73868],[-87.67302,41.73594],[-87.67298,41.73592],[-87.67279,41.7359],[-87.67279,41.73565],[-87.67308,41.73566],[-87.68251,41.73553],[-87.70916,41.73508],[-87.72596,41.73478],[-87.72716,41.73473],[-87.74107,41.73452],[-87.74094,41.73581],[-87.74093,41.73687],[-87.74131,41.74837],[-87.74139,41.74952],[-87.7415,41.75329],[-87.73912,41.75312],[-87.73658,41.75316],[-87.73658,41.75304],[-87.73233,41.75332],[-87.73227,41.7532],[-87.73213,41.75316],[-87.72494,41.75329],[-87.72204,41.75337],[-87.72217,41.75486],[-87.72215,41.75552],[-87.72218,41.7575],[-87.72229,41.76147],[-87.7213,41.76111],[-87.71834,41.75962],[-87.7171,41.7592],[-87.71623,41.75878],[-87.71622,41.75889],[-87.71554,41.75853],[-87.71363,41.75764],[-87.71297,41.75743],[-87.71255,41.75734]]]]}},{"type":"Feature","properties":{"id":"auburn-gresham","name":"Auburn Gresham","secondary":"AUBURN GRESHAM","layer":"neighborhoods","area_sqmi":3.759},"geometry":{"type":"MultiPolygon","coordinates":[[[[-87.6399,41.75615],[-87.63976,41.7507],[-87.63937,41.75071],[-87.63945,41.75049],[-87.63949,41.74886],[-87.6391,41.74887],[-87.63907,41.74794],[-87.63909,41.74517],[-87.63919,41.74343],[-87.63648,41.74352],[-87.63595,41.74416],[-87.63437,41.74355],[-87.63411,41.7435],[-87.63401,41.73956],[-87.63396,41.73947],[-87.63404,41.73918],[-87.63408,41.73914],[-87.63394,41.73861],[-87.63388,41.73821],[-87.63381,41.73595],[-87.63408,41.73597],[-87.63413,41.73594],[-87.6338,41.72998],[-87.63375,41.72998],[-87.63374,41.72992],[-87.63373,41.72885],[-87.63535,41.72888],[-87.64374,41.72877],[-87.64452,41.72875],[-87.64462,41.7287],[-87.64465,41.72891],[-87.64468,41.72984],[-87.64518,41.72984],[-87.64544,41.72982],[-87.64582,41.72974],[-87.64643,41.72951],[-87.64698,41.72915],[-87.64724,41.72893],[-87.64749,41.72863],[-87.64795,41.7287],[-87.64651,41.73253],[-87.64782,41.73253],[-87.64827,41.73244],[-87.64993,41.73245],[-87.65712,41.73235],[-87.6581,41.73233],[-87.65818,41.7323],[-87.66045,41.73228],[-87.6624,41.73223],[-87.66296,41.73219],[-87.66342,41.73212],[-87.66539,41.73209],[-87.66533,41.73024],[-87.66812,41.7302],[-87.66915,41.73123],[-87.67308,41.73566],[-87.67279,41.73565],[-87.67279,41.7359],[-87.67298,41.73592],[-87.67302,41.73594],[-87.6753,41.73868],[-87.67609,41.7393],[-87.67689,41.74011],[-87.67719,41.74066],[-87.67748,41.74131],[-87.67789,41.74254],[-87.67804,41.74335],[-87.67811,41.7443],[-87.67816,41.74646],[-87.67812,41.74727],[-87.67814,41.74745],[-87.67824,41.74745],[-87.67821,41.74818],[-87.67839,41.75479],[-87.67853,41.75746],[-87.67859,41.75765],[-87.67815,41.75766],[-87.66969,41.75778],[-87.6697,41.75763],[-87.66548,41.75767],[-87.66361,41.75774],[-87.66361,41.75777],[-87.65401,41.75789],[-87.65393,41.75793],[-87.65393,41.758],[-87.64666,41.75811],[-87.64653,41.75807],[-87.64568,41.75809],[-87.64433,41.75811],[-87.64424,41.75814],[-87.64418,41.75609],[-87.6399,41.75615]]]]}},{"type":"Feature","properties":{"id":"austin","name":"Austin","secondary":"AUSTIN","layer":"neighborhoods","area_sqmi":6.097},"geometry":{"type":"MultiPolygon","coordinates":[[[[-87.74134,41.9139],[-87.74128,41.91205],[-87.74138,41.90985],[-87.74137,41.90904],[-87.74141,41.90866],[-87.74135,41.90857],[-87.74116,41.90063],[-87.74134,41.90063],[-87.74134,41.89985],[-87.74133,41.89943],[-87.74121,41.89878],[-87.74112,41.89878],[-87.74107,41.89693],[-87.74102,41.89651],[-87.7411,41.89644],[-87.74116,41.89617],[-87.74115,41.89578],[-87.74058,41.89146],[-87.74075,41.89146],[-87.7406,41.88782],[-87.74021,41.87691],[-87.73951,41.87691],[-87.7395,41.87662],[-87.73939,41.87327],[-87.74008,41.87325],[-87.73998,41.86983],[-87.73989,41.86896],[-87.73977,41.86596],[-87.73998,41.86596],[-87.77414,41.86546],[-87.77427,41.86925],[-87.77428,41.87057],[-87.77442,41.873],[-87.7756,41.90925],[-87.77525,41.9097],[-87.77524,41.90981],[-87.77547,41.91659],[-87.7664,41.91672],[-87.76523,41.91671],[-87.76381,41.91663],[-87.75925,41.91609],[-87.75751,41.91576],[-87.75588,41.9154],[-87.75589,41.91549],[-87.75509,41.91547],[-87.74772,41.91457],[-87.74702,41.91452],[-87.74601,41.91439],[-87.74601,41.91447],[-87.74134,41.9139]]]]}},{"type":"Feature","properties":{"id":"avalon-park","name":"Avalon Park","secondary":"AVALON PARK,CALUMET HEIGHTS","layer":"neighborhoods","area_sqmi":1.247},"geometry":{"type":"MultiPolygon","coordinates":[[[[-87.58566,41.7515],[-87.58446,41.75069],[-87.5657,41.7372],[-87.56745,41.73717],[-87.56756,41.73719],[-87.56765,41.73717],[-87.59535,41.73678],[-87.59717,41.73985],[-87.59749,41.74043],[-87.5977,41.74098],[-87.59785,41.74169],[-87.59788,41.74226],[-87.59783,41.74333],[-87.59787,41.74405],[-87.59761,41.74406],[-87.59728,41.7468],[-87.59783,41.74679],[-87.59766,41.74754],[-87.59762,41.74796],[-87.59722,41.74969],[-87.59718,41.75008],[-87.59708,41.75053],[-87.59738,41.7506],[-87.59721,41.75137],[-87.59549,41.75139],[-87.5956,41.75503],[-87.59622,41.75503],[-87.5958,41.75686],[-87.59306,41.75688],[-87.58582,41.75167],[-87.58582,41.75151],[-87.58566,41.7515]]]]}},{"type":"Feature","properties":{"id":"avondale","name":"Avondale","secondary":"IRVING PARK,AVONDALE","layer":"neighborhoods","area_sqmi":1.984},"geometry":{"type":"MultiPolygon","coordinates":[[[[-87.68799,41.9361],[-87.68788,41.93218],[-87.69662,41.9321],[-87.70784,41.93203],[-87.73146,41.93173],[-87.73522,41.93899],[-87.72719,41.9391],[-87.7274,41.94637],[-87.70884,41.94662],[-87.6962,41.9467],[-87.69548,41.94358],[-87.69543,41.9432],[-87.69528,41.94277],[-87.69459,41.9417],[-87.69408,41.94102],[-87.69363,41.94026],[-87.69338,41.93999],[-87.69306,41.93978],[-87.69279,41.93952],[-87.69244,41.93938],[-87.69244,41.93931],[-87.69234,41.93922],[-87.6919,41.939],[-87.69167,41.93892],[-87.69149,41.93879],[-87.69106,41.93824],[-87.69087,41.93785],[-87.69072,41.9374],[-87.69041,41.9369],[-87.69015,41.9367],[-87.68993,41.93661],[-87.68853,41.93645],[-87.68799,41.9361]]]]}},{"type":"Feature","properties":{"id":"belmont-cragin","name":"Belmont Cragin","secondary":"BELMONT CRAGIN,HERMOSA","layer":"neighborhoods","area_sqmi":3.914},"geometry":{"type":"MultiPolygon","coordinates":[[[[-87.74134,41.9139],[-87.74601,41.91447],[-87.74601,41.91439],[-87.74702,41.91452],[-87.74772,41.91457],[-87.75509,41.91547],[-87.75589,41.91549],[-87.75588,41.9154],[-87.75751,41.91576],[-87.75925,41.91609],[-87.76381,41.91663],[-87.76523,41.91671],[-87.7664,41.91672],[-87.77547,41.91659],[-87.78439,41.91645],[-87.78547,41.91646],[-87.78621,41.91653],[-87.78703,41.91667],[-87.78783,41.9169],[-87.78871,41.91721],[-87.78927,41.91743],[-87.78964,41.91767],[-87.79008,41.91821],[-87.79023,41.91867],[-87.79069,41.93277],[-87.79059,41.93277],[-87.79077,41.93824],[-87.77621,41.93845],[-87.74218,41.93889],[-87.74165,41.92464],[-87.74134,41.9139]]]]}},{"type":"Feature","properties":{"id":"beverly","name":"Beverly","secondary":"BEVERLY","layer":"neighborhoods","area_sqmi":3.174},"geometry":{"type":"MultiPolygon","coordinates":[[[[-87.67308,41.73566],[-87.66915,41.73123],[-87.66812,41.7302],[-87.66725,41.72885],[-87.66731,41.72868],[-87.66732,41.72844],[-87.66345,41.7212],[-87.66326,41.7212],[-87.6632,41.72109],[-87.66309,41.7201],[-87.66107,41.71569],[-87.65998,41.714],[-87.65636,41.70678],[-87.65602,41.70679],[-87.65874,41.69944],[-87.66283,41.69939],[-87.67986,41.69906],[-87.68237,41.69908],[-87.69124,41.69898],[-87.69602,41.69893],[-87.69615,41.69894],[-87.69631,41.70258],[-87.69646,41.70714],[-87.69152,41.7072],[-87.69173,41.71357],[-87.68184,41.71366],[-87.68251,41.73553],[-87.67308,41.73566]]]]}},{"type":"Feature","properties":{"id":"boystown","name":"Boystown","secondary":"BOYSTOWN","layer":"neighborhoods","area_sqmi":0.121},"geometry":{"type":"MultiPolygon","coordinates":[[[[-87.64878,41.93999],[-87.64927,41.93998],[-87.64962,41.9512],[-87.64472,41.94317],[-87.64448,41.94273],[-87.6444,41.94004],[-87.64878,41.93999]]]]}},{"type":"Feature","properties":{"id":"bridgeport","name":"Bridgeport","secondary":"BRIDGEPORT","layer":"neighborhoods","area_sqmi":2.089},"geometry":{"type":"MultiPolygon","coordinates":[[[[-87.64173,41.84728],[-87.64185,41.84711],[-87.6416,41.84647],[-87.6416,41.8463],[-87.63998,41.84632],[-87.63953,41.84637],[-87.63836,41.84618],[-87.63829,41.84362],[-87.63651,41.84364],[-87.63638,41.83817],[-87.63648,41.83817],[-87.63643,41.83635],[-87.63593,41.83636],[-87.63589,41.83453],[-87.63653,41.83453],[-87.63658,41.83415],[-87.6364,41.82723],[-87.6362,41.82723],[-87.63616,41.82541],[-87.63607,41.8254],[-87.63606,41.82521],[-87.63396,41.82361],[-87.63612,41.82359],[-87.65611,41.82331],[-87.65714,41.82404],[-87.65735,41.82607],[-87.65735,41.82649],[-87.65756,41.82823],[-87.65757,41.82876],[-87.65737,41.83088],[-87.65743,41.8312],[-87.66035,41.83437],[-87.66129,41.83486],[-87.66167,41.83525],[-87.66199,41.83569],[-87.66249,41.83614],[-87.66308,41.83682],[-87.66317,41.83698],[-87.66344,41.83781],[-87.66429,41.83906],[-87.66454,41.83956],[-87.66457,41.83988],[-87.66454,41.84066],[-87.66484,41.84124],[-87.66497,41.84162],[-87.66495,41.84172],[-87.66431,41.8428],[-87.66389,41.8441],[-87.66378,41.84429],[-87.66345,41.8445],[-87.66252,41.84491],[-87.66164,41.84535],[-87.66077,41.84584],[-87.66072,41.84572],[-87.6586,41.84726],[-87.6575,41.84717],[-87.65312,41.84795],[-87.65258,41.848],[-87.65158,41.84818],[-87.651,41.84831],[-87.64964,41.8484],[-87.64864,41.84861],[-87.6468,41.84921],[-87.64585,41.84938],[-87.64489,41.84942],[-87.644,41.84951],[-87.64368,41.84901],[-87.64323,41.84852],[-87.64276,41.84869],[-87.64225,41.84893],[-87.64162,41.84819],[-87.64163,41.84812],[-87.64243,41.84811],[-87.64173,41.84728]]]]}},{"type":"Feature","properties":{"id":"brighton-park","name":"Brighton Park","secondary":"BRIGHTON PARK,MCKINLEY PARK","layer":"neighborhoods","area_sqmi":2.719},"geometry":{"type":"MultiPolygon","coordinates":[[[[-87.68424,41.823],[-87.68387,41.80842],[-87.68443,41.80843],[-87.68435,41.80582],[-87.68437,41.80472],[-87.68437,41.80455],[-87.69315,41.80446],[-87.69409,41.80441],[-87.6941,41.80464],[-87.70085,41.80451],[-87.70387,41.80448],[-87.70386,41.80422],[-87.70755,41.80416],[-87.70805,41.8042],[-87.71087,41.80415],[-87.71134,41.80413],[-87.7126,41.80396],[-87.71378,41.80393],[-87.71379,41.80602],[-87.71392,41.8095],[-87.714,41.81011],[-87.71433,41.82206],[-87.71433,41.82223],[-87.71426,41.82242],[-87.71432,41.82419],[-87.71437,41.82451],[-87.71437,41.82604],[-87.70458,41.82912],[-87.70461,41.8298],[-87.70417,41.82987],[-87.70038,41.83092],[-87.69781,41.83173],[-87.69661,41.83219],[-87.69636,41.83199],[-87.6874,41.8348],[-87.68745,41.83469],[-87.68736,41.83024],[-87.68732,41.83024],[-87.68744,41.8284],[-87.68736,41.82662],[-87.68686,41.82665],[-87.68686,41.82654],[-87.6866,41.82595],[-87.68611,41.82523],[-87.68667,41.82489],[-87.6862,41.82442],[-87.68613,41.82431],[-87.68608,41.82296],[-87.68424,41.823]]]]}},{"type":"Feature","properties":{"id":"bucktown","name":"Bucktown","secondary":"BUCKTOWN","layer":"neighborhoods","area_sqmi":1.034},"geometry":{"type":"MultiPolygon","coordinates":[[[[-87.68284,41.93223],[-87.68284,41.93215],[-87.68215,41.9314],[-87.6808,41.93064],[-87.67984,41.92861],[-87.67971,41.92846],[-87.67779,41.92802],[-87.6772,41.92784],[-87.67652,41.92759],[-87.67583,41.92723],[-87.67494,41.92666],[-87.67455,41.92614],[-87.67451,41.92595],[-87.67446,41.92484],[-87.67442,41.92463],[-87.67426,41.92439],[-87.67216,41.92281],[-87.67165,41.92255],[-87.67111,41.92241],[-87.67089,41.92238],[-87.67015,41.92237],[-87.66951,41.92241],[-87.66929,41.92239],[-87.66893,41.92228],[-87.66837,41.92217],[-87.6681,41.92203],[-87.66768,41.92134],[-87.66734,41.92088],[-87.66646,41.92003],[-87.66572,41.91893],[-87.66543,41.91859],[-87.66475,41.91799],[-87.6646,41.9178],[-87.66445,41.91755],[-87.6639,41.91589],[-87.66377,41.91568],[-87.66362,41.91562],[-87.66381,41.9155],[-87.66612,41.91451],[-87.66681,41.91434],[-87.66744,41.91428],[-87.6678,41.9143],[-87.66793,41.91427],[-87.66889,41.91425],[-87.67023,41.91429],[-87.67755,41.91417],[-87.67756,41.91472],[-87.68245,41.91462],[-87.68242,41.91358],[-87.68315,41.91406],[-87.68732,41.91399],[-87.68788,41.93218],[-87.68799,41.9361],[-87.68767,41.9359],[-87.68703,41.93527],[-87.68683,41.93496],[-87.68683,41.93491],[-87.68597,41.93403],[-87.68549,41.9338],[-87.68526,41.93379],[-87.685,41.93368],[-87.68466,41.93367],[-87.68455,41.93364],[-87.68427,41.93362],[-87.68353,41.93344],[-87.68343,41.9334],[-87.68306,41.93276],[-87.68284,41.93233],[-87.68284,41.93223]]]]}},{"type":"Feature","properties":{"id":"burnside","name":"Burnside","secondary":"CHATHAM,BURNSIDE","layer":"neighborhoods","area_sqmi":0.608},"geometry":{"type":"MultiPolygon","coordinates":[[[[-87.58737,41.72326],[-87.58711,41.72282],[-87.5867,41.72232],[-87.60118,41.72211],[-87.60318,41.72205],[-87.60448,41.72204],[-87.60449,41.72255],[-87.60451,41.72361],[-87.60359,41.72343],[-87.60306,41.72573],[-87.60335,41.72572],[-87.60293,41.72756],[-87.60327,41.72755],[-87.60202,41.73303],[-87.60116,41.73313],[-87.60049,41.73608],[-87.60039,41.73671],[-87.59535,41.73678],[-87.59457,41.73554],[-87.59338,41.73398],[-87.59296,41.73337],[-87.58878,41.72633],[-87.5885,41.72575],[-87.58781,41.72405],[-87.58737,41.72326]]]]}},{"type":"Feature","properties":{"id":"calumet-heights","name":"Calumet Heights","secondary":"AVALON PARK,CALUMET HEIGHTS","layer":"neighborhoods","area_sqmi":1.746},"geometry":{"type":"MultiPolygon","coordinates":[[[[-87.54568,41.72282],[-87.54654,41.72276],[-87.54989,41.72278],[-87.56559,41.72259],[-87.56563,41.72389],[-87.56792,41.72361],[-87.56858,41.72356],[-87.5839,41.72335],[-87.58531,41.72332],[-87.58586,41.72327],[-87.58737,41.72326],[-87.58781,41.72405],[-87.5885,41.72575],[-87.58878,41.72633],[-87.59296,41.73337],[-87.59338,41.73398],[-87.59457,41.73554],[-87.59535,41.73678],[-87.56765,41.73717],[-87.56756,41.73719],[-87.56745,41.73717],[-87.5657,41.7372],[-87.55014,41.72599],[-87.54918,41.7253],[-87.54761,41.72424],[-87.54568,41.72282]]]]}},{"type":"Feature","properties":{"id":"chatham","name":"Chatham","secondary":"CHATHAM,BURNSIDE","layer":"neighborhoods","area_sqmi":2.945},"geometry":{"type":"MultiPolygon","coordinates":[[[[-87.59535,41.73678],[-87.60039,41.73671],[-87.60049,41.73608],[-87.60116,41.73313],[-87.60202,41.73303],[-87.60327,41.72755],[-87.60293,41.72756],[-87.60335,41.72572],[-87.60306,41.72573],[-87.60359,41.72343],[-87.60451,41.72361],[-87.60449,41.72255],[-87.60589,41.72292],[-87.60674,41.72322],[-87.60723,41.72343],[-87.60937,41.72448],[-87.60939,41.72494],[-87.60961,41.7251],[-87.61066,41.72558],[-87.61158,41.72559],[-87.61427,41.72693],[-87.6143,41.72789],[-87.6157,41.72849],[-87.61735,41.72905],[-87.61791,41.7292],[-87.61852,41.7294],[-87.61919,41.72954],[-87.61918,41.72912],[-87.62567,41.72902],[-87.62578,41.72918],[-87.62645,41.7299],[-87.62904,41.73262],[-87.62905,41.73268],[-87.62915,41.73278],[-87.63068,41.73423],[-87.63093,41.73441],[-87.63088,41.73442],[-87.63116,41.73471],[-87.63173,41.73518],[-87.6321,41.73541],[-87.63272,41.73597],[-87.63266,41.73638],[-87.63258,41.73631],[-87.63251,41.73644],[-87.63271,41.73666],[-87.63299,41.7371],[-87.63357,41.73826],[-87.63369,41.73885],[-87.63396,41.73947],[-87.63401,41.73956],[-87.63411,41.7435],[-87.63437,41.74355],[-87.63595,41.74416],[-87.63648,41.74352],[-87.63919,41.74343],[-87.63909,41.74517],[-87.63907,41.74794],[-87.6391,41.74887],[-87.63949,41.74886],[-87.63945,41.75049],[-87.63937,41.75071],[-87.6344,41.75078],[-87.62652,41.75094],[-87.62582,41.75093],[-87.60552,41.75128],[-87.59721,41.75137],[-87.59738,41.7506],[-87.59708,41.75053],[-87.59718,41.75008],[-87.59722,41.74969],[-87.59762,41.74796],[-87.59766,41.74754],[-87.59783,41.74679],[-87.59728,41.7468],[-87.59761,41.74406],[-87.59787,41.74405],[-87.59783,41.74333],[-87.59788,41.74226],[-87.59785,41.74169],[-87.5977,41.74098],[-87.59749,41.74043],[-87.59717,41.73985],[-87.59535,41.73678]]]]}},{"type":"Feature","properties":{"id":"chicago-lawn","name":"Chicago Lawn","secondary":"MARQUETTE PARK,GAGE PARK","layer":"neighborhoods","area_sqmi":3.518},"geometry":{"type":"MultiPolygon","coordinates":[[[[-87.67815,41.75766],[-87.67859,41.75765],[-87.68154,41.75764],[-87.6841,41.75756],[-87.6867,41.75753],[-87.68668,41.75748],[-87.68675,41.75745],[-87.68817,41.75744],[-87.68877,41.75748],[-87.68954,41.75749],[-87.69018,41.75744],[-87.69934,41.7573],[-87.7013,41.75725],[-87.70213,41.75721],[-87.70262,41.7572],[-87.70262,41.75724],[-87.70278,41.75725],[-87.70612,41.7572],[-87.70685,41.75715],[-87.70745,41.75713],[-87.70743,41.75726],[-87.71101,41.75717],[-87.71173,41.75722],[-87.71255,41.75734],[-87.71252,41.76058],[-87.71243,41.7606],[-87.71277,41.77152],[-87.71295,41.77883],[-87.71273,41.77883],[-87.71294,41.78561],[-87.7129,41.7861],[-87.68484,41.78655],[-87.68401,41.78655],[-87.68369,41.78651],[-87.67967,41.78656],[-87.67912,41.78656],[-87.67898,41.78105],[-87.67895,41.78105],[-87.67875,41.78033],[-87.67849,41.77925],[-87.67882,41.77597],[-87.67881,41.77564],[-87.67856,41.77564],[-87.67835,41.77202],[-87.67872,41.77201],[-87.67862,41.76839],[-87.67836,41.76839],[-87.67845,41.76753],[-87.67845,41.76673],[-87.67835,41.76593],[-87.67855,41.76476],[-87.67854,41.76385],[-87.67815,41.75766]]]]}},{"type":"Feature","properties":{"id":"chinatown","name":"Chinatown","secondary":"ARMOUR SQUARE,CHINATOWN","layer":"neighborhoods","area_sqmi":0.381},"geometry":{"type":"MultiPolygon","coordinates":[[[[-87.6292,41.84713],[-87.63119,41.84748],[-87.63192,41.84753],[-87.63314,41.84751],[-87.63431,41.84744],[-87.63623,41.84737],[-87.64173,41.84728],[-87.64243,41.84811],[-87.64163,41.84812],[-87.64162,41.84819],[-87.64225,41.84893],[-87.64276,41.84869],[-87.64323,41.84852],[-87.64368,41.84901],[-87.644,41.84951],[-87.64332,41.84969],[-87.64264,41.85002],[-87.64218,41.85045],[-87.64115,41.85179],[-87.64034,41.85299],[-87.63987,41.85359],[-87.63939,41.85428],[-87.63904,41.85457],[-87.63844,41.85488],[-87.63748,41.85533],[-87.63616,41.85629],[-87.63549,41.85694],[-87.63532,41.85723],[-87.63516,41.85772],[-87.63023,41.85778],[-87.63012,41.85372],[-87.63006,41.85288],[-87.62935,41.85288],[-87.6292,41.84713]]]]}},{"type":"Feature","properties":{"id":"clearing","name":"Clearing","secondary":"MIDWAY AIRPORT","layer":"neighborhoods","area_sqmi":2.546},"geometry":{"type":"MultiPolygon","coordinates":[[[[-87.73762,41.78578],[-87.73718,41.7712],[-87.74205,41.77113],[-87.74217,41.77478],[-87.7819,41.774],[-87.80081,41.7737],[-87.80082,41.77405],[-87.80078,41.7742],[-87.80082,41.7756],[-87.80101,41.77913],[-87.80102,41.78022],[-87.80122,41.78469],[-87.78126,41.78501],[-87.76202,41.78539],[-87.76202,41.78533],[-87.74253,41.78573],[-87.73762,41.78578]]]]}},{"type":"Feature","properties":{"id":"douglas","name":"Douglas","secondary":"BRONZEVILLE","layer":"neighborhoods","area_sqmi":1.648},"geometry":{"type":"MultiPolygon","coordinates":[[[[-87.61141,41.84527],[-87.60941,41.84527],[-87.60941,41.84522],[-87.60914,41.84469],[-87.60915,41.84424],[-87.60907,41.84419],[-87.60892,41.84396],[-87.60877,41.84336],[-87.60802,41.84231],[-87.60798,41.8414],[-87.60785,41.84103],[-87.60753,41.84056],[-87.60698,41.84067],[-87.60668,41.84056],[-87.60671,41.8405],[-87.60699,41.8406],[-87.6075,41.8405],[-87.60743,41.84039],[-87.60745,41.84035],[-87.60721,41.83965],[-87.6071,41.83951],[-87.60658,41.83921],[-87.60645,41.83908],[-87.60616,41.83863],[-87.60471,41.83896],[-87.60428,41.83958],[-87.60427,41.83983],[-87.60419,41.83983],[-87.6042,41.83955],[-87.60467,41.83888],[-87.60613,41.83855],[-87.60608,41.83802],[-87.6061,41.83784],[-87.60607,41.83729],[-87.60585,41.83644],[-87.60565,41.83612],[-87.60531,41.83568],[-87.60456,41.83499],[-87.60454,41.83481],[-87.60473,41.83459],[-87.60503,41.83442],[-87.60487,41.8338],[-87.60455,41.83335],[-87.60435,41.8332],[-87.60392,41.83304],[-87.60349,41.83301],[-87.60335,41.83297],[-87.60323,41.83291],[-87.60301,41.83273],[-87.6027,41.83233],[-87.60277,41.83177],[-87.60271,41.83137],[-87.60295,41.83133],[-87.60583,41.83123],[-87.61063,41.83119],[-87.61262,41.82389],[-87.62897,41.82368],[-87.62909,41.82733],[-87.62905,41.82751],[-87.62892,41.82768],[-87.629,41.83098],[-87.62956,41.83097],[-87.62997,41.84554],[-87.62917,41.84556],[-87.61784,41.84573],[-87.61721,41.84566],[-87.61655,41.84563],[-87.61644,41.84553],[-87.61622,41.84518],[-87.61601,41.84509],[-87.61499,41.84511],[-87.615,41.84517],[-87.6124,41.84517],[-87.61141,41.84527]]]]}},{"type":"Feature","properties":{"id":"dunning","name":"Dunning","secondary":"DUNNING","layer":"neighborhoods","area_sqmi":3.718},"geometry":{"type":"MultiPolygon","coordinates":[[[[-87.77621,41.93845],[-87.79077,41.93824],[-87.80675,41.938],[-87.80662,41.93451],[-87.81639,41.93431],[-87.81652,41.93794],[-87.83481,41.93758],[-87.83491,41.94044],[-87.83512,41.94467],[-87.83518,41.94479],[-87.83643,41.94476],[-87.83666,41.95188],[-87.8367,41.95936],[-87.83268,41.95944],[-87.83209,41.95707],[-87.83182,41.9557],[-87.83179,41.95216],[-87.80727,41.95276],[-87.80729,41.95387],[-87.79444,41.95999],[-87.7942,41.96006],[-87.78681,41.96022],[-87.78679,41.95909],[-87.78656,41.95292],[-87.77677,41.95306],[-87.77621,41.93845]]]]}},{"type":"Feature","properties":{"id":"east-side","name":"East Side","secondary":"SOUTHEAST SIDE","layer":"neighborhoods","area_sqmi":2.977},"geometry":{"type":"MultiPolygon","coordinates":[[[[-87.52462,41.6918],[-87.53036,41.69183],[-87.5304,41.6882],[-87.53034,41.68513],[-87.53041,41.68457],[-87.53164,41.68457],[-87.53164,41.6845],[-87.54013,41.68451],[-87.54012,41.68278],[-87.54508,41.68277],[-87.54513,41.68552],[-87.5452,41.70031],[-87.54512,41.70074],[-87.54498,41.70109],[-87.5438,41.70276],[-87.5459,41.70277],[-87.54576,41.70305],[-87.54566,41.70338],[-87.54562,41.70393],[-87.54563,41.70464],[-87.54571,41.70514],[-87.54588,41.70561],[-87.54586,41.70733],[-87.54564,41.7077],[-87.54527,41.70814],[-87.54426,41.70889],[-87.54364,41.7094],[-87.54328,41.70985],[-87.54317,41.7101],[-87.54273,41.71075],[-87.54267,41.71095],[-87.54261,41.7114],[-87.5426,41.71288],[-87.54253,41.71352],[-87.54229,41.71426],[-87.54221,41.71462],[-87.54218,41.71564],[-87.54221,41.71576],[-87.54232,41.71586],[-87.54242,41.71644],[-87.54303,41.71715],[-87.54315,41.71794],[-87.54297,41.71969],[-87.54289,41.72013],[-87.5427,41.72051],[-87.54269,41.72082],[-87.54296,41.72163],[-87.54314,41.72286],[-87.54316,41.72331],[-87.543,41.72403],[-87.54225,41.72658],[-87.5419,41.72714],[-87.5414,41.72759],[-87.54042,41.72828],[-87.53941,41.72879],[-87.53726,41.72962],[-87.53287,41.73152],[-87.52925,41.73301],[-87.52949,41.73237],[-87.52946,41.73231],[-87.52937,41.73232],[-87.52927,41.73228],[-87.52914,41.73209],[-87.52526,41.73153],[-87.52495,41.73141],[-87.52473,41.73122],[-87.52469,41.73109],[-87.52453,41.7235],[-87.52455,41.7232],[-87.52447,41.7232],[-87.52447,41.7219],[-87.5245,41.72188],[-87.5245,41.72179],[-87.52469,41.72179],[-87.525,41.72152],[-87.5247,41.72125],[-87.52482,41.72118],[-87.52509,41.72142],[-87.52541,41.72092],[-87.52508,41.72085],[-87.52514,41.72073],[-87.52545,41.7208],[-87.52549,41.72072],[-87.52556,41.72037],[-87.52561,41.71944],[-87.52555,41.71899],[-87.52529,41.71849],[-87.52491,41.71805],[-87.5245,41.71799],[-87.52447,41.7174],[-87.52535,41.71738],[-87.52581,41.71733],[-87.52642,41.71711],[-87.52652,41.71727],[-87.52661,41.71724],[-87.52652,41.71708],[-87.5268,41.71699],[-87.52677,41.71692],[-87.52679,41.71688],[-87.52686,41.71688],[-87.52699,41.71695],[-87.5273,41.71683],[-87.52729,41.71681],[-87.5279,41.71645],[-87.52819,41.71622],[-87.52864,41.71574],[-87.5287,41.71542],[-87.52856,41.71487],[-87.52813,41.71424],[-87.52797,41.71387],[-87.52771,41.71342],[-87.52742,41.71308],[-87.52649,41.71236],[-87.52523,41.71337],[-87.52517,41.71333],[-87.52643,41.71231],[-87.52841,41.7108],[-87.5272,41.71003],[-87.52665,41.70985],[-87.52624,41.70982],[-87.5259,41.71014],[-87.52602,41.71025],[-87.526,41.71035],[-87.52586,41.71041],[-87.52575,41.71041],[-87.52563,41.71034],[-87.52547,41.71013],[-87.52537,41.71011],[-87.52535,41.71006],[-87.52504,41.70995],[-87.52457,41.70957],[-87.52419,41.70943],[-87.52414,41.70936],[-87.52414,41.70932],[-87.5242,41.70932],[-87.52423,41.70928],[-87.52445,41.70925],[-87.52473,41.70935],[-87.52476,41.70933],[-87.52488,41.7094],[-87.52512,41.70974],[-87.52517,41.70971],[-87.52521,41.70974],[-87.52526,41.70971],[-87.52553,41.70994],[-87.52559,41.70994],[-87.52622,41.70954],[-87.52577,41.70916],[-87.52531,41.70946],[-87.52536,41.7095],[-87.52534,41.70951],[-87.52526,41.70947],[-87.52513,41.70934],[-87.52516,41.70932],[-87.52523,41.70937],[-87.52568,41.70909],[-87.52542,41.70884],[-87.52537,41.70883],[-87.52486,41.70915],[-87.52478,41.70908],[-87.52502,41.70892],[-87.52494,41.70873],[-87.52489,41.70867],[-87.52454,41.70848],[-87.52454,41.70098],[-87.52466,41.69234],[-87.52462,41.6918]]]]}},{"type":"Feature","properties":{"id":"east-village","name":"East Village","secondary":"UKRAINIAN VILLAGE AND EAST VILLAGE","layer":"neighborhoods","area_sqmi":0.253},"geometry":{"type":"MultiPolygon","coordinates":[[[[-87.67705,41.89591],[-87.67726,41.90319],[-87.6675,41.90335],[-87.66729,41.89607],[-87.67705,41.89591]]]]}},{"type":"Feature","properties":{"id":"edgewater","name":"Edgewater","secondary":"EDGEWATER","layer":"neighborhoods","area_sqmi":1.396},"geometry":{"type":"MultiPolygon","coordinates":[[[[-87.64729,41.97775],[-87.64886,41.97704],[-87.64896,41.97696],[-87.64904,41.97681],[-87.64932,41.97685],[-87.6496,41.97682],[-87.65107,41.97648],[-87.65186,41.97644],[-87.66114,41.9763],[-87.66134,41.9836],[-87.67426,41.9834],[-87.67447,41.98339],[-87.67461,41.98336],[-87.6747,41.98653],[-87.6746,41.98679],[-87.67471,41.99076],[-87.67485,41.99076],[-87.67483,41.99208],[-87.67501,41.99799],[-87.67086,41.99807],[-87.6569,41.99823],[-87.65592,41.99823],[-87.65574,41.99818],[-87.65456,41.99817],[-87.65444,41.99768],[-87.65444,41.99728],[-87.65429,41.99636],[-87.65426,41.99599],[-87.6543,41.99595],[-87.65435,41.99608],[-87.65445,41.99609],[-87.65464,41.99604],[-87.65466,41.99594],[-87.65464,41.99568],[-87.65448,41.99537],[-87.65448,41.99513],[-87.65456,41.99496],[-87.6546,41.99453],[-87.65439,41.99453],[-87.65436,41.9943],[-87.6543,41.99427],[-87.65428,41.99421],[-87.65426,41.99397],[-87.65428,41.99388],[-87.65443,41.99386],[-87.65451,41.99366],[-87.65445,41.99365],[-87.65445,41.99348],[-87.65451,41.99346],[-87.65453,41.99339],[-87.65429,41.99308],[-87.6541,41.99305],[-87.65409,41.99301],[-87.6543,41.99181],[-87.65432,41.991],[-87.65441,41.99099],[-87.65438,41.99092],[-87.65424,41.99087],[-87.65419,41.99029],[-87.65421,41.99017],[-87.65431,41.99012],[-87.65419,41.98992],[-87.65423,41.98969],[-87.6542,41.98938],[-87.65423,41.98854],[-87.6543,41.9885],[-87.65431,41.98841],[-87.65354,41.98757],[-87.65309,41.9873],[-87.65226,41.98669],[-87.65159,41.98614],[-87.65098,41.98572],[-87.65067,41.98561],[-87.65028,41.98554],[-87.64989,41.98542],[-87.6494,41.9864],[-87.64935,41.98639],[-87.65036,41.98434],[-87.65054,41.98383],[-87.65068,41.98319],[-87.65074,41.98248],[-87.65067,41.98066],[-87.65055,41.98028],[-87.65022,41.97972],[-87.65038,41.97962],[-87.65048,41.97946],[-87.65023,41.97936],[-87.64977,41.97891],[-87.64877,41.97815],[-87.64865,41.978],[-87.6486,41.97784],[-87.64729,41.97775]]]]}},{"type":"Feature","properties":{"id":"edison-park","name":"Edison Park","secondary":"EDISON PARK","layer":"neighborhoods","area_sqmi":1.137},"geometry":{"type":"MultiPolygon","coordinates":[[[[-87.80676,42.00084],[-87.80682,41.99539],[-87.81033,41.99542],[-87.81032,41.99655],[-87.81035,41.99712],[-87.82141,41.99685],[-87.82125,42.01136],[-87.81973,42.01139],[-87.81973,42.01193],[-87.8201,42.01193],[-87.82007,42.01557],[-87.82123,42.01554],[-87.82121,42.01864],[-87.80655,42.01896],[-87.80676,42.00084]]]]}},{"type":"Feature","properties":{"id":"englewood","name":"Englewood","secondary":"ENGLEWOOD","layer":"neighborhoods","area_sqmi":6.213},"geometry":{"type":"MultiPolygon","coordinates":[[[[-87.62826,41.78316],[-87.62897,41.78315],[-87.62889,41.7803],[-87.6286,41.78014],[-87.62854,41.78],[-87.63015,41.77999],[-87.63011,41.77821],[-87.63004,41.77701],[-87.63009,41.77626],[-87.62996,41.77271],[-87.63104,41.77269],[-87.63125,41.77139],[-87.63136,41.76906],[-87.63355,41.76901],[-87.6335,41.76735],[-87.63354,41.76719],[-87.63471,41.76717],[-87.63464,41.76428],[-87.63484,41.7637],[-87.63484,41.7636],[-87.63448,41.76352],[-87.63443,41.76342],[-87.63461,41.763],[-87.63453,41.7599],[-87.63575,41.75988],[-87.6357,41.75806],[-87.63927,41.75798],[-87.63928,41.75693],[-87.63933,41.75616],[-87.6399,41.75615],[-87.64418,41.75609],[-87.64424,41.75814],[-87.64433,41.75811],[-87.64568,41.75809],[-87.64653,41.75807],[-87.64666,41.75811],[-87.65393,41.758],[-87.65393,41.75793],[-87.65401,41.75789],[-87.66361,41.75777],[-87.66361,41.75774],[-87.66548,41.75767],[-87.6697,41.75763],[-87.66969,41.75778],[-87.67815,41.75766],[-87.67854,41.76385],[-87.67855,41.76476],[-87.67835,41.76593],[-87.67845,41.76673],[-87.67845,41.76753],[-87.67836,41.76839],[-87.67862,41.76839],[-87.67872,41.77201],[-87.67835,41.77202],[-87.67856,41.77564],[-87.67881,41.77564],[-87.67882,41.77597],[-87.67849,41.77925],[-87.67875,41.78033],[-87.67895,41.78105],[-87.67898,41.78105],[-87.67912,41.78656],[-87.67967,41.78656],[-87.67964,41.78836],[-87.67966,41.78971],[-87.67937,41.79349],[-87.67881,41.7935],[-87.67882,41.79387],[-87.66483,41.79402],[-87.64494,41.7943],[-87.63546,41.79448],[-87.62856,41.7946],[-87.62843,41.79004],[-87.6284,41.78995],[-87.62843,41.78985],[-87.62826,41.78316]]]]}},{"type":"Feature","properties":{"id":"fuller-park","name":"Fuller Park","secondary":"BACK OF THE YARDS","layer":"neighborhoods","area_sqmi":0.713},"geometry":{"type":"MultiPolygon","coordinates":[[[[-87.6288,41.80189],[-87.62885,41.8009],[-87.62882,41.79959],[-87.62881,41.79937],[-87.62869,41.79937],[-87.62856,41.7946],[-87.63546,41.79448],[-87.63551,41.79646],[-87.63551,41.79831],[-87.6356,41.80065],[-87.6357,41.80147],[-87.63591,41.8089],[-87.63592,41.80904],[-87.63577,41.80905],[-87.63583,41.80948],[-87.63586,41.81092],[-87.63638,41.81091],[-87.63622,41.8116],[-87.63616,41.81221],[-87.63622,41.81542],[-87.63616,41.81635],[-87.63572,41.81635],[-87.63589,41.81815],[-87.63604,41.81815],[-87.63612,41.82359],[-87.63396,41.82361],[-87.62936,41.82368],[-87.62926,41.81979],[-87.62919,41.81946],[-87.62897,41.81121],[-87.62904,41.81015],[-87.62897,41.80786],[-87.62902,41.80724],[-87.62901,41.8067],[-87.62892,41.80337],[-87.62882,41.80267],[-87.6288,41.80189]]]]}},{"type":"Feature","properties":{"id":"gage-park","name":"Gage Park","secondary":"MARQUETTE PARK,GAGE PARK","layer":"neighborhoods","area_sqmi":2.194},"geometry":{"type":"MultiPolygon","coordinates":[[[[-87.67882,41.79387],[-87.67881,41.7935],[-87.67937,41.79349],[-87.67966,41.78971],[-87.67964,41.78836],[-87.67967,41.78656],[-87.68369,41.78651],[-87.68401,41.78655],[-87.68484,41.78655],[-87.7129,41.7861],[-87.71337,41.78609],[-87.71347,41.78972],[-87.71328,41.78973],[-87.71361,41.80069],[-87.7135,41.80069],[-87.71371,41.80081],[-87.71378,41.80393],[-87.7126,41.80396],[-87.71134,41.80413],[-87.71087,41.80415],[-87.70805,41.8042],[-87.70755,41.80416],[-87.70386,41.80422],[-87.70387,41.80448],[-87.70085,41.80451],[-87.6941,41.80464],[-87.69409,41.80441],[-87.69315,41.80446],[-87.68437,41.80455],[-87.68437,41.80472],[-87.68375,41.80474],[-87.68376,41.8048],[-87.68222,41.80481],[-87.68192,41.80486],[-87.67941,41.80485],[-87.67939,41.80426],[-87.67955,41.8025],[-87.67941,41.79703],[-87.67925,41.79609],[-87.67887,41.79442],[-87.67882,41.79387]]]]}},{"type":"Feature","properties":{"id":"galewood","name":"Galewood","secondary":"MONTCLARE, GALEWOOD","layer":"neighborhoods","area_sqmi":1.049},"geometry":{"type":"MultiPolygon","coordinates":[[[[-87.77547,41.91659],[-87.77524,41.90981],[-87.77525,41.9097],[-87.7756,41.90925],[-87.80257,41.90893],[-87.80575,41.90884],[-87.80623,41.92336],[-87.80476,41.92299],[-87.80325,41.92249],[-87.78871,41.91721],[-87.78783,41.9169],[-87.78703,41.91667],[-87.78621,41.91653],[-87.78547,41.91646],[-87.78439,41.91645],[-87.77547,41.91659]]]]}},{"type":"Feature","properties":{"id":"garfield-park","name":"Garfield Park","secondary":"GARFIELD PARK","layer":"neighborhoods","area_sqmi":3.227},"geometry":{"type":"MultiPolygon","coordinates":[[[[-87.69157,41.8882],[-87.68867,41.88817],[-87.68896,41.88806],[-87.68929,41.88802],[-87.69033,41.88768],[-87.69081,41.8874],[-87.69115,41.8871],[-87.69144,41.8867],[-87.69156,41.88646],[-87.69162,41.88618],[-87.69169,41.88609],[-87.69162,41.886],[-87.6916,41.88582],[-87.69163,41.88572],[-87.69158,41.88567],[-87.69161,41.88544],[-87.69159,41.88443],[-87.69228,41.8844],[-87.69216,41.88111],[-87.6915,41.88111],[-87.69145,41.8784],[-87.69132,41.87526],[-87.69115,41.87111],[-87.6913,41.87111],[-87.69123,41.87101],[-87.69122,41.87063],[-87.69126,41.8703],[-87.69121,41.8701],[-87.69124,41.86939],[-87.69119,41.86929],[-87.69574,41.86923],[-87.69631,41.86924],[-87.70576,41.86913],[-87.70579,41.87005],[-87.71577,41.86994],[-87.71797,41.86994],[-87.71804,41.86991],[-87.72024,41.86987],[-87.7202,41.86859],[-87.72527,41.86853],[-87.72529,41.86909],[-87.73258,41.869],[-87.73267,41.87098],[-87.73989,41.86896],[-87.73998,41.86983],[-87.74008,41.87325],[-87.73939,41.87327],[-87.7395,41.87662],[-87.73951,41.87691],[-87.74021,41.87691],[-87.7406,41.88782],[-87.73852,41.88784],[-87.73817,41.88787],[-87.73796,41.88784],[-87.72862,41.88796],[-87.72766,41.88801],[-87.72697,41.88798],[-87.72587,41.88799],[-87.72587,41.88783],[-87.72465,41.88784],[-87.72465,41.88804],[-87.72421,41.88801],[-87.72118,41.88805],[-87.70863,41.88821],[-87.70723,41.88826],[-87.70387,41.88831],[-87.70387,41.88816],[-87.70141,41.88816],[-87.70141,41.88823],[-87.69667,41.88828],[-87.69595,41.88825],[-87.6952,41.88815],[-87.69157,41.8882]]]]}},{"type":"Feature","properties":{"id":"garfield-ridge","name":"Garfield Ridge","secondary":"MIDWAY AIRPORT","layer":"neighborhoods","area_sqmi":4.222},"geometry":{"type":"MultiPolygon","coordinates":[[[[-87.73856,41.81871],[-87.73845,41.81531],[-87.73845,41.81497],[-87.7385,41.81497],[-87.73791,41.79529],[-87.73786,41.79368],[-87.73782,41.79362],[-87.73785,41.79346],[-87.73762,41.78578],[-87.74253,41.78573],[-87.76202,41.78533],[-87.76202,41.78539],[-87.78126,41.78501],[-87.80122,41.78469],[-87.80154,41.7922],[-87.80162,41.79481],[-87.80163,41.798],[-87.79719,41.7994],[-87.79447,41.79946],[-87.79282,41.79946],[-87.78794,41.79961],[-87.7794,41.79972],[-87.76482,41.80004],[-87.75274,41.80019],[-87.75308,41.81331],[-87.74465,41.81596],[-87.74476,41.82203],[-87.73865,41.82212],[-87.73865,41.82206],[-87.73856,41.81871]]]]}},{"type":"Feature","properties":{"id":"gold-coast","name":"Gold Coast","secondary":"GOLD COAST","layer":"neighborhoods","area_sqmi":0.257},"geometry":{"type":"MultiPolygon","coordinates":[[[[-87.62446,41.91157],[-87.62466,41.91142],[-87.62469,41.91085],[-87.62473,41.91074],[-87.6248,41.91062],[-87.62502,41.91043],[-87.6251,41.91027],[-87.62514,41.90982],[-87.62509,41.90911],[-87.62502,41.90854],[-87.62481,41.90753],[-87.62357,41.90408],[-87.62372,41.90405],[-87.62361,41.90395],[-87.62317,41.90372],[-87.62259,41.90319],[-87.62193,41.90237],[-87.62186,41.9022],[-87.62187,41.90205],[-87.6214,41.9019],[-87.62057,41.90175],[-87.61988,41.90155],[-87.61941,41.90126],[-87.61913,41.90097],[-87.62369,41.90084],[-87.62412,41.90082],[-87.62422,41.90082],[-87.62468,41.9008],[-87.62751,41.90076],[-87.62809,41.90199],[-87.62832,41.90237],[-87.62866,41.90326],[-87.62868,41.90394],[-87.63145,41.9039],[-87.63168,41.91118],[-87.62712,41.91125],[-87.62686,41.91134],[-87.62657,41.91167],[-87.6264,41.91137],[-87.62471,41.91156],[-87.62446,41.91157]]]]}},{"type":"Feature","properties":{"id":"grand-boulevard","name":"Grand Boulevard","secondary":"BRONZEVILLE","layer":"neighborhoods","area_sqmi":1.738},"geometry":{"type":"MultiPolygon","coordinates":[[[[-87.60671,41.81681],[-87.60641,41.80225],[-87.6288,41.80189],[-87.62882,41.80267],[-87.62892,41.80337],[-87.62901,41.8067],[-87.62902,41.80724],[-87.62897,41.80786],[-87.62904,41.81015],[-87.62897,41.81121],[-87.62919,41.81946],[-87.62926,41.81979],[-87.62936,41.82368],[-87.62897,41.82368],[-87.61262,41.82389],[-87.60687,41.82396],[-87.60644,41.82331],[-87.60686,41.82317],[-87.60671,41.81681]]]]}},{"type":"Feature","properties":{"id":"grand-crossing","name":"Grand Crossing","secondary":"SOUTH SHORE, GRAND CROSSING","layer":"neighborhoods","area_sqmi":3.538},"geometry":{"type":"MultiPolygon","coordinates":[[[[-87.61562,41.78024],[-87.61545,41.77297],[-87.60559,41.76587],[-87.60577,41.77314],[-87.5921,41.77328],[-87.59275,41.77015],[-87.59274,41.7699],[-87.59239,41.7699],[-87.59228,41.76601],[-87.5933,41.76601],[-87.59339,41.76502],[-87.59332,41.76235],[-87.59458,41.76235],[-87.59538,41.7587],[-87.59563,41.7587],[-87.59306,41.75688],[-87.5958,41.75686],[-87.59622,41.75503],[-87.5956,41.75503],[-87.59549,41.75139],[-87.59721,41.75137],[-87.60552,41.75128],[-87.62582,41.75093],[-87.62652,41.75094],[-87.6344,41.75078],[-87.63937,41.75071],[-87.63976,41.7507],[-87.6399,41.75615],[-87.63933,41.75616],[-87.63928,41.75693],[-87.63927,41.75798],[-87.6357,41.75806],[-87.63575,41.75988],[-87.63453,41.7599],[-87.63461,41.763],[-87.63443,41.76342],[-87.63448,41.76352],[-87.63484,41.7636],[-87.63484,41.7637],[-87.63464,41.76428],[-87.63471,41.76717],[-87.63354,41.76719],[-87.6335,41.76735],[-87.63355,41.76901],[-87.63136,41.76906],[-87.63125,41.77139],[-87.63104,41.77269],[-87.62996,41.77271],[-87.63009,41.77626],[-87.63004,41.77701],[-87.63011,41.77821],[-87.63015,41.77999],[-87.62854,41.78],[-87.6286,41.78014],[-87.62889,41.7803],[-87.62897,41.78315],[-87.62826,41.78316],[-87.6254,41.78321],[-87.62535,41.78117],[-87.62537,41.78006],[-87.62354,41.78001],[-87.62106,41.78005],[-87.61999,41.78016],[-87.61562,41.78024]]]]}},{"type":"Feature","properties":{"id":"grant-park","name":"Grant Park","secondary":"GRANT PARK","layer":"neighborhoods","area_sqmi":0.322},"geometry":{"type":"MultiPolygon","coordinates":[[[[-87.6204,41.86751],[-87.62413,41.86746],[-87.6241,41.86794],[-87.62412,41.86977],[-87.62437,41.88009],[-87.62434,41.88083],[-87.61749,41.88092],[-87.61722,41.86997],[-87.61727,41.86963],[-87.61747,41.86918],[-87.61772,41.86884],[-87.61854,41.86799],[-87.61896,41.8675],[-87.61921,41.86754],[-87.6204,41.86751]]]]}},{"type":"Feature","properties":{"id":"greektown","name":"Greektown","secondary":"GREEKTOWN","layer":"neighborhoods","area_sqmi":0.059},"geometry":{"type":"MultiPolygon","coordinates":[[[[-87.64833,41.87537],[-87.64853,41.88176],[-87.646,41.88179],[-87.6458,41.8777],[-87.64558,41.87542],[-87.64833,41.87537]]]]}},{"type":"Feature","properties":{"id":"hegewisch","name":"Hegewisch","secondary":"SOUTHEAST SIDE","layer":"neighborhoods","area_sqmi":5.214},"geometry":{"type":"MultiPolygon","coordinates":[[[[-87.52462,41.6918],[-87.52517,41.64454],[-87.52994,41.64457],[-87.5498,41.64457],[-87.56237,41.64466],[-87.57838,41.64469],[-87.57852,41.64595],[-87.57883,41.64725],[-87.57918,41.64816],[-87.57979,41.64941],[-87.58049,41.65042],[-87.58081,41.65084],[-87.589,41.66039],[-87.58865,41.66039],[-87.58853,41.66042],[-87.58801,41.66036],[-87.58696,41.66036],[-87.58605,41.66027],[-87.58536,41.66012],[-87.58397,41.65966],[-87.583,41.65941],[-87.58243,41.65931],[-87.58159,41.65922],[-87.57695,41.65918],[-87.57439,41.6592],[-87.56085,41.65916],[-87.55929,41.65919],[-87.55926,41.66865],[-87.55883,41.66901],[-87.55864,41.66894],[-87.55817,41.66893],[-87.55806,41.66907],[-87.55785,41.66921],[-87.55786,41.66924],[-87.55782,41.66927],[-87.55775,41.66924],[-87.55769,41.66927],[-87.55772,41.66933],[-87.5574,41.66959],[-87.55705,41.66966],[-87.55684,41.66977],[-87.55684,41.66985],[-87.55675,41.66995],[-87.5566,41.66997],[-87.5532,41.66487],[-87.55234,41.66376],[-87.55202,41.66346],[-87.55127,41.66292],[-87.55041,41.66241],[-87.54801,41.66108],[-87.54487,41.65923],[-87.54471,41.65922],[-87.54645,41.66814],[-87.54622,41.66942],[-87.54571,41.67081],[-87.54527,41.6718],[-87.5452,41.67204],[-87.54511,41.67219],[-87.54492,41.67318],[-87.54508,41.68099],[-87.54508,41.68277],[-87.54012,41.68278],[-87.54013,41.68451],[-87.53164,41.6845],[-87.53164,41.68457],[-87.53041,41.68457],[-87.53034,41.68513],[-87.5304,41.6882],[-87.53036,41.69183],[-87.52462,41.6918]]]]}},{"type":"Feature","properties":{"id":"hermosa","name":"Hermosa","secondary":"BELMONT CRAIGIN,HERMOSA","layer":"neighborhoods","area_sqmi":1.169},"geometry":{"type":"MultiPolygon","coordinates":[[[[-87.73146,41.93173],[-87.7277,41.92447],[-87.72677,41.92448],[-87.72674,41.92331],[-87.72669,41.92314],[-87.72644,41.92265],[-87.72708,41.92265],[-87.7267,41.92188],[-87.72661,41.91899],[-87.72488,41.91902],[-87.72406,41.91743],[-87.72391,41.9172],[-87.72422,41.9172],[-87.72421,41.9171],[-87.72411,41.91687],[-87.72406,41.91537],[-87.72314,41.91539],[-87.72235,41.91364],[-87.724,41.91362],[-87.72419,41.91358],[-87.72645,41.91359],[-87.73704,41.91347],[-87.73878,41.91356],[-87.74103,41.91382],[-87.74134,41.9139],[-87.74165,41.92464],[-87.74218,41.93889],[-87.74211,41.93889],[-87.73522,41.93899],[-87.73146,41.93173]]]]}},{"type":"Feature","properties":{"id":"humboldt-park","name":"Humboldt Park","secondary":"HUMBOLDT PARK","layer":"neighborhoods","area_sqmi":4.484},"geometry":{"type":"MultiPolygon","coordinates":[[[[-87.7406,41.88782],[-87.74075,41.89146],[-87.74058,41.89146],[-87.74115,41.89578],[-87.74116,41.89617],[-87.7411,41.89644],[-87.74102,41.89651],[-87.74107,41.89693],[-87.74112,41.89878],[-87.74121,41.89878],[-87.74133,41.89943],[-87.74134,41.89985],[-87.74134,41.90063],[-87.74116,41.90063],[-87.74135,41.90857],[-87.74141,41.90866],[-87.74137,41.90904],[-87.74138,41.90985],[-87.74128,41.91205],[-87.74134,41.9139],[-87.74103,41.91382],[-87.73878,41.91356],[-87.73704,41.91347],[-87.72645,41.91359],[-87.72419,41.91358],[-87.724,41.91362],[-87.72235,41.91364],[-87.72134,41.91367],[-87.721,41.91365],[-87.71856,41.91367],[-87.71666,41.91364],[-87.71666,41.91355],[-87.70703,41.91366],[-87.70685,41.91372],[-87.70686,41.91377],[-87.70233,41.91382],[-87.70233,41.91392],[-87.69824,41.91395],[-87.69799,41.914],[-87.69765,41.914],[-87.6971,41.914],[-87.69709,41.91391],[-87.6922,41.91395],[-87.69195,41.90297],[-87.69177,41.8957],[-87.69167,41.89233],[-87.6917,41.892],[-87.69165,41.89191],[-87.69157,41.8882],[-87.6952,41.88815],[-87.69595,41.88825],[-87.69667,41.88828],[-87.70141,41.88823],[-87.70141,41.88816],[-87.70387,41.88816],[-87.70387,41.88831],[-87.70723,41.88826],[-87.70863,41.88821],[-87.72118,41.88805],[-87.72421,41.88801],[-87.72465,41.88804],[-87.72465,41.88784],[-87.72587,41.88783],[-87.72587,41.88799],[-87.72697,41.88798],[-87.72766,41.88801],[-87.72862,41.88796],[-87.73796,41.88784],[-87.73817,41.88787],[-87.73852,41.88784],[-87.7406,41.88782]]]]}},{"type":"Feature","properties":{"id":"hyde-park","name":"Hyde Park","secondary":"HYDE PARK","layer":"neighborhoods","area_sqmi":1.391},"geometry":{"type":"MultiPolygon","coordinates":[[[[-87.5793,41.79349],[-87.58664,41.79338],[-87.58671,41.79133],[-87.5866,41.78614],[-87.59522,41.78606],[-87.596,41.78604],[-87.59693,41.78597],[-87.60604,41.78587],[-87.60621,41.79506],[-87.60624,41.79529],[-87.60641,41.80225],[-87.58681,41.80249],[-87.58665,41.80249],[-87.58265,41.80253],[-87.58165,41.80243],[-87.58105,41.80263],[-87.58061,41.80258],[-87.58038,41.80253],[-87.5805,41.80158],[-87.58047,41.80078],[-87.58028,41.79963],[-87.58011,41.79912],[-87.57979,41.79844],[-87.57994,41.79837],[-87.57933,41.79778],[-87.57821,41.79701],[-87.57783,41.79691],[-87.57741,41.79686],[-87.57724,41.79687],[-87.57645,41.79705],[-87.57614,41.79703],[-87.57588,41.79698],[-87.57562,41.79687],[-87.57527,41.79661],[-87.57516,41.79624],[-87.5752,41.79605],[-87.57533,41.79581],[-87.57541,41.79547],[-87.57544,41.79544],[-87.57578,41.79534],[-87.57617,41.79509],[-87.57646,41.7951],[-87.57665,41.79505],[-87.57691,41.79511],[-87.57739,41.79504],[-87.57783,41.79492],[-87.5783,41.79473],[-87.57857,41.79456],[-87.57901,41.7942],[-87.57908,41.79395],[-87.57927,41.79364],[-87.5793,41.79349]]]]}},{"type":"Feature","properties":{"id":"irving-park","name":"Irving Park","secondary":"IRVING PARK,AVONDALE","layer":"neighborhoods","area_sqmi":3.216},"geometry":{"type":"MultiPolygon","coordinates":[[[[-87.69475,41.96127],[-87.6947,41.9611],[-87.69466,41.96006],[-87.69459,41.95964],[-87.69458,41.9592],[-87.69434,41.95785],[-87.69438,41.95706],[-87.69427,41.95703],[-87.69427,41.95685],[-87.69437,41.95681],[-87.69439,41.95588],[-87.69447,41.95537],[-87.69444,41.95466],[-87.69455,41.95392],[-87.69465,41.95368],[-87.69507,41.95311],[-87.6955,41.95261],[-87.69579,41.95216],[-87.69625,41.95127],[-87.69654,41.95085],[-87.69677,41.95043],[-87.69684,41.95024],[-87.69686,41.95001],[-87.69657,41.94839],[-87.69647,41.94795],[-87.69634,41.94761],[-87.69622,41.94702],[-87.6962,41.9467],[-87.70884,41.94662],[-87.7274,41.94637],[-87.72719,41.9391],[-87.73522,41.93899],[-87.74211,41.93889],[-87.74216,41.9407],[-87.7429,41.94069],[-87.74296,41.94253],[-87.74225,41.94254],[-87.7425,41.95347],[-87.74273,41.95347],[-87.74361,41.95516],[-87.74427,41.95652],[-87.74648,41.96074],[-87.74444,41.96076],[-87.74651,41.96191],[-87.74717,41.96264],[-87.74701,41.96279],[-87.74696,41.9629],[-87.7471,41.96323],[-87.74791,41.96348],[-87.74718,41.96339],[-87.74761,41.9643],[-87.74772,41.96708],[-87.74772,41.96803],[-87.7379,41.96813],[-87.73785,41.96654],[-87.72969,41.96093],[-87.70873,41.96118],[-87.69475,41.96127]]]]}},{"type":"Feature","properties":{"id":"jackson-park","name":"Jackson Park","secondary":"JACKSON PARK","layer":"neighborhoods","area_sqmi":0.843},"geometry":{"type":"MultiPolygon","coordinates":[[[[-87.56645,41.77379],[-87.56681,41.77356],[-87.5863,41.77334],[-87.58633,41.77462],[-87.58629,41.77517],[-87.5863,41.77609],[-87.58641,41.77854],[-87.5866,41.78614],[-87.58671,41.79133],[-87.58664,41.79338],[-87.5793,41.79349],[-87.57928,41.79295],[-87.57932,41.79257],[-87.57952,41.79231],[-87.57963,41.79204],[-87.57945,41.79171],[-87.57927,41.79143],[-87.57868,41.79067],[-87.57842,41.7901],[-87.57827,41.78994],[-87.57746,41.78929],[-87.57665,41.78875],[-87.57632,41.78857],[-87.57632,41.78851],[-87.57668,41.78847],[-87.57668,41.78842],[-87.57715,41.7884],[-87.57722,41.78835],[-87.57733,41.78838],[-87.57767,41.78836],[-87.57767,41.78831],[-87.57776,41.7883],[-87.57775,41.7882],[-87.57766,41.7882],[-87.57764,41.78815],[-87.57732,41.78817],[-87.57726,41.78821],[-87.57715,41.78818],[-87.57715,41.7881],[-87.57727,41.78808],[-87.57733,41.78757],[-87.57732,41.78693],[-87.57724,41.78648],[-87.57682,41.78521],[-87.57638,41.78422],[-87.57605,41.7836],[-87.57533,41.78325],[-87.57421,41.78263],[-87.57338,41.78224],[-87.57248,41.7819],[-87.57135,41.78156],[-87.57061,41.78139],[-87.56999,41.78129],[-87.56968,41.7813],[-87.5684,41.78161],[-87.56764,41.78462],[-87.56753,41.7846],[-87.56831,41.78154],[-87.57128,41.78084],[-87.57308,41.78025],[-87.57293,41.7799],[-87.57295,41.77982],[-87.57411,41.77953],[-87.57444,41.77937],[-87.57473,41.77911],[-87.57494,41.77881],[-87.57493,41.77872],[-87.575,41.77868],[-87.57505,41.77857],[-87.57528,41.77787],[-87.5753,41.77741],[-87.57519,41.77701],[-87.57492,41.77655],[-87.57461,41.77615],[-87.57461,41.77608],[-87.5747,41.77599],[-87.57508,41.77593],[-87.57504,41.77579],[-87.57481,41.77577],[-87.57422,41.77555],[-87.57348,41.77551],[-87.5734,41.77548],[-87.57337,41.77538],[-87.57331,41.77538],[-87.5733,41.77555],[-87.57322,41.77559],[-87.57269,41.77564],[-87.57209,41.77579],[-87.57194,41.77588],[-87.57184,41.77607],[-87.57176,41.77641],[-87.57177,41.77666],[-87.57182,41.77669],[-87.57216,41.77718],[-87.57231,41.77734],[-87.57237,41.77733],[-87.57245,41.77741],[-87.57265,41.77733],[-87.57287,41.77762],[-87.57279,41.77767],[-87.57316,41.778],[-87.57336,41.77831],[-87.57332,41.77842],[-87.57338,41.77862],[-87.57338,41.77882],[-87.57326,41.77914],[-87.57321,41.77919],[-87.57292,41.77925],[-87.57275,41.77932],[-87.57248,41.77931],[-87.57217,41.77918],[-87.5721,41.77904],[-87.57208,41.7789],[-87.57182,41.77858],[-87.57167,41.77854],[-87.57157,41.77846],[-87.57114,41.77805],[-87.57033,41.77742],[-87.5699,41.777],[-87.56969,41.77697],[-87.56942,41.77682],[-87.56919,41.77669],[-87.56881,41.7764],[-87.56807,41.77562],[-87.56686,41.77407],[-87.56683,41.77397],[-87.56645,41.77379]]]]}},{"type":"Feature","properties":{"id":"jefferson-park","name":"Jefferson Park","secondary":"JEFFERSON PARK","layer":"neighborhoods","area_sqmi":2.329},"geometry":{"type":"MultiPolygon","coordinates":[[[[-87.75264,41.96797],[-87.76075,41.96788],[-87.76136,41.96759],[-87.76478,41.9678],[-87.76748,41.96778],[-87.7675,41.96869],[-87.78677,41.96843],[-87.78801,41.96841],[-87.78801,41.96889],[-87.78773,41.9829],[-87.77804,41.9829],[-87.77782,41.99386],[-87.78287,41.99616],[-87.78285,41.9974],[-87.78002,41.99741],[-87.7799,41.99695],[-87.77962,41.99673],[-87.77949,41.99671],[-87.77923,41.99671],[-87.77888,41.99677],[-87.77875,41.99682],[-87.77852,41.99705],[-87.77833,41.99713],[-87.77801,41.99712],[-87.77731,41.99699],[-87.77714,41.99703],[-87.77692,41.99722],[-87.77671,41.99725],[-87.77655,41.9972],[-87.77605,41.99673],[-87.77587,41.99666],[-87.77532,41.99672],[-87.77438,41.99701],[-87.77407,41.99705],[-87.77349,41.99706],[-87.77296,41.99699],[-87.77245,41.99688],[-87.77189,41.99668],[-87.77146,41.99643],[-87.77125,41.99612],[-87.77115,41.99561],[-87.7712,41.99529],[-87.77137,41.99491],[-87.77161,41.99459],[-87.77222,41.99408],[-87.77272,41.99384],[-87.77309,41.99376],[-87.77353,41.99361],[-87.77368,41.99345],[-87.7737,41.99312],[-87.77358,41.99269],[-87.77345,41.9924],[-87.77302,41.99189],[-87.7729,41.99179],[-87.77251,41.99166],[-87.77182,41.99154],[-87.77117,41.99152],[-87.77098,41.99145],[-87.77088,41.99136],[-87.77085,41.99119],[-87.77094,41.99103],[-87.77113,41.99095],[-87.7714,41.9909],[-87.77148,41.99084],[-87.77167,41.99045],[-87.77174,41.99018],[-87.77172,41.99004],[-87.77144,41.98958],[-87.77112,41.98931],[-87.77094,41.98922],[-87.77039,41.98904],[-87.76947,41.98898],[-87.76845,41.9888],[-87.76796,41.98877],[-87.76783,41.9888],[-87.76776,41.98886],[-87.76762,41.98906],[-87.76761,41.98924],[-87.76767,41.98948],[-87.76764,41.98958],[-87.76723,41.98987],[-87.7669,41.99001],[-87.76618,41.99015],[-87.76576,41.99014],[-87.76565,41.99011],[-87.7655,41.99001],[-87.76483,41.98978],[-87.76469,41.98971],[-87.76433,41.98941],[-87.76415,41.98936],[-87.76394,41.98943],[-87.76383,41.98962],[-87.76373,41.98969],[-87.76355,41.98974],[-87.76317,41.98976],[-87.76298,41.98981],[-87.76277,41.98997],[-87.7626,41.99025],[-87.7624,41.99025],[-87.7621,41.99014],[-87.76204,41.99008],[-87.76204,41.98985],[-87.76168,41.98915],[-87.76159,41.9889],[-87.7616,41.98873],[-87.76167,41.98858],[-87.76176,41.98849],[-87.76217,41.98832],[-87.76227,41.98824],[-87.76232,41.98808],[-87.76229,41.98795],[-87.76209,41.98778],[-87.76194,41.9877],[-87.76183,41.98767],[-87.76114,41.98774],[-87.76093,41.98782],[-87.76067,41.98797],[-87.75909,41.98505],[-87.7588,41.9843],[-87.75816,41.98295],[-87.75801,41.98295],[-87.75506,41.97729],[-87.75533,41.97745],[-87.75519,41.9725],[-87.75289,41.97253],[-87.75281,41.97249],[-87.7528,41.97179],[-87.75274,41.97149],[-87.75264,41.96797]]]]}},{"type":"Feature","properties":{"id":"kenwood","name":"Kenwood","secondary":"KENWOOD,OAKLAND","layer":"neighborhoods","area_sqmi":1.041},"geometry":{"type":"MultiPolygon","coordinates":[[[[-87.59215,41.81693],[-87.59216,41.81658],[-87.59201,41.81632],[-87.59171,41.81603],[-87.59161,41.81598],[-87.59146,41.81596],[-87.59118,41.81541],[-87.59111,41.81536],[-87.59089,41.815],[-87.59069,41.81483],[-87.59062,41.81471],[-87.59046,41.81465],[-87.5904,41.81455],[-87.59035,41.81438],[-87.59037,41.81435],[-87.5905,41.81437],[-87.59052,41.81435],[-87.59042,41.81421],[-87.59032,41.81414],[-87.59022,41.81375],[-87.59004,41.81352],[-87.58966,41.81313],[-87.58957,41.81306],[-87.58934,41.81297],[-87.58913,41.81282],[-87.58891,41.81255],[-87.58879,41.81232],[-87.58863,41.81219],[-87.5883,41.81204],[-87.58766,41.81197],[-87.58764,41.81194],[-87.58738,41.81187],[-87.58734,41.81184],[-87.58729,41.81167],[-87.58719,41.81159],[-87.58722,41.81151],[-87.58704,41.8114],[-87.58699,41.81132],[-87.58699,41.81123],[-87.58693,41.81117],[-87.58695,41.81109],[-87.58701,41.81106],[-87.58699,41.81091],[-87.58704,41.81064],[-87.58692,41.81011],[-87.58675,41.80979],[-87.58664,41.80971],[-87.58645,41.80944],[-87.58644,41.80937],[-87.58648,41.80931],[-87.58627,41.8092],[-87.58629,41.8091],[-87.58622,41.80908],[-87.58611,41.80884],[-87.58615,41.80872],[-87.58571,41.80807],[-87.58567,41.8079],[-87.58563,41.80785],[-87.58559,41.80785],[-87.58546,41.80762],[-87.58516,41.80722],[-87.5849,41.80694],[-87.58452,41.80662],[-87.5839,41.80624],[-87.58365,41.80603],[-87.5832,41.80576],[-87.58298,41.80559],[-87.5829,41.80558],[-87.58174,41.80474],[-87.58127,41.80431],[-87.58103,41.80421],[-87.58067,41.80421],[-87.58011,41.80393],[-87.58002,41.80377],[-87.58002,41.80359],[-87.58045,41.80293],[-87.58029,41.80287],[-87.58038,41.80253],[-87.58061,41.80258],[-87.58105,41.80263],[-87.58165,41.80243],[-87.58265,41.80253],[-87.58665,41.80249],[-87.58681,41.80249],[-87.60641,41.80225],[-87.60671,41.81681],[-87.59688,41.81693],[-87.59646,41.81691],[-87.5964,41.81682],[-87.59596,41.81683],[-87.59526,41.81694],[-87.59215,41.81693]]]]}},{"type":"Feature","properties":{"id":"lake-view","name":"Lake View","secondary":"LAKE VIEW","layer":"neighborhoods","area_sqmi":2.748},"geometry":{"type":"MultiPolygon","coordinates":[[[[-87.65454,41.95449],[-87.644,41.95465],[-87.64102,41.9548],[-87.64085,41.95425],[-87.64078,41.95418],[-87.64067,41.95389],[-87.64059,41.95361],[-87.64049,41.9536],[-87.64022,41.95289],[-87.6392,41.95062],[-87.63845,41.94904],[-87.63791,41.94801],[-87.63755,41.94743],[-87.63625,41.94576],[-87.63506,41.94448],[-87.63305,41.94262],[-87.633,41.94248],[-87.63303,41.94233],[-87.63308,41.94227],[-87.63315,41.94221],[-87.63337,41.94215],[-87.63354,41.94216],[-87.63371,41.94222],[-87.63388,41.94239],[-87.63406,41.94291],[-87.63427,41.94311],[-87.63449,41.94319],[-87.63469,41.94321],[-87.63484,41.94318],[-87.63502,41.94311],[-87.6352,41.94299],[-87.63542,41.94291],[-87.63567,41.9429],[-87.63592,41.94298],[-87.63607,41.9431],[-87.63618,41.94324],[-87.63696,41.9449],[-87.63682,41.94505],[-87.63736,41.94579],[-87.6387,41.9462],[-87.63868,41.94624],[-87.63889,41.94631],[-87.63969,41.94633],[-87.63984,41.94637],[-87.63997,41.94645],[-87.64002,41.9464],[-87.64026,41.94652],[-87.6401,41.94672],[-87.6402,41.94676],[-87.64027,41.9467],[-87.6403,41.94672],[-87.64083,41.94737],[-87.64111,41.9476],[-87.64154,41.94787],[-87.64187,41.948],[-87.64206,41.948],[-87.64213,41.94795],[-87.64213,41.94786],[-87.64189,41.94753],[-87.64163,41.94728],[-87.64005,41.94595],[-87.64003,41.9458],[-87.6402,41.94552],[-87.64012,41.94538],[-87.6402,41.94529],[-87.64041,41.94524],[-87.64045,41.94519],[-87.6405,41.94501],[-87.64046,41.94483],[-87.63959,41.9436],[-87.63933,41.94352],[-87.63911,41.94337],[-87.6389,41.94318],[-87.63872,41.94294],[-87.63851,41.94251],[-87.63843,41.94212],[-87.6384,41.94143],[-87.63835,41.94129],[-87.63815,41.941],[-87.63712,41.93983],[-87.63704,41.93981],[-87.63695,41.94026],[-87.63673,41.94023],[-87.63682,41.93976],[-87.63631,41.93974],[-87.63584,41.93978],[-87.6358,41.93961],[-87.6355,41.93971],[-87.63524,41.93989],[-87.63499,41.94015],[-87.63478,41.94069],[-87.63517,41.94071],[-87.63515,41.94086],[-87.6351,41.94085],[-87.63511,41.94075],[-87.63476,41.94074],[-87.6347,41.94141],[-87.6346,41.94154],[-87.63445,41.94159],[-87.63445,41.94186],[-87.63434,41.94186],[-87.63433,41.94173],[-87.63412,41.9417],[-87.634,41.94162],[-87.6339,41.9415],[-87.63385,41.94134],[-87.63388,41.94073],[-87.63386,41.94038],[-87.63355,41.93936],[-87.63299,41.93808],[-87.63237,41.93738],[-87.63229,41.93724],[-87.63243,41.93718],[-87.63233,41.937],[-87.63224,41.9367],[-87.6321,41.93584],[-87.63192,41.93548],[-87.63145,41.93481],[-87.63071,41.93391],[-87.63044,41.93367],[-87.63042,41.9335],[-87.63047,41.93333],[-87.63053,41.93321],[-87.63071,41.93306],[-87.6307,41.93271],[-87.63066,41.93253],[-87.63071,41.93252],[-87.63076,41.93257],[-87.63077,41.93303],[-87.63073,41.93306],[-87.63091,41.93298],[-87.63138,41.93297],[-87.63138,41.93275],[-87.63144,41.93264],[-87.6316,41.93258],[-87.63182,41.93258],[-87.63251,41.9326],[-87.63282,41.93293],[-87.63393,41.93291],[-87.63393,41.93301],[-87.634,41.93301],[-87.63436,41.93296],[-87.63472,41.9328],[-87.63624,41.93285],[-87.63735,41.93293],[-87.63809,41.93293],[-87.64901,41.93272],[-87.65871,41.93256],[-87.67336,41.93234],[-87.67347,41.93599],[-87.67335,41.93599],[-87.67335,41.93611],[-87.67345,41.94023],[-87.6735,41.94086],[-87.67365,41.94646],[-87.67372,41.94693],[-87.67361,41.94716],[-87.67372,41.95048],[-87.67398,41.96153],[-87.66595,41.96163],[-87.66519,41.95963],[-87.66447,41.95796],[-87.66225,41.95438],[-87.66422,41.95435],[-87.66402,41.94707],[-87.65652,41.9472],[-87.65454,41.94475],[-87.65425,41.94447],[-87.65454,41.95449]],[[-87.64878,41.93999],[-87.6444,41.94004],[-87.64448,41.94273],[-87.64472,41.94317],[-87.64962,41.9512],[-87.64927,41.93998],[-87.64878,41.93999]]]]}},{"type":"Feature","properties":{"id":"lincoln-park","name":"Lincoln Park","secondary":"LINCOLN PARK","layer":"neighborhoods","area_sqmi":2.418},"geometry":{"type":"MultiPolygon","coordinates":[[[[-87.63168,41.91118],[-87.63186,41.91155],[-87.63612,41.91847],[-87.63653,41.91836],[-87.63672,41.91835],[-87.64851,41.91818],[-87.64827,41.91092],[-87.6495,41.9109],[-87.65686,41.91078],[-87.65706,41.91144],[-87.6576,41.91281],[-87.65772,41.91343],[-87.65786,41.91381],[-87.65808,41.91411],[-87.65865,41.91471],[-87.65923,41.91515],[-87.65987,41.91545],[-87.66074,41.91597],[-87.66093,41.91612],[-87.66117,41.91618],[-87.66133,41.91618],[-87.66207,41.91592],[-87.66265,41.91559],[-87.66303,41.91549],[-87.66362,41.91562],[-87.66377,41.91568],[-87.6639,41.91589],[-87.66445,41.91755],[-87.6646,41.9178],[-87.66475,41.91799],[-87.66543,41.91859],[-87.66572,41.91893],[-87.66646,41.92003],[-87.66734,41.92088],[-87.66768,41.92134],[-87.6681,41.92203],[-87.66837,41.92217],[-87.66893,41.92228],[-87.66929,41.92239],[-87.66951,41.92241],[-87.67015,41.92237],[-87.67089,41.92238],[-87.67111,41.92241],[-87.67165,41.92255],[-87.67216,41.92281],[-87.67426,41.92439],[-87.67442,41.92463],[-87.67446,41.92484],[-87.67451,41.92595],[-87.67455,41.92614],[-87.67494,41.92666],[-87.67583,41.92723],[-87.67652,41.92759],[-87.6772,41.92784],[-87.67779,41.92802],[-87.67971,41.92846],[-87.67984,41.92861],[-87.6808,41.93064],[-87.68215,41.9314],[-87.68284,41.93215],[-87.68284,41.93223],[-87.67336,41.93234],[-87.65871,41.93256],[-87.65833,41.92166],[-87.64884,41.92181],[-87.64863,41.92182],[-87.64901,41.93272],[-87.63809,41.93293],[-87.63735,41.93293],[-87.63624,41.93285],[-87.63472,41.9328],[-87.63436,41.93296],[-87.634,41.93301],[-87.63393,41.93301],[-87.63393,41.93291],[-87.63282,41.93293],[-87.63251,41.9326],[-87.63182,41.93258],[-87.63182,41.93244],[-87.6314,41.93243],[-87.63125,41.93239],[-87.63128,41.93242],[-87.63115,41.93258],[-87.63107,41.93259],[-87.63105,41.93256],[-87.63111,41.93254],[-87.63124,41.93239],[-87.63085,41.93217],[-87.63069,41.93187],[-87.6307,41.9316],[-87.63095,41.93081],[-87.631,41.93041],[-87.631,41.9299],[-87.63091,41.92932],[-87.63069,41.9286],[-87.6304,41.92808],[-87.63061,41.928],[-87.63033,41.92763],[-87.62979,41.92708],[-87.62964,41.9268],[-87.6296,41.92658],[-87.62963,41.92622],[-87.62971,41.92609],[-87.62988,41.92616],[-87.63018,41.92589],[-87.63027,41.92575],[-87.63019,41.92468],[-87.63008,41.92404],[-87.62994,41.92355],[-87.62971,41.9233],[-87.62927,41.923],[-87.629,41.92275],[-87.62838,41.92312],[-87.62834,41.92307],[-87.62927,41.92252],[-87.6293,41.92255],[-87.62949,41.92244],[-87.62943,41.92229],[-87.6289,41.9216],[-87.62885,41.92148],[-87.62868,41.92129],[-87.62854,41.92103],[-87.62776,41.9214],[-87.6277,41.92136],[-87.62876,41.92086],[-87.62879,41.92089],[-87.62893,41.92082],[-87.62873,41.92037],[-87.62856,41.92012],[-87.62817,41.91978],[-87.62796,41.9195],[-87.62735,41.9198],[-87.62732,41.91975],[-87.62837,41.91924],[-87.6284,41.91927],[-87.62844,41.91924],[-87.62842,41.91917],[-87.62807,41.91872],[-87.62779,41.91844],[-87.62749,41.91822],[-87.62735,41.918],[-87.62683,41.9183],[-87.6268,41.91825],[-87.62786,41.91764],[-87.62789,41.91767],[-87.62792,41.91763],[-87.62789,41.91757],[-87.62758,41.91721],[-87.62708,41.91684],[-87.62671,41.91643],[-87.62609,41.91684],[-87.62604,41.91679],[-87.62681,41.91629],[-87.62629,41.91576],[-87.62609,41.91563],[-87.6258,41.91553],[-87.62564,41.91537],[-87.62487,41.91472],[-87.62455,41.91455],[-87.62402,41.91418],[-87.62319,41.91378],[-87.62243,41.91357],[-87.62173,41.91353],[-87.62109,41.9136],[-87.62077,41.91377],[-87.62062,41.91379],[-87.62052,41.91371],[-87.62049,41.91361],[-87.62057,41.91337],[-87.62037,41.91358],[-87.62021,41.91391],[-87.62021,41.91456],[-87.62031,41.9147],[-87.62047,41.91479],[-87.62074,41.91482],[-87.62095,41.91475],[-87.62099,41.91479],[-87.62077,41.91486],[-87.6205,41.91485],[-87.62029,41.91476],[-87.62016,41.91458],[-87.62013,41.91406],[-87.62019,41.91379],[-87.62034,41.91353],[-87.62063,41.91326],[-87.62095,41.9131],[-87.62126,41.913],[-87.62159,41.91293],[-87.62232,41.91286],[-87.62263,41.91279],[-87.62293,41.91267],[-87.62329,41.91247],[-87.62446,41.91157],[-87.62471,41.91156],[-87.6264,41.91137],[-87.62657,41.91167],[-87.62686,41.91134],[-87.62712,41.91125],[-87.63168,41.91118]]]]}},{"type":"Feature","properties":{"id":"lincoln-square","name":"Lincoln Square","secondary":"LINCOLN SQUARE","layer":"neighborhoods","area_sqmi":2.562},"geometry":{"type":"MultiPolygon","coordinates":[[[[-87.67441,41.9761],[-87.67434,41.97346],[-87.67429,41.97327],[-87.67424,41.97168],[-87.67398,41.96153],[-87.68893,41.96131],[-87.69475,41.96127],[-87.69548,41.96293],[-87.69562,41.96318],[-87.69605,41.96368],[-87.69667,41.96429],[-87.69704,41.96472],[-87.69729,41.96491],[-87.69825,41.96582],[-87.69956,41.96718],[-87.70011,41.96765],[-87.70073,41.96825],[-87.70108,41.96852],[-87.70144,41.96894],[-87.70145,41.96906],[-87.70154,41.9692],[-87.70188,41.96954],[-87.70202,41.96962],[-87.70265,41.97034],[-87.70322,41.97124],[-87.70353,41.97186],[-87.70376,41.97268],[-87.70382,41.97305],[-87.70404,41.97355],[-87.7043,41.97428],[-87.70446,41.97486],[-87.70449,41.9752],[-87.70459,41.97539],[-87.70463,41.97559],[-87.70471,41.9757],[-87.70473,41.97585],[-87.70483,41.97611],[-87.70482,41.97627],[-87.70519,41.97744],[-87.70542,41.9784],[-87.70596,41.97992],[-87.70607,41.98041],[-87.70636,41.98119],[-87.70651,41.98179],[-87.70666,41.98213],[-87.70672,41.98244],[-87.7069,41.98308],[-87.68945,41.98317],[-87.68967,41.9905],[-87.67485,41.99076],[-87.67471,41.99076],[-87.6746,41.98679],[-87.6747,41.98653],[-87.67461,41.98336],[-87.67451,41.97981],[-87.67442,41.97968],[-87.6744,41.97926],[-87.67437,41.97801],[-87.67445,41.9779],[-87.67446,41.97782],[-87.67441,41.9761]]]]}},{"type":"Feature","properties":{"id":"little-italy-uic","name":"Little Italy, UIC","secondary":"LITTLE ITALY, UIC","layer":"neighborhoods","area_sqmi":2.558},"geometry":{"type":"MultiPolygon","coordinates":[[[[-87.64833,41.87537],[-87.64558,41.87542],[-87.64567,41.8742],[-87.64566,41.87371],[-87.64525,41.87137],[-87.6449,41.8686],[-87.64475,41.86696],[-87.64459,41.86397],[-87.64447,41.85995],[-87.67134,41.85953],[-87.67308,41.85951],[-87.67427,41.85955],[-87.67605,41.85942],[-87.67785,41.85912],[-87.67857,41.85904],[-87.68132,41.85888],[-87.68482,41.85861],[-87.68581,41.85842],[-87.68583,41.85937],[-87.68807,41.85934],[-87.68817,41.85934],[-87.68821,41.85951],[-87.68821,41.86114],[-87.68812,41.86114],[-87.68818,41.86306],[-87.68878,41.86378],[-87.69075,41.86656],[-87.69047,41.86657],[-87.69071,41.86696],[-87.69084,41.86706],[-87.69087,41.86722],[-87.69095,41.86729],[-87.69115,41.86823],[-87.69119,41.86929],[-87.69124,41.86939],[-87.69121,41.8701],[-87.69126,41.8703],[-87.69122,41.87063],[-87.69123,41.87101],[-87.6913,41.87111],[-87.69115,41.87111],[-87.69132,41.87526],[-87.68353,41.87533],[-87.6803,41.87533],[-87.67152,41.87545],[-87.66965,41.87543],[-87.66664,41.87549],[-87.66081,41.87559],[-87.65867,41.8756],[-87.65585,41.87553],[-87.65136,41.8753],[-87.64833,41.87537]]]]}},{"type":"Feature","properties":{"id":"little-village","name":"Little Village","secondary":"LITTLE VILLAGE","layer":"neighborhoods","area_sqmi":4.587},"geometry":{"type":"MultiPolygon","coordinates":[[[[-87.6874,41.8348],[-87.69636,41.83199],[-87.69661,41.83219],[-87.69781,41.83173],[-87.70038,41.83092],[-87.70417,41.82987],[-87.70461,41.8298],[-87.70458,41.82912],[-87.71437,41.82604],[-87.71437,41.82632],[-87.73856,41.81871],[-87.73865,41.82206],[-87.73865,41.82212],[-87.73849,41.82212],[-87.73881,41.83672],[-87.73893,41.83672],[-87.73899,41.83855],[-87.73911,41.83855],[-87.73932,41.84559],[-87.73838,41.84575],[-87.72223,41.84936],[-87.72228,41.85158],[-87.71242,41.85171],[-87.71114,41.85199],[-87.7112,41.85355],[-87.70377,41.85361],[-87.70288,41.8538],[-87.70293,41.85545],[-87.69574,41.85556],[-87.69557,41.85555],[-87.69556,41.85528],[-87.68803,41.85697],[-87.68787,41.85201],[-87.68779,41.84837],[-87.68756,41.84479],[-87.68749,41.83702],[-87.68751,41.83681],[-87.68746,41.83491],[-87.6874,41.8348]]]]}},{"type":"Feature","properties":{"id":"logan-square","name":"Logan Square","secondary":"LOGAN SQUARE","layer":"neighborhoods","area_sqmi":2.556},"geometry":{"type":"MultiPolygon","coordinates":[[[[-87.68732,41.91399],[-87.69087,41.91396],[-87.69093,41.91394],[-87.69099,41.91386],[-87.69105,41.91396],[-87.6922,41.91395],[-87.69709,41.91391],[-87.6971,41.914],[-87.69765,41.914],[-87.69799,41.914],[-87.69824,41.91395],[-87.70233,41.91392],[-87.70233,41.91382],[-87.70686,41.91377],[-87.70685,41.91372],[-87.70703,41.91366],[-87.71666,41.91355],[-87.71666,41.91364],[-87.71856,41.91367],[-87.721,41.91365],[-87.72134,41.91367],[-87.72235,41.91364],[-87.72314,41.91539],[-87.72406,41.91537],[-87.72411,41.91687],[-87.72421,41.9171],[-87.72422,41.9172],[-87.72391,41.9172],[-87.72406,41.91743],[-87.72488,41.91902],[-87.72661,41.91899],[-87.7267,41.92188],[-87.72708,41.92265],[-87.72644,41.92265],[-87.72669,41.92314],[-87.72674,41.92331],[-87.72677,41.92448],[-87.7277,41.92447],[-87.73146,41.93173],[-87.70784,41.93203],[-87.69662,41.9321],[-87.68788,41.93218],[-87.68732,41.91399]]]]}},{"type":"Feature","properties":{"id":"loop","name":"Loop","secondary":"LOOP","layer":"neighborhoods","area_sqmi":1.129},"geometry":{"type":"MultiPolygon","coordinates":[[[[-87.6052,41.88847],[-87.60513,41.88835],[-87.60252,41.88839],[-87.60246,41.88833],[-87.60252,41.88827],[-87.60514,41.88823],[-87.60518,41.88819],[-87.60541,41.88819],[-87.60541,41.88822],[-87.60599,41.88822],[-87.60751,41.88819],[-87.60756,41.88816],[-87.60781,41.88815],[-87.60781,41.88818],[-87.60985,41.88797],[-87.60988,41.88779],[-87.60988,41.88715],[-87.60994,41.88709],[-87.60999,41.88408],[-87.61274,41.88406],[-87.61276,41.88368],[-87.61288,41.88339],[-87.61314,41.88311],[-87.61351,41.88286],[-87.61386,41.8827],[-87.61434,41.88257],[-87.61467,41.88252],[-87.61555,41.88248],[-87.61579,41.88244],[-87.616,41.88236],[-87.61618,41.88225],[-87.61633,41.88211],[-87.61643,41.88196],[-87.61651,41.88173],[-87.6165,41.88141],[-87.61575,41.88142],[-87.61572,41.88057],[-87.61648,41.88056],[-87.61646,41.87978],[-87.61637,41.87978],[-87.61634,41.87783],[-87.6163,41.87782],[-87.61624,41.87702],[-87.61618,41.87567],[-87.61619,41.87463],[-87.61625,41.87395],[-87.6162,41.87197],[-87.61628,41.87197],[-87.61627,41.87178],[-87.61623,41.87171],[-87.61627,41.87156],[-87.61621,41.8689],[-87.61594,41.86879],[-87.61571,41.86865],[-87.6155,41.86848],[-87.61535,41.8683],[-87.61854,41.86799],[-87.61772,41.86884],[-87.61747,41.86918],[-87.61727,41.86963],[-87.61722,41.86997],[-87.61749,41.88092],[-87.61747,41.88162],[-87.61743,41.88187],[-87.61734,41.88211],[-87.61704,41.88256],[-87.61675,41.88284],[-87.61653,41.88299],[-87.61629,41.88313],[-87.61538,41.88354],[-87.61487,41.88385],[-87.61466,41.88403],[-87.61436,41.88438],[-87.61723,41.88437],[-87.61898,41.88442],[-87.62264,41.8844],[-87.62413,41.88444],[-87.62445,41.88447],[-87.62434,41.88083],[-87.62437,41.88009],[-87.62412,41.86977],[-87.6241,41.86794],[-87.62413,41.86746],[-87.62742,41.86741],[-87.62761,41.87455],[-87.63068,41.87452],[-87.63044,41.86737],[-87.63473,41.86731],[-87.63518,41.87061],[-87.63576,41.87346],[-87.63607,41.87467],[-87.63629,41.8752],[-87.63683,41.87574],[-87.63707,41.87603],[-87.63733,41.87647],[-87.63766,41.87731],[-87.63777,41.87811],[-87.63811,41.87918],[-87.63811,41.87941],[-87.63828,41.88037],[-87.63829,41.88102],[-87.63822,41.88176],[-87.63822,41.88226],[-87.63814,41.88319],[-87.63792,41.8843],[-87.63776,41.88558],[-87.63759,41.88623],[-87.63744,41.88642],[-87.63709,41.88668],[-87.63598,41.88734],[-87.6358,41.88743],[-87.63562,41.88745],[-87.63484,41.88747],[-87.63377,41.88753],[-87.63337,41.88748],[-87.63223,41.88748],[-87.63078,41.88743],[-87.62928,41.88742],[-87.62824,41.88745],[-87.62762,41.88751],[-87.62726,41.88766],[-87.62599,41.88851],[-87.62529,41.88884],[-87.62519,41.88887],[-87.62509,41.88891],[-87.62497,41.8889],[-87.62473,41.88889],[-87.62403,41.88882],[-87.62386,41.88889],[-87.62361,41.88891],[-87.62271,41.88884],[-87.61801,41.88831],[-87.61527,41.88842],[-87.61325,41.8884],[-87.61179,41.88846],[-87.61143,41.88851],[-87.60762,41.88843],[-87.6052,41.88847]]]]}},{"type":"Feature","properties":{"id":"lower-west-side","name":"Lower West Side","secondary":"LOWER WEST SIDE","layer":"neighborhoods","area_sqmi":2.923},"geometry":{"type":"MultiPolygon","coordinates":[[[[-87.63516,41.85772],[-87.63532,41.85723],[-87.63549,41.85694],[-87.63616,41.85629],[-87.63748,41.85533],[-87.63844,41.85488],[-87.63904,41.85457],[-87.63939,41.85428],[-87.63987,41.85359],[-87.64034,41.85299],[-87.64115,41.85179],[-87.64218,41.85045],[-87.64264,41.85002],[-87.64332,41.84969],[-87.644,41.84951],[-87.64489,41.84942],[-87.64585,41.84938],[-87.6468,41.84921],[-87.64864,41.84861],[-87.64964,41.8484],[-87.651,41.84831],[-87.65158,41.84818],[-87.65258,41.848],[-87.65312,41.84795],[-87.6575,41.84717],[-87.6586,41.84726],[-87.66072,41.84572],[-87.66077,41.84584],[-87.66164,41.84535],[-87.66252,41.84491],[-87.66345,41.8445],[-87.66378,41.84429],[-87.66389,41.8441],[-87.66431,41.8428],[-87.66495,41.84172],[-87.66497,41.84162],[-87.66484,41.84124],[-87.66454,41.84066],[-87.66457,41.83988],[-87.66454,41.83956],[-87.66429,41.83906],[-87.66576,41.83822],[-87.66651,41.83786],[-87.66698,41.83766],[-87.66763,41.83747],[-87.66824,41.83732],[-87.66926,41.83718],[-87.67004,41.83714],[-87.67056,41.83714],[-87.67056,41.83735],[-87.67873,41.83718],[-87.67966,41.8371],[-87.68045,41.83697],[-87.68144,41.83668],[-87.6874,41.8348],[-87.68746,41.83491],[-87.68751,41.83681],[-87.68749,41.83702],[-87.68756,41.84479],[-87.68779,41.84837],[-87.68787,41.85201],[-87.68803,41.85697],[-87.68796,41.85699],[-87.68802,41.85709],[-87.68807,41.85934],[-87.68583,41.85937],[-87.68581,41.85842],[-87.68482,41.85861],[-87.68132,41.85888],[-87.67857,41.85904],[-87.67785,41.85912],[-87.67605,41.85942],[-87.67427,41.85955],[-87.67308,41.85951],[-87.67134,41.85953],[-87.64447,41.85995],[-87.63901,41.86002],[-87.63894,41.85767],[-87.63602,41.85773],[-87.63516,41.85772]]]]}},{"type":"Feature","properties":{"id":"magnificent-mile","name":"Magnificent Mile","secondary":"STREETERVILLE","layer":"neighborhoods","area_sqmi":0.032},"geometry":{"type":"MultiPolygon","coordinates":[[[[-87.62401,41.88883],[-87.62403,41.88882],[-87.62473,41.88889],[-87.62476,41.8889],[-87.62449,41.89001],[-87.62465,41.89649],[-87.62445,41.89789],[-87.62455,41.90048],[-87.6245,41.90081],[-87.62422,41.90082],[-87.62412,41.90082],[-87.62375,41.90083],[-87.62382,41.9005],[-87.62376,41.8992],[-87.62374,41.89775],[-87.62392,41.89653],[-87.62373,41.88985],[-87.62401,41.88883]]]]}},{"type":"Feature","properties":{"id":"mckinley-park","name":"Mckinley Park","secondary":"BRIGHTON PARK,MCKINLEY PARK","layer":"neighborhoods","area_sqmi":1.412},"geometry":{"type":"MultiPolygon","coordinates":[[[[-87.65611,41.82331],[-87.65998,41.82321],[-87.66636,41.82314],[-87.66826,41.82319],[-87.68424,41.823],[-87.68608,41.82296],[-87.68613,41.82431],[-87.6862,41.82442],[-87.68667,41.82489],[-87.68611,41.82523],[-87.6866,41.82595],[-87.68686,41.82654],[-87.68686,41.82665],[-87.68736,41.82662],[-87.68744,41.8284],[-87.68732,41.83024],[-87.68736,41.83024],[-87.68745,41.83469],[-87.6874,41.8348],[-87.68144,41.83668],[-87.68045,41.83697],[-87.67966,41.8371],[-87.67873,41.83718],[-87.67056,41.83735],[-87.67056,41.83714],[-87.67004,41.83714],[-87.66926,41.83718],[-87.66824,41.83732],[-87.66763,41.83747],[-87.66698,41.83766],[-87.66651,41.83786],[-87.66576,41.83822],[-87.66429,41.83906],[-87.66344,41.83781],[-87.66317,41.83698],[-87.66308,41.83682],[-87.66249,41.83614],[-87.66199,41.83569],[-87.66167,41.83525],[-87.66129,41.83486],[-87.66035,41.83437],[-87.65743,41.8312],[-87.65737,41.83088],[-87.65757,41.82876],[-87.65756,41.82823],[-87.65735,41.82649],[-87.65735,41.82607],[-87.65714,41.82404],[-87.65611,41.82331]]]]}},{"type":"Feature","properties":{"id":"millenium-park","name":"Millenium Park","secondary":"MILLENIUM PARK","layer":"neighborhoods","area_sqmi":0.1},"geometry":{"type":"MultiPolygon","coordinates":[[[[-87.61749,41.88092],[-87.62434,41.88083],[-87.62445,41.88447],[-87.62413,41.88444],[-87.62264,41.8844],[-87.61898,41.88442],[-87.61723,41.88437],[-87.61436,41.88438],[-87.61466,41.88403],[-87.61487,41.88385],[-87.61538,41.88354],[-87.61629,41.88313],[-87.61653,41.88299],[-87.61675,41.88284],[-87.61704,41.88256],[-87.61734,41.88211],[-87.61743,41.88187],[-87.61747,41.88162],[-87.61749,41.88092]]]]}},{"type":"Feature","properties":{"id":"montclare","name":"Montclare","secondary":"MONTCLARE, GALEWOOD","layer":"neighborhoods","area_sqmi":0.989},"geometry":{"type":"MultiPolygon","coordinates":[[[[-87.78871,41.91721],[-87.80325,41.92249],[-87.80476,41.92299],[-87.80623,41.92336],[-87.80662,41.93451],[-87.80675,41.938],[-87.79077,41.93824],[-87.79059,41.93277],[-87.79069,41.93277],[-87.79023,41.91867],[-87.79008,41.91821],[-87.78964,41.91767],[-87.78927,41.91743],[-87.78871,41.91721]]]]}},{"type":"Feature","properties":{"id":"morgan-park","name":"Morgan Park","secondary":"MOUNT GREENWOOD,MORGAN PARK","layer":"neighborhoods","area_sqmi":3.284},"geometry":{"type":"MultiPolygon","coordinates":[[[[-87.64215,41.68508],[-87.6616,41.68482],[-87.66137,41.67754],[-87.66677,41.67744],[-87.66732,41.67596],[-87.6684,41.67619],[-87.66795,41.67742],[-87.6785,41.67723],[-87.68038,41.67724],[-87.68169,41.6773],[-87.68621,41.67721],[-87.68578,41.6782],[-87.68565,41.67867],[-87.68558,41.67915],[-87.68557,41.67962],[-87.68572,41.68448],[-87.69563,41.68433],[-87.69577,41.68808],[-87.69592,41.69162],[-87.69576,41.69163],[-87.69576,41.69172],[-87.69209,41.69176],[-87.6921,41.6922],[-87.69171,41.69221],[-87.69171,41.69228],[-87.69101,41.69228],[-87.69124,41.69898],[-87.68237,41.69908],[-87.67986,41.69906],[-87.66283,41.69939],[-87.65874,41.69944],[-87.64261,41.69964],[-87.64215,41.68508]]]]}},{"type":"Feature","properties":{"id":"mount-greenwood","name":"Mount Greenwood","secondary":"MOUNT GREENWOOD,MORGAN PARK","layer":"neighborhoods","area_sqmi":2.701},"geometry":{"type":"MultiPolygon","coordinates":[[[[-87.69646,41.70714],[-87.69631,41.70258],[-87.69615,41.69894],[-87.69602,41.69893],[-87.69576,41.69172],[-87.69576,41.69163],[-87.69592,41.69162],[-87.69577,41.68808],[-87.69605,41.68808],[-87.69615,41.68803],[-87.69661,41.68798],[-87.69947,41.68793],[-87.6994,41.68615],[-87.70062,41.68614],[-87.70055,41.68426],[-87.70542,41.68419],[-87.70529,41.68058],[-87.70993,41.68055],[-87.71013,41.68046],[-87.71136,41.68044],[-87.71139,41.68127],[-87.71158,41.68127],[-87.7116,41.68183],[-87.71141,41.68184],[-87.71151,41.68409],[-87.72728,41.68386],[-87.73945,41.68363],[-87.73974,41.69086],[-87.73639,41.69103],[-87.72182,41.6913],[-87.72053,41.69132],[-87.72032,41.69128],[-87.72088,41.70501],[-87.72113,41.71317],[-87.71258,41.7133],[-87.71252,41.71147],[-87.7113,41.71149],[-87.71112,41.70607],[-87.70132,41.70618],[-87.70137,41.70705],[-87.7012,41.70708],[-87.69646,41.70714]]]]}},{"type":"Feature","properties":{"id":"museum-campus","name":"Museum Campus","secondary":"MUSEUM CAMPUS","layer":"neighborhoods","area_sqmi":0.556},"geometry":{"type":"MultiPolygon","coordinates":[[[[-87.60914,41.84469],[-87.60941,41.84522],[-87.60941,41.84527],[-87.61141,41.84527],[-87.61219,41.8473],[-87.61398,41.85162],[-87.61503,41.8539],[-87.61627,41.85697],[-87.61754,41.85963],[-87.61824,41.8613],[-87.61853,41.86208],[-87.61884,41.86264],[-87.62035,41.86703],[-87.62041,41.86725],[-87.6204,41.86751],[-87.61921,41.86754],[-87.61896,41.8675],[-87.61854,41.86799],[-87.61535,41.8683],[-87.61474,41.86832],[-87.61431,41.86847],[-87.61381,41.86851],[-87.61322,41.86848],[-87.61298,41.86841],[-87.61277,41.86831],[-87.6126,41.86818],[-87.61246,41.86802],[-87.61237,41.86782],[-87.61233,41.86763],[-87.61235,41.86745],[-87.61242,41.86727],[-87.61269,41.86697],[-87.61269,41.86675],[-87.61066,41.86678],[-87.6106,41.86682],[-87.60775,41.86686],[-87.60753,41.86704],[-87.60732,41.86714],[-87.60709,41.86721],[-87.60676,41.86724],[-87.60635,41.86718],[-87.60603,41.86704],[-87.60579,41.86683],[-87.60563,41.86655],[-87.60561,41.8663],[-87.60568,41.86606],[-87.60584,41.86584],[-87.60605,41.86568],[-87.60605,41.86479],[-87.60629,41.86479],[-87.60631,41.86497],[-87.60659,41.86521],[-87.60667,41.86523],[-87.60687,41.86518],[-87.60709,41.86506],[-87.60736,41.86481],[-87.60751,41.86456],[-87.60758,41.86427],[-87.60752,41.86385],[-87.60695,41.86237],[-87.60681,41.86231],[-87.60674,41.86219],[-87.60662,41.86216],[-87.60653,41.8622],[-87.60641,41.86207],[-87.60609,41.86207],[-87.60602,41.86201],[-87.60596,41.86008],[-87.60684,41.86006],[-87.60707,41.85996],[-87.6066,41.85341],[-87.60651,41.85341],[-87.60651,41.85336],[-87.60839,41.85319],[-87.609,41.85318],[-87.60932,41.85326],[-87.60959,41.85339],[-87.60978,41.85356],[-87.6099,41.85377],[-87.60991,41.85404],[-87.60945,41.85641],[-87.60934,41.85667],[-87.60934,41.85682],[-87.60941,41.857],[-87.60977,41.85738],[-87.60992,41.85766],[-87.60999,41.85808],[-87.60989,41.85844],[-87.60989,41.85864],[-87.61001,41.85888],[-87.61039,41.85916],[-87.61048,41.85928],[-87.61048,41.85939],[-87.61036,41.85971],[-87.61036,41.85986],[-87.61046,41.86013],[-87.61055,41.86018],[-87.61067,41.86021],[-87.61067,41.86065],[-87.61053,41.86069],[-87.61045,41.86075],[-87.61042,41.86085],[-87.61035,41.86085],[-87.61036,41.8614],[-87.61028,41.8614],[-87.61004,41.8618],[-87.6099,41.86211],[-87.60978,41.86249],[-87.60967,41.86325],[-87.60963,41.86329],[-87.60965,41.8634],[-87.60961,41.86341],[-87.60974,41.86409],[-87.60996,41.86463],[-87.61037,41.86532],[-87.61045,41.86532],[-87.61048,41.86586],[-87.61267,41.86584],[-87.61265,41.86528],[-87.61274,41.86529],[-87.61313,41.86445],[-87.61329,41.86403],[-87.61344,41.86337],[-87.61344,41.86294],[-87.61331,41.86249],[-87.61287,41.86167],[-87.61265,41.86137],[-87.61256,41.86137],[-87.61255,41.86082],[-87.61247,41.86083],[-87.61242,41.86071],[-87.61236,41.86067],[-87.6122,41.86063],[-87.61221,41.86046],[-87.61239,41.86045],[-87.61239,41.86035],[-87.61215,41.86035],[-87.61218,41.86018],[-87.61232,41.86015],[-87.61241,41.86008],[-87.61244,41.85999],[-87.6124,41.85979],[-87.6122,41.85927],[-87.61219,41.85858],[-87.61227,41.85851],[-87.61254,41.85849],[-87.61272,41.85836],[-87.61286,41.85813],[-87.61304,41.85761],[-87.61305,41.85703],[-87.61285,41.85636],[-87.61268,41.85606],[-87.61248,41.85584],[-87.61143,41.85515],[-87.61116,41.85486],[-87.61102,41.8545],[-87.61094,41.85371],[-87.61072,41.85308],[-87.61037,41.8525],[-87.60939,41.85128],[-87.60922,41.85091],[-87.6092,41.85045],[-87.60954,41.8487],[-87.60949,41.84807],[-87.60943,41.84785],[-87.60933,41.84764],[-87.60854,41.84658],[-87.60843,41.84629],[-87.60841,41.84607],[-87.6085,41.84567],[-87.609,41.84501],[-87.60914,41.84469]]]]}},{"type":"Feature","properties":{"id":"near-south-side","name":"Near South Side","secondary":"NEAR SOUTH SIDE","layer":"neighborhoods","area_sqmi":1.227},"geometry":{"type":"MultiPolygon","coordinates":[[[[-87.61141,41.84527],[-87.6124,41.84517],[-87.615,41.84517],[-87.61499,41.84511],[-87.61601,41.84509],[-87.61622,41.84518],[-87.61644,41.84553],[-87.61655,41.84563],[-87.61721,41.84566],[-87.61784,41.84573],[-87.62917,41.84556],[-87.6292,41.84713],[-87.62935,41.85288],[-87.63006,41.85288],[-87.63012,41.85372],[-87.63023,41.85778],[-87.63516,41.85772],[-87.63509,41.8582],[-87.6348,41.85888],[-87.63456,41.85922],[-87.63451,41.85938],[-87.63457,41.8629],[-87.63464,41.86426],[-87.63469,41.86675],[-87.63473,41.86731],[-87.63044,41.86737],[-87.62742,41.86741],[-87.62413,41.86746],[-87.6204,41.86751],[-87.62041,41.86725],[-87.62035,41.86703],[-87.61884,41.86264],[-87.61853,41.86208],[-87.61824,41.8613],[-87.61754,41.85963],[-87.61627,41.85697],[-87.61503,41.8539],[-87.61398,41.85162],[-87.61219,41.8473],[-87.61141,41.84527]]]]}},{"type":"Feature","properties":{"id":"new-city","name":"New City","secondary":"BACK OF THE YARDS","layer":"neighborhoods","area_sqmi":4.821},"geometry":{"type":"MultiPolygon","coordinates":[[[[-87.63546,41.79448],[-87.64494,41.7943],[-87.66483,41.79402],[-87.67882,41.79387],[-87.67887,41.79442],[-87.67925,41.79609],[-87.67941,41.79703],[-87.67955,41.8025],[-87.67939,41.80426],[-87.67941,41.80485],[-87.68192,41.80486],[-87.68222,41.80481],[-87.68376,41.8048],[-87.68375,41.80474],[-87.68437,41.80472],[-87.68435,41.80582],[-87.68443,41.80843],[-87.68387,41.80842],[-87.68424,41.823],[-87.66826,41.82319],[-87.66636,41.82314],[-87.65998,41.82321],[-87.65611,41.82331],[-87.63612,41.82359],[-87.63604,41.81815],[-87.63589,41.81815],[-87.63572,41.81635],[-87.63616,41.81635],[-87.63622,41.81542],[-87.63616,41.81221],[-87.63622,41.8116],[-87.63638,41.81091],[-87.63586,41.81092],[-87.63583,41.80948],[-87.63577,41.80905],[-87.63592,41.80904],[-87.63591,41.8089],[-87.6357,41.80147],[-87.6356,41.80065],[-87.63551,41.79831],[-87.63551,41.79646],[-87.63546,41.79448]]]]}},{"type":"Feature","properties":{"id":"north-center","name":"North Center","secondary":"NORTH CENTER","layer":"neighborhoods","area_sqmi":2.047},"geometry":{"type":"MultiPolygon","coordinates":[[[[-87.67336,41.93234],[-87.68284,41.93223],[-87.68284,41.93233],[-87.68306,41.93276],[-87.68343,41.9334],[-87.68353,41.93344],[-87.68427,41.93362],[-87.68455,41.93364],[-87.68466,41.93367],[-87.685,41.93368],[-87.68526,41.93379],[-87.68549,41.9338],[-87.68597,41.93403],[-87.68683,41.93491],[-87.68683,41.93496],[-87.68703,41.93527],[-87.68767,41.9359],[-87.68799,41.9361],[-87.68853,41.93645],[-87.68993,41.93661],[-87.69015,41.9367],[-87.69041,41.9369],[-87.69072,41.9374],[-87.69087,41.93785],[-87.69106,41.93824],[-87.69149,41.93879],[-87.69167,41.93892],[-87.6919,41.939],[-87.69234,41.93922],[-87.69244,41.93931],[-87.69244,41.93938],[-87.69279,41.93952],[-87.69306,41.93978],[-87.69338,41.93999],[-87.69363,41.94026],[-87.69408,41.94102],[-87.69459,41.9417],[-87.69528,41.94277],[-87.69543,41.9432],[-87.69548,41.94358],[-87.6962,41.9467],[-87.69622,41.94702],[-87.69634,41.94761],[-87.69647,41.94795],[-87.69657,41.94839],[-87.69686,41.95001],[-87.69684,41.95024],[-87.69677,41.95043],[-87.69654,41.95085],[-87.69625,41.95127],[-87.69579,41.95216],[-87.6955,41.95261],[-87.69507,41.95311],[-87.69465,41.95368],[-87.69455,41.95392],[-87.69444,41.95466],[-87.69447,41.95537],[-87.69439,41.95588],[-87.69437,41.95681],[-87.69427,41.95685],[-87.69427,41.95703],[-87.69438,41.95706],[-87.69434,41.95785],[-87.69458,41.9592],[-87.69459,41.95964],[-87.69466,41.96006],[-87.6947,41.9611],[-87.69475,41.96127],[-87.68893,41.96131],[-87.67398,41.96153],[-87.67372,41.95048],[-87.67361,41.94716],[-87.67372,41.94693],[-87.67365,41.94646],[-87.6735,41.94086],[-87.67345,41.94023],[-87.67335,41.93611],[-87.67335,41.93599],[-87.67347,41.93599],[-87.67336,41.93234]]]]}},{"type":"Feature","properties":{"id":"north-lawndale","name":"North Lawndale","secondary":"NORTH LAWNDALE","layer":"neighborhoods","area_sqmi":3.206},"geometry":{"type":"MultiPolygon","coordinates":[[[[-87.69119,41.86929],[-87.69115,41.86823],[-87.69095,41.86729],[-87.69087,41.86722],[-87.69084,41.86706],[-87.69071,41.86696],[-87.69047,41.86657],[-87.69075,41.86656],[-87.68878,41.86378],[-87.68818,41.86306],[-87.68812,41.86114],[-87.68821,41.86114],[-87.68821,41.85951],[-87.68817,41.85934],[-87.68807,41.85934],[-87.68802,41.85709],[-87.68796,41.85699],[-87.68803,41.85697],[-87.69556,41.85528],[-87.69557,41.85555],[-87.69574,41.85556],[-87.70293,41.85545],[-87.70288,41.8538],[-87.70377,41.85361],[-87.7112,41.85355],[-87.71114,41.85199],[-87.71242,41.85171],[-87.72228,41.85158],[-87.72223,41.84936],[-87.73838,41.84575],[-87.73932,41.84559],[-87.73977,41.85865],[-87.73998,41.86596],[-87.73977,41.86596],[-87.73989,41.86896],[-87.73267,41.87098],[-87.73258,41.869],[-87.72529,41.86909],[-87.72527,41.86853],[-87.7202,41.86859],[-87.72024,41.86987],[-87.71804,41.86991],[-87.71797,41.86994],[-87.71577,41.86994],[-87.70579,41.87005],[-87.70576,41.86913],[-87.69631,41.86924],[-87.69574,41.86923],[-87.69119,41.86929]]]]}},{"type":"Feature","properties":{"id":"north-park","name":"North Park","secondary":"NORTH PARK,ALBANY PARK","layer":"neighborhoods","area_sqmi":2.524},"geometry":{"type":"MultiPolygon","coordinates":[[[[-87.7069,41.98308],[-87.70672,41.98244],[-87.70666,41.98213],[-87.70651,41.98179],[-87.70636,41.98119],[-87.70607,41.98041],[-87.70596,41.97992],[-87.70542,41.9784],[-87.70519,41.97744],[-87.70482,41.97627],[-87.70483,41.97611],[-87.70473,41.97585],[-87.70471,41.9757],[-87.70463,41.97559],[-87.70459,41.97539],[-87.70449,41.9752],[-87.70446,41.97486],[-87.7043,41.97428],[-87.70404,41.97355],[-87.70478,41.97395],[-87.70553,41.97412],[-87.70668,41.97443],[-87.70779,41.97467],[-87.70809,41.9747],[-87.70874,41.97468],[-87.70936,41.97455],[-87.71035,41.97425],[-87.71083,41.97406],[-87.71101,41.97396],[-87.71115,41.97386],[-87.7113,41.97369],[-87.71164,41.97307],[-87.71215,41.97253],[-87.71232,41.97244],[-87.71325,41.97213],[-87.71403,41.97197],[-87.71462,41.97193],[-87.71567,41.97192],[-87.71596,41.97198],[-87.7162,41.97209],[-87.71807,41.9731],[-87.71871,41.97335],[-87.71915,41.97358],[-87.71972,41.97382],[-87.72056,41.97408],[-87.72109,41.97411],[-87.72177,41.97421],[-87.72266,41.9745],[-87.72355,41.97504],[-87.72379,41.97524],[-87.72393,41.97544],[-87.72421,41.97569],[-87.72444,41.97581],[-87.72505,41.97598],[-87.72568,41.9761],[-87.72597,41.97612],[-87.72638,41.97606],[-87.72666,41.97598],[-87.72712,41.97572],[-87.72731,41.97554],[-87.72823,41.97553],[-87.72813,41.97188],[-87.73183,41.97184],[-87.7319,41.97363],[-87.73199,41.97366],[-87.73312,41.97365],[-87.73317,41.97548],[-87.74799,41.97534],[-87.74815,41.98024],[-87.74819,41.98079],[-87.74818,41.98142],[-87.74826,41.98368],[-87.74798,41.98367],[-87.74743,41.98344],[-87.74731,41.98333],[-87.74713,41.98308],[-87.74699,41.98263],[-87.7458,41.98263],[-87.74311,41.9827],[-87.74306,41.98262],[-87.74279,41.98261],[-87.73831,41.98271],[-87.73841,41.98632],[-87.7365,41.98715],[-87.73418,41.98829],[-87.73287,41.99008],[-87.73186,41.99009],[-87.72915,41.99369],[-87.72786,41.99546],[-87.72642,41.99725],[-87.71603,41.99729],[-87.71067,41.99737],[-87.71062,41.9967],[-87.7105,41.99573],[-87.71017,41.99402],[-87.70985,41.99281],[-87.70952,41.99161],[-87.70938,41.99141],[-87.70915,41.99053],[-87.709,41.99016],[-87.70886,41.98945],[-87.70883,41.98944],[-87.70877,41.98928],[-87.70869,41.9889],[-87.70848,41.98849],[-87.70852,41.98842],[-87.70847,41.98819],[-87.70831,41.98773],[-87.70827,41.98754],[-87.70828,41.98748],[-87.70822,41.98735],[-87.70816,41.98704],[-87.70794,41.98652],[-87.70785,41.98647],[-87.70777,41.98649],[-87.70777,41.9864],[-87.70788,41.98635],[-87.70782,41.98603],[-87.70751,41.98517],[-87.70751,41.98495],[-87.70726,41.98428],[-87.7069,41.98308]]]]}},{"type":"Feature","properties":{"id":"norwood-park","name":"Norwood Park","secondary":"NORWOOD PARK","layer":"neighborhoods","area_sqmi":4.379},"geometry":{"type":"MultiPolygon","coordinates":[[[[-87.78002,41.99741],[-87.78285,41.9974],[-87.78287,41.99616],[-87.77782,41.99386],[-87.77804,41.9829],[-87.78773,41.9829],[-87.78801,41.96889],[-87.80252,41.96877],[-87.80254,41.9683],[-87.80716,41.96827],[-87.80706,41.9732],[-87.80707,41.97454],[-87.81692,41.97429],[-87.81695,41.97066],[-87.81899,41.97061],[-87.81897,41.97322],[-87.81943,41.97322],[-87.8194,41.97422],[-87.82674,41.97403],[-87.82674,41.97314],[-87.83173,41.97306],[-87.83172,41.97395],[-87.83342,41.97392],[-87.83341,41.97492],[-87.83363,41.97491],[-87.83363,41.97537],[-87.83663,41.97531],[-87.83658,41.97954],[-87.83658,41.9864],[-87.82333,41.98451],[-87.82216,41.99311],[-87.82177,41.99543],[-87.82141,41.99685],[-87.81035,41.99712],[-87.81032,41.99655],[-87.81033,41.99542],[-87.80682,41.99539],[-87.80676,42.00084],[-87.80539,42.00086],[-87.80531,42.0009],[-87.80529,42.0015],[-87.80108,42.00154],[-87.80109,42.00087],[-87.79966,42.00087],[-87.79948,41.99999],[-87.79714,42.00001],[-87.79712,42.00094],[-87.79117,42.00098],[-87.79065,42.0004],[-87.79019,42.00061],[-87.78997,42.00046],[-87.78924,42.00021],[-87.78912,42.00019],[-87.7886,41.99993],[-87.7884,41.99977],[-87.78811,41.99966],[-87.78793,41.99963],[-87.78757,41.99965],[-87.7872,41.99978],[-87.78686,41.99985],[-87.78629,41.99974],[-87.78597,41.99975],[-87.78559,41.99972],[-87.78534,41.99975],[-87.78498,41.99991],[-87.78463,42.00014],[-87.78428,42.00019],[-87.78382,42.00014],[-87.78338,42.00002],[-87.78318,42.00002],[-87.78302,42.00012],[-87.78294,42.00027],[-87.78278,42.00107],[-87.78203,42.00259],[-87.78181,42.00283],[-87.78159,42.00295],[-87.78099,42.00287],[-87.78083,42.00276],[-87.78058,42.00247],[-87.78029,42.00161],[-87.7802,42.0002],[-87.78,41.99923],[-87.78009,41.99812],[-87.78002,41.99741]],[[-87.83321,41.98366],[-87.83321,41.98357],[-87.83358,41.98357],[-87.8336,41.98267],[-87.83507,41.98267],[-87.83509,41.98115],[-87.83435,41.98116],[-87.83435,41.981],[-87.83436,41.98085],[-87.8351,41.98084],[-87.8351,41.9805],[-87.82886,41.9806],[-87.82886,41.98033],[-87.82869,41.98033],[-87.8287,41.97929],[-87.82808,41.97929],[-87.82808,41.97912],[-87.8287,41.97912],[-87.8287,41.97884],[-87.82864,41.97884],[-87.82864,41.97844],[-87.82972,41.97842],[-87.82971,41.97813],[-87.83002,41.97813],[-87.83002,41.97806],[-87.83005,41.97806],[-87.83004,41.97733],[-87.82961,41.97734],[-87.8296,41.97696],[-87.83362,41.97689],[-87.83362,41.97592],[-87.82443,41.97607],[-87.82352,41.98309],[-87.8253,41.98307],[-87.82527,41.98196],[-87.82814,41.98192],[-87.82818,41.98384],[-87.82831,41.98379],[-87.82847,41.98377],[-87.83295,41.98371],[-87.8332,41.9837],[-87.83321,41.98366]]]]}},{"type":"Feature","properties":{"id":"o-hare","name":"O'Hare","secondary":"OHARE","layer":"neighborhoods","area_sqmi":13.352},"geometry":{"type":"MultiPolygon","coordinates":[[[[-87.83658,41.9864],[-87.83658,41.97954],[-87.83663,41.97531],[-87.83663,41.97477],[-87.84155,41.97469],[-87.84156,41.97439],[-87.84155,41.97379],[-87.83793,41.97384],[-87.83795,41.97135],[-87.83665,41.97137],[-87.83665,41.97023],[-87.84159,41.97014],[-87.84158,41.97198],[-87.84653,41.97189],[-87.84656,41.96955],[-87.84654,41.9682],[-87.84657,41.96641],[-87.83668,41.9666],[-87.8367,41.95936],[-87.83666,41.95188],[-87.83643,41.94476],[-87.83518,41.94479],[-87.83512,41.94467],[-87.83491,41.94044],[-87.83481,41.93758],[-87.84962,41.93729],[-87.85019,41.93775],[-87.85066,41.93808],[-87.85137,41.93867],[-87.85181,41.93917],[-87.85211,41.93979],[-87.85253,41.94126],[-87.85308,41.9426],[-87.8531,41.94288],[-87.85302,41.94311],[-87.85301,41.94335],[-87.85326,41.94376],[-87.85382,41.94584],[-87.85408,41.94656],[-87.85487,41.9478],[-87.85498,41.94803],[-87.85501,41.94894],[-87.85494,41.94948],[-87.85433,41.95073],[-87.85407,41.95145],[-87.84661,41.95164],[-87.8466,41.95569],[-87.85808,41.95544],[-87.85825,41.95558],[-87.85852,41.95601],[-87.85861,41.95622],[-87.85878,41.95693],[-87.85878,41.95724],[-87.85872,41.95754],[-87.85813,41.95834],[-87.85758,41.95919],[-87.85742,41.95956],[-87.85703,41.9602],[-87.8563,41.96159],[-87.85582,41.96241],[-87.85568,41.96284],[-87.85551,41.96446],[-87.8553,41.96512],[-87.85497,41.96595],[-87.85487,41.96636],[-87.85477,41.96691],[-87.85478,41.9672],[-87.85498,41.96793],[-87.85504,41.96833],[-87.85503,41.96871],[-87.85478,41.96943],[-87.85432,41.9703],[-87.85417,41.97078],[-87.85413,41.97117],[-87.85419,41.97143],[-87.85427,41.97162],[-87.85447,41.9719],[-87.8546,41.97204],[-87.85498,41.97234],[-87.85516,41.97246],[-87.85536,41.97252],[-87.85584,41.97259],[-87.85606,41.97258],[-87.85659,41.97246],[-87.85746,41.97215],[-87.85783,41.97197],[-87.85854,41.97153],[-87.85868,41.97147],[-87.85892,41.97142],[-87.85941,41.9715],[-87.85975,41.9716],[-87.86043,41.97193],[-87.86134,41.97261],[-87.8617,41.97299],[-87.8619,41.97332],[-87.86848,41.97316],[-87.86883,41.97317],[-87.88077,41.97285],[-87.88084,41.9655],[-87.88079,41.9572],[-87.88163,41.95711],[-87.88383,41.95736],[-87.88385,41.9573],[-87.88563,41.95754],[-87.88563,41.95749],[-87.89027,41.9581],[-87.8929,41.95805],[-87.89288,41.95079],[-87.90378,41.95062],[-87.9123,41.95237],[-87.91228,41.95143],[-87.91473,41.95203],[-87.9148,41.95471],[-87.91496,41.95583],[-87.91523,41.95684],[-87.91578,41.95713],[-87.91656,41.9574],[-87.91703,41.95751],[-87.92,41.95801],[-87.92,41.95815],[-87.92217,41.95838],[-87.92217,41.95387],[-87.92635,41.95486],[-87.92636,41.95902],[-87.93208,41.95994],[-87.93225,41.9648],[-87.93477,41.9648],[-87.93476,41.96682],[-87.9368,41.96541],[-87.93813,41.96428],[-87.93972,41.96428],[-87.93971,41.97864],[-87.93993,41.99349],[-87.9388,41.99353],[-87.93865,41.99425],[-87.93839,41.99518],[-87.93805,41.9961],[-87.93762,41.99703],[-87.93727,41.99765],[-87.93667,41.99859],[-87.93612,41.99933],[-87.93552,42.00004],[-87.93466,42.0009],[-87.93377,42.00166],[-87.9304,42.00413],[-87.93036,42.00221],[-87.92546,42.00226],[-87.92545,42.00105],[-87.92052,42.00113],[-87.92052,42.0012],[-87.92044,42.0012],[-87.92051,42.00495],[-87.91377,42.00507],[-87.91377,42.0087],[-87.91331,42.00872],[-87.91331,42.00626],[-87.91303,42.00627],[-87.91303,42.00509],[-87.91134,42.00512],[-87.91133,42.0051],[-87.90767,42.00525],[-87.90768,42.00892],[-87.90575,42.00899],[-87.90238,42.00809],[-87.90238,42.00792],[-87.89916,42.00705],[-87.89835,42.00679],[-87.89718,42.00633],[-87.89598,42.00578],[-87.89598,42.00565],[-87.89576,42.00565],[-87.89576,42.00588],[-87.89531,42.00567],[-87.89429,42.0057],[-87.89435,42.00271],[-87.89355,42.00274],[-87.89358,42.00333],[-87.89323,42.00334],[-87.89326,42.00394],[-87.89189,42.00399],[-87.89,42.00323],[-87.89026,42.00285],[-87.89038,42.00285],[-87.89039,42.0023],[-87.89436,42.00217],[-87.89436,42.00206],[-87.89924,42.0019],[-87.90241,42.00362],[-87.9024,42.00403],[-87.90406,42.00397],[-87.90406,42.00356],[-87.90312,42.00342],[-87.89954,42.00148],[-87.89744,42.00155],[-87.89746,42.00053],[-87.89297,41.99991],[-87.89081,41.99957],[-87.89075,41.99961],[-87.8894,41.99939],[-87.88673,41.99886],[-87.88496,41.99846],[-87.88496,41.9983],[-87.88453,41.9982],[-87.88454,41.9951],[-87.88035,41.99523],[-87.87691,41.98567],[-87.87586,41.9857],[-87.87586,41.98294],[-87.87489,41.98025],[-87.87502,41.98024],[-87.87373,41.97666],[-87.87588,41.9766],[-87.87589,41.97388],[-87.87301,41.97395],[-87.87298,41.97386],[-87.87258,41.97387],[-87.87265,41.97396],[-87.8686,41.97405],[-87.86861,41.9738],[-87.86784,41.97382],[-87.86784,41.97398],[-87.86749,41.97399],[-87.86749,41.97373],[-87.86201,41.97386],[-87.86201,41.97431],[-87.86176,41.97517],[-87.86168,41.97535],[-87.86124,41.976],[-87.86067,41.97654],[-87.85996,41.97699],[-87.85938,41.97757],[-87.85846,41.97866],[-87.85627,41.98046],[-87.85588,41.9811],[-87.85578,41.9817],[-87.85578,41.98216],[-87.85597,41.9828],[-87.85623,41.98348],[-87.85657,41.98415],[-87.85665,41.98443],[-87.85664,41.98466],[-87.85636,41.98599],[-87.85587,41.98715],[-87.85558,41.98774],[-87.85554,41.98794],[-87.85568,41.98866],[-87.85584,41.98905],[-87.85483,41.98876],[-87.85412,41.98865],[-87.85361,41.9886],[-87.85133,41.98849],[-87.8499,41.98835],[-87.83892,41.98673],[-87.83766,41.98652],[-87.83658,41.9864]]],[[[-87.94001,41.99811],[-87.94011,42.00079],[-87.93514,42.00089],[-87.93599,42.00001],[-87.93661,41.99923],[-87.93708,41.99859],[-87.94001,41.99811]]],[[[-87.93348,42.00542],[-87.93361,42.00488],[-87.93437,42.00498],[-87.9343,42.00196],[-87.93389,42.00197],[-87.9343,42.00165],[-87.9343,42.00173],[-87.93509,42.00094],[-87.93529,42.00815],[-87.93358,42.00817],[-87.93348,42.00542]]]]}},{"type":"Feature","properties":{"id":"oakland","name":"Oakland","secondary":"OAKLAND,KENWOOD","layer":"neighborhoods","area_sqmi":0.606},"geometry":{"type":"MultiPolygon","coordinates":[[[[-87.59215,41.81693],[-87.59526,41.81694],[-87.59596,41.81683],[-87.5964,41.81682],[-87.59646,41.81691],[-87.59688,41.81693],[-87.60671,41.81681],[-87.60686,41.82317],[-87.60644,41.82331],[-87.60687,41.82396],[-87.61262,41.82389],[-87.61063,41.83119],[-87.60583,41.83123],[-87.60295,41.83133],[-87.60271,41.83137],[-87.60259,41.83102],[-87.60239,41.83069],[-87.60164,41.82998],[-87.6003,41.82827],[-87.59997,41.82793],[-87.59921,41.82739],[-87.59826,41.8268],[-87.59795,41.82656],[-87.59775,41.82634],[-87.59758,41.82605],[-87.59748,41.82564],[-87.59751,41.82535],[-87.5977,41.82457],[-87.59766,41.8242],[-87.59753,41.82371],[-87.59726,41.82292],[-87.59725,41.8228],[-87.59733,41.82285],[-87.59735,41.82283],[-87.59733,41.82274],[-87.59725,41.82268],[-87.59727,41.82262],[-87.5972,41.82261],[-87.59721,41.82257],[-87.59711,41.82252],[-87.59702,41.82223],[-87.59687,41.82205],[-87.59684,41.82196],[-87.59668,41.82183],[-87.59642,41.82151],[-87.5962,41.82133],[-87.59606,41.82114],[-87.59571,41.82056],[-87.59569,41.82049],[-87.59573,41.82043],[-87.59568,41.82036],[-87.59512,41.81981],[-87.59469,41.81974],[-87.59462,41.8197],[-87.59433,41.81943],[-87.5937,41.81904],[-87.59349,41.81881],[-87.59296,41.81857],[-87.59262,41.81834],[-87.59239,41.81804],[-87.59219,41.81768],[-87.59215,41.81693]]]]}},{"type":"Feature","properties":{"id":"old-town","name":"Old Town","secondary":"OLD TOWN","layer":"neighborhoods","area_sqmi":0.712},"geometry":{"type":"MultiPolygon","coordinates":[[[[-87.63168,41.91118],[-87.63145,41.9039],[-87.63964,41.90377],[-87.63977,41.90392],[-87.6495,41.9109],[-87.64827,41.91092],[-87.64851,41.91818],[-87.63672,41.91835],[-87.63653,41.91836],[-87.63612,41.91847],[-87.63186,41.91155],[-87.63168,41.91118]]]]}},{"type":"Feature","properties":{"id":"portage-park","name":"Portage Park","secondary":"PORTAGE PARK","layer":"neighborhoods","area_sqmi":3.956},"geometry":{"type":"MultiPolygon","coordinates":[[[[-87.75264,41.96797],[-87.74772,41.96803],[-87.74772,41.96708],[-87.74761,41.9643],[-87.74718,41.96339],[-87.74791,41.96348],[-87.7471,41.96323],[-87.74696,41.9629],[-87.74701,41.96279],[-87.74717,41.96264],[-87.74651,41.96191],[-87.74444,41.96076],[-87.74648,41.96074],[-87.74427,41.95652],[-87.74361,41.95516],[-87.74273,41.95347],[-87.7425,41.95347],[-87.74225,41.94254],[-87.74296,41.94253],[-87.7429,41.94069],[-87.74216,41.9407],[-87.74211,41.93889],[-87.74218,41.93889],[-87.77621,41.93845],[-87.77677,41.95306],[-87.78656,41.95292],[-87.78679,41.95909],[-87.78681,41.96022],[-87.78689,41.96269],[-87.78696,41.96314],[-87.78705,41.9633],[-87.7868,41.96345],[-87.78677,41.96355],[-87.78674,41.96734],[-87.78677,41.96843],[-87.7675,41.96869],[-87.76748,41.96778],[-87.76478,41.9678],[-87.76136,41.96759],[-87.76075,41.96788],[-87.75264,41.96797]]]]}},{"type":"Feature","properties":{"id":"printers-row","name":"Printers Row","secondary":"PRINTERS ROW","layer":"neighborhoods","area_sqmi":0.077},"geometry":{"type":"MultiPolygon","coordinates":[[[[-87.62742,41.86741],[-87.63044,41.86737],[-87.63068,41.87452],[-87.62761,41.87455],[-87.62742,41.86741]]]]}},{"type":"Feature","properties":{"id":"pullman","name":"Pullman","secondary":"PULLMAN","layer":"neighborhoods","area_sqmi":2.11},"geometry":{"type":"MultiPolygon","coordinates":[[[[-87.60157,41.68621],[-87.60218,41.68618],[-87.60258,41.68612],[-87.60293,41.68603],[-87.6041,41.68556],[-87.60442,41.68551],[-87.6114,41.68544],[-87.61144,41.68572],[-87.61135,41.68625],[-87.60318,41.72205],[-87.60118,41.72211],[-87.5867,41.72232],[-87.58496,41.72068],[-87.58489,41.71763],[-87.58468,41.71361],[-87.58468,41.71249],[-87.58463,41.71125],[-87.58474,41.71029],[-87.58483,41.70982],[-87.58509,41.70901],[-87.58543,41.70829],[-87.58575,41.70777],[-87.5873,41.70775],[-87.58732,41.70731],[-87.58741,41.70691],[-87.58751,41.70667],[-87.58767,41.70643],[-87.58814,41.70511],[-87.58836,41.70496],[-87.58958,41.70388],[-87.59205,41.70156],[-87.59307,41.70049],[-87.59437,41.69898],[-87.59617,41.69632],[-87.60069,41.68796],[-87.60137,41.68667],[-87.60157,41.68621]]]]}},{"type":"Feature","properties":{"id":"river-north","name":"River North","secondary":"RIVER NORTH","layer":"neighborhoods","area_sqmi":1.39},"geometry":{"type":"MultiPolygon","coordinates":[[[[-87.63145,41.9039],[-87.63122,41.89563],[-87.62548,41.89572],[-87.62533,41.89023],[-87.62529,41.88928],[-87.6252,41.88887],[-87.62529,41.88884],[-87.62599,41.88851],[-87.62726,41.88766],[-87.62762,41.88751],[-87.62824,41.88745],[-87.62928,41.88742],[-87.63078,41.88743],[-87.63223,41.88748],[-87.63337,41.88748],[-87.63377,41.88753],[-87.63484,41.88747],[-87.63562,41.88745],[-87.6358,41.88743],[-87.63598,41.88734],[-87.63709,41.88668],[-87.63744,41.88642],[-87.63759,41.88623],[-87.63839,41.88673],[-87.63856,41.88687],[-87.63877,41.88716],[-87.63906,41.88814],[-87.6392,41.88845],[-87.63926,41.88879],[-87.63936,41.88908],[-87.63944,41.88923],[-87.64067,41.89064],[-87.64109,41.89127],[-87.64127,41.89163],[-87.64157,41.89205],[-87.64245,41.89287],[-87.64294,41.89321],[-87.64355,41.89354],[-87.64378,41.89388],[-87.64398,41.89402],[-87.64407,41.89414],[-87.64412,41.89427],[-87.64423,41.89664],[-87.64443,41.89724],[-87.64478,41.89754],[-87.64489,41.89769],[-87.64632,41.89786],[-87.6479,41.89797],[-87.64879,41.89809],[-87.6494,41.89831],[-87.65086,41.89941],[-87.65136,41.89974],[-87.6519,41.90001],[-87.65219,41.9001],[-87.65248,41.90014],[-87.65258,41.90012],[-87.65291,41.90018],[-87.65451,41.90053],[-87.65538,41.90081],[-87.65589,41.90117],[-87.65616,41.90169],[-87.65618,41.90192],[-87.65647,41.90262],[-87.65734,41.9034],[-87.6575,41.9036],[-87.65816,41.90453],[-87.65829,41.90504],[-87.65775,41.90837],[-87.65749,41.90909],[-87.65923,41.90907],[-87.65895,41.90985],[-87.65694,41.91052],[-87.65686,41.91078],[-87.6495,41.9109],[-87.63977,41.90392],[-87.63964,41.90377],[-87.63145,41.9039]]]]}},{"type":"Feature","properties":{"id":"riverdale","name":"Riverdale","secondary":"RIVERDALE","layer":"neighborhoods","area_sqmi":3.516},"geometry":{"type":"MultiPolygon","coordinates":[[[[-87.60157,41.68621],[-87.60176,41.68569],[-87.60194,41.68474],[-87.60173,41.6769],[-87.60169,41.67638],[-87.60154,41.67567],[-87.60113,41.67456],[-87.60067,41.67374],[-87.60007,41.67294],[-87.59212,41.66371],[-87.59172,41.66353],[-87.589,41.66039],[-87.58081,41.65084],[-87.58049,41.65042],[-87.57979,41.64941],[-87.57918,41.64816],[-87.57883,41.64725],[-87.57852,41.64595],[-87.57838,41.64469],[-87.58567,41.6447],[-87.59528,41.6446],[-87.61336,41.64461],[-87.61722,41.64458],[-87.61723,41.65028],[-87.61803,41.65037],[-87.62032,41.65089],[-87.61982,41.65183],[-87.61925,41.65313],[-87.61883,41.65431],[-87.61848,41.65555],[-87.61771,41.6591],[-87.61828,41.65911],[-87.61727,41.66335],[-87.61715,41.66434],[-87.61697,41.66523],[-87.61618,41.66844],[-87.61467,41.67513],[-87.61442,41.67618],[-87.6142,41.6769],[-87.61317,41.68159],[-87.61301,41.68224],[-87.61289,41.68258],[-87.61228,41.68543],[-87.6114,41.68544],[-87.60442,41.68551],[-87.6041,41.68556],[-87.60293,41.68603],[-87.60258,41.68612],[-87.60218,41.68618],[-87.60157,41.68621]]]]}},{"type":"Feature","properties":{"id":"rogers-park","name":"Rogers Park","secondary":"ROGERS PARK","layer":"neighborhoods","area_sqmi":1.841},"geometry":{"type":"MultiPolygon","coordinates":[[[[-87.65574,41.99818],[-87.65592,41.99823],[-87.6569,41.99823],[-87.67086,41.99807],[-87.67501,41.99799],[-87.67684,41.99796],[-87.68176,42.00865],[-87.68216,42.0097],[-87.68414,42.01532],[-87.68465,42.01948],[-87.67312,42.01939],[-87.67624,42.02193],[-87.67706,42.02304],[-87.66513,42.02295],[-87.66527,42.02275],[-87.66527,42.02262],[-87.66505,42.02236],[-87.66479,42.02222],[-87.66463,42.02187],[-87.66465,42.02179],[-87.66472,42.02173],[-87.66465,42.02161],[-87.66445,42.02143],[-87.66419,42.02125],[-87.66401,42.02133],[-87.66381,42.02045],[-87.66373,42.02036],[-87.66393,42.02032],[-87.66388,42.02018],[-87.66401,42.02018],[-87.66385,42.01966],[-87.66393,42.01964],[-87.66393,42.0196],[-87.66388,42.01952],[-87.66364,42.0195],[-87.66364,42.01937],[-87.66386,42.01935],[-87.66387,42.0192],[-87.66399,42.01919],[-87.66398,42.01908],[-87.66372,42.01874],[-87.66357,42.01863],[-87.66342,42.01862],[-87.66336,42.01858],[-87.66328,42.01843],[-87.66333,42.01815],[-87.66341,42.01815],[-87.66334,42.01797],[-87.66329,42.01792],[-87.66327,42.01785],[-87.6633,42.01782],[-87.66327,42.01776],[-87.66314,42.01772],[-87.66313,42.01729],[-87.66319,42.01729],[-87.66318,42.01721],[-87.66315,42.01717],[-87.663,42.01714],[-87.66306,42.01688],[-87.66309,42.01685],[-87.66301,42.01674],[-87.66281,42.01665],[-87.66272,42.01619],[-87.66255,42.01605],[-87.66254,42.01595],[-87.66258,42.01586],[-87.66247,42.01543],[-87.66229,42.01521],[-87.66217,42.01498],[-87.66209,42.01496],[-87.662,42.01458],[-87.6619,42.01443],[-87.66178,42.01404],[-87.6617,42.01397],[-87.66157,42.01373],[-87.6615,42.01347],[-87.66152,42.01341],[-87.66162,42.01332],[-87.6615,42.01312],[-87.66133,42.01295],[-87.66125,42.01277],[-87.66119,42.01277],[-87.66118,42.01259],[-87.66093,42.01223],[-87.66107,42.01217],[-87.66101,42.01203],[-87.66064,42.01162],[-87.66015,42.01124],[-87.66014,42.01122],[-87.66028,42.01116],[-87.66012,42.01098],[-87.65922,42.01024],[-87.6589,42.00985],[-87.65889,42.00978],[-87.65895,42.00976],[-87.65884,42.00975],[-87.65879,42.00971],[-87.65866,42.00954],[-87.65812,42.00905],[-87.65752,42.00845],[-87.65698,42.008],[-87.65674,42.00768],[-87.65646,42.00742],[-87.65537,42.00671],[-87.6551,42.00692],[-87.65506,42.0069],[-87.65584,42.00631],[-87.65739,42.00628],[-87.65741,42.0062],[-87.65742,42.00562],[-87.65731,42.00507],[-87.65707,42.00462],[-87.65702,42.00459],[-87.65697,42.00442],[-87.65682,42.00424],[-87.65674,42.00424],[-87.65674,42.0043],[-87.65671,42.0043],[-87.65671,42.00422],[-87.65729,42.00421],[-87.65729,42.00392],[-87.65724,42.00371],[-87.65711,42.00356],[-87.65698,42.0032],[-87.65701,42.00313],[-87.65688,42.00275],[-87.6569,42.0026],[-87.65659,42.00215],[-87.65645,42.00206],[-87.65604,42.00122],[-87.65597,42.00093],[-87.65604,42.00079],[-87.65601,42.00066],[-87.65562,41.99955],[-87.65531,41.99911],[-87.65521,41.99906],[-87.65509,41.9989],[-87.65456,41.99817],[-87.65574,41.99818]]]]}},{"type":"Feature","properties":{"id":"roseland","name":"Roseland","secondary":"WASHINGTON HEIGHTS,ROSELAND","layer":"neighborhoods","area_sqmi":4.803},"geometry":{"type":"MultiPolygon","coordinates":[[[[-87.60449,41.72255],[-87.60448,41.72204],[-87.60318,41.72205],[-87.61135,41.68625],[-87.61144,41.68572],[-87.6114,41.68544],[-87.61228,41.68543],[-87.64215,41.68508],[-87.64261,41.69964],[-87.64283,41.70692],[-87.63313,41.70704],[-87.63373,41.72885],[-87.63374,41.72992],[-87.63375,41.72998],[-87.6338,41.72998],[-87.63413,41.73594],[-87.63408,41.73597],[-87.63381,41.73595],[-87.63388,41.73821],[-87.63394,41.73861],[-87.63408,41.73914],[-87.63404,41.73918],[-87.63396,41.73947],[-87.63369,41.73885],[-87.63357,41.73826],[-87.63299,41.7371],[-87.63271,41.73666],[-87.63251,41.73644],[-87.63258,41.73631],[-87.63266,41.73638],[-87.63272,41.73597],[-87.6321,41.73541],[-87.63173,41.73518],[-87.63116,41.73471],[-87.63088,41.73442],[-87.63093,41.73441],[-87.63068,41.73423],[-87.62915,41.73278],[-87.62905,41.73268],[-87.62904,41.73262],[-87.62645,41.7299],[-87.62578,41.72918],[-87.62567,41.72902],[-87.61918,41.72912],[-87.61919,41.72954],[-87.61852,41.7294],[-87.61791,41.7292],[-87.61735,41.72905],[-87.6157,41.72849],[-87.6143,41.72789],[-87.61427,41.72693],[-87.61158,41.72559],[-87.61066,41.72558],[-87.60961,41.7251],[-87.60939,41.72494],[-87.60937,41.72448],[-87.60723,41.72343],[-87.60674,41.72322],[-87.60589,41.72292],[-87.60449,41.72255]]]]}},{"type":"Feature","properties":{"id":"rush-division","name":"Rush & Division","secondary":"RUSH & DIVISION","layer":"neighborhoods","area_sqmi":0.125},"geometry":{"type":"MultiPolygon","coordinates":[[[[-87.62548,41.89572],[-87.63122,41.89563],[-87.63145,41.9039],[-87.62868,41.90394],[-87.62866,41.90326],[-87.62832,41.90237],[-87.62809,41.90199],[-87.62751,41.90076],[-87.62696,41.89955],[-87.62685,41.89917],[-87.62672,41.89906],[-87.62654,41.8987],[-87.62587,41.89732],[-87.62561,41.89671],[-87.6255,41.89671],[-87.62548,41.89572]]]]}},{"type":"Feature","properties":{"id":"sauganash-forest-glen","name":"Sauganash,Forest Glen","secondary":"SAUGANASH,FOREST GLEN","layer":"neighborhoods","area_sqmi":3.201},"geometry":{"type":"MultiPolygon","coordinates":[[[[-87.72642,41.99725],[-87.72786,41.99546],[-87.72915,41.99369],[-87.73186,41.99009],[-87.73287,41.99008],[-87.73418,41.98829],[-87.7365,41.98715],[-87.73841,41.98632],[-87.73831,41.98271],[-87.74279,41.98261],[-87.74306,41.98262],[-87.74311,41.9827],[-87.7458,41.98263],[-87.74699,41.98263],[-87.74713,41.98308],[-87.74731,41.98333],[-87.74743,41.98344],[-87.74798,41.98367],[-87.74826,41.98368],[-87.74818,41.98142],[-87.74819,41.98079],[-87.74815,41.98024],[-87.74799,41.97534],[-87.7479,41.97277],[-87.74785,41.96972],[-87.74774,41.96923],[-87.74762,41.96899],[-87.74764,41.96896],[-87.7475,41.9686],[-87.74763,41.96813],[-87.74772,41.96803],[-87.75264,41.96797],[-87.75274,41.97149],[-87.7528,41.97179],[-87.75281,41.97249],[-87.75289,41.97253],[-87.75519,41.9725],[-87.75533,41.97745],[-87.75506,41.97729],[-87.75801,41.98295],[-87.75816,41.98295],[-87.7588,41.9843],[-87.75909,41.98505],[-87.76067,41.98797],[-87.76093,41.98782],[-87.76114,41.98774],[-87.76183,41.98767],[-87.76194,41.9877],[-87.76209,41.98778],[-87.76229,41.98795],[-87.76232,41.98808],[-87.76227,41.98824],[-87.76217,41.98832],[-87.76176,41.98849],[-87.76167,41.98858],[-87.7616,41.98873],[-87.76159,41.9889],[-87.76168,41.98915],[-87.76204,41.98985],[-87.76204,41.99008],[-87.7621,41.99014],[-87.7624,41.99025],[-87.7626,41.99025],[-87.76277,41.98997],[-87.76298,41.98981],[-87.76317,41.98976],[-87.76355,41.98974],[-87.76373,41.98969],[-87.76383,41.98962],[-87.76394,41.98943],[-87.76415,41.98936],[-87.76433,41.98941],[-87.76469,41.98971],[-87.76483,41.98978],[-87.7655,41.99001],[-87.76565,41.99011],[-87.76576,41.99014],[-87.76618,41.99015],[-87.7669,41.99001],[-87.76723,41.98987],[-87.76764,41.98958],[-87.76767,41.98948],[-87.76761,41.98924],[-87.76762,41.98906],[-87.76776,41.98886],[-87.76783,41.9888],[-87.76796,41.98877],[-87.76845,41.9888],[-87.76947,41.98898],[-87.77039,41.98904],[-87.77094,41.98922],[-87.77112,41.98931],[-87.77144,41.98958],[-87.77172,41.99004],[-87.77174,41.99018],[-87.77167,41.99045],[-87.77148,41.99084],[-87.7714,41.9909],[-87.77113,41.99095],[-87.77094,41.99103],[-87.77085,41.99119],[-87.77088,41.99136],[-87.77098,41.99145],[-87.77117,41.99152],[-87.77182,41.99154],[-87.77251,41.99166],[-87.7729,41.99179],[-87.77302,41.99189],[-87.77345,41.9924],[-87.77358,41.99269],[-87.7737,41.99312],[-87.77368,41.99345],[-87.77353,41.99361],[-87.77309,41.99376],[-87.77272,41.99384],[-87.77222,41.99408],[-87.77161,41.99459],[-87.77137,41.99491],[-87.7712,41.99529],[-87.77115,41.99561],[-87.77125,41.99612],[-87.77146,41.99643],[-87.77189,41.99668],[-87.77245,41.99688],[-87.77296,41.99699],[-87.77349,41.99706],[-87.77407,41.99705],[-87.77438,41.99701],[-87.77532,41.99672],[-87.77587,41.99666],[-87.77605,41.99673],[-87.77655,41.9972],[-87.77671,41.99725],[-87.77692,41.99722],[-87.77714,41.99703],[-87.77731,41.99699],[-87.77801,41.99712],[-87.77833,41.99713],[-87.77852,41.99705],[-87.77875,41.99682],[-87.77888,41.99677],[-87.77923,41.99671],[-87.77949,41.99671],[-87.77962,41.99673],[-87.7799,41.99695],[-87.78002,41.99741],[-87.78009,41.99812],[-87.78,41.99923],[-87.7802,42.0002],[-87.78029,42.00161],[-87.78058,42.00247],[-87.78083,42.00276],[-87.78099,42.00287],[-87.78159,42.00295],[-87.78181,42.00283],[-87.78203,42.00259],[-87.78278,42.00107],[-87.78294,42.00027],[-87.78302,42.00012],[-87.78318,42.00002],[-87.78338,42.00002],[-87.78382,42.00014],[-87.78428,42.00019],[-87.78463,42.00014],[-87.78498,41.99991],[-87.78534,41.99975],[-87.78559,41.99972],[-87.78597,41.99975],[-87.78629,41.99974],[-87.78686,41.99985],[-87.7872,41.99978],[-87.78757,41.99965],[-87.78793,41.99963],[-87.78811,41.99966],[-87.7884,41.99977],[-87.7886,41.99993],[-87.78912,42.00019],[-87.78924,42.00021],[-87.78997,42.00046],[-87.79019,42.00061],[-87.782,42.0045],[-87.78255,42.00489],[-87.7831,42.00542],[-87.78872,42.012],[-87.77927,42.01199],[-87.77915,42.01357],[-87.7791,42.01544],[-87.77697,42.01539],[-87.77705,42.01198],[-87.77335,42.01196],[-87.77036,42.00619],[-87.76995,42.00638],[-87.76917,42.00486],[-87.76785,42.00425],[-87.76772,42.00423],[-87.76579,42.00333],[-87.76547,42.00374],[-87.76754,42.00471],[-87.76746,42.00832],[-87.76166,42.00827],[-87.76189,42.00324],[-87.76199,42.00249],[-87.76227,42.00169],[-87.75865,42.00002],[-87.7529,41.9973],[-87.74094,41.99725],[-87.72642,41.99725]]]]}},{"type":"Feature","properties":{"id":"sheffield-depaul","name":"Sheffield & DePaul","secondary":"SHEFFIELD & DEPAUL","layer":"neighborhoods","area_sqmi":0.376},"geometry":{"type":"MultiPolygon","coordinates":[[[[-87.65871,41.93256],[-87.64901,41.93272],[-87.64863,41.92182],[-87.64884,41.92181],[-87.65833,41.92166],[-87.65871,41.93256]]]]}},{"type":"Feature","properties":{"id":"south-chicago","name":"South Chicago","secondary":"SOUTH CHICAGO","layer":"neighborhoods","area_sqmi":3.339},"geometry":{"type":"MultiPolygon","coordinates":[[[[-87.54398,41.75515],[-87.54394,41.75502],[-87.544,41.75497],[-87.54404,41.75496],[-87.54418,41.7548],[-87.54415,41.75462],[-87.54421,41.75458],[-87.54426,41.7544],[-87.54434,41.75432],[-87.54441,41.75413],[-87.54415,41.75344],[-87.54372,41.75253],[-87.54349,41.75222],[-87.54319,41.75199],[-87.54303,41.75192],[-87.54114,41.75193],[-87.54083,41.7519],[-87.54065,41.75186],[-87.54049,41.75186],[-87.53992,41.75163],[-87.53893,41.75131],[-87.5385,41.75112],[-87.53766,41.75082],[-87.53759,41.75077],[-87.53735,41.75071],[-87.53712,41.75057],[-87.53689,41.7505],[-87.53684,41.75045],[-87.53673,41.75044],[-87.53626,41.75025],[-87.53621,41.7502],[-87.53601,41.75016],[-87.53549,41.74988],[-87.53526,41.74979],[-87.5352,41.7498],[-87.53513,41.74975],[-87.53438,41.74945],[-87.5339,41.74931],[-87.53274,41.74882],[-87.53208,41.74859],[-87.53138,41.74828],[-87.53095,41.74803],[-87.53076,41.74729],[-87.53057,41.74604],[-87.53005,41.74231],[-87.53007,41.74225],[-87.53004,41.7422],[-87.53008,41.74211],[-87.53006,41.74203],[-87.52999,41.74199],[-87.53004,41.74192],[-87.53003,41.74176],[-87.52998,41.7416],[-87.52988,41.74148],[-87.52973,41.74141],[-87.5295,41.7414],[-87.52446,41.74147],[-87.52446,41.74139],[-87.52989,41.74133],[-87.53011,41.74124],[-87.53019,41.74126],[-87.53069,41.74112],[-87.53986,41.74101],[-87.53983,41.7405],[-87.52986,41.74061],[-87.52977,41.73985],[-87.52981,41.73981],[-87.52977,41.73979],[-87.52973,41.73959],[-87.52957,41.73826],[-87.52943,41.73755],[-87.52943,41.73716],[-87.52929,41.73609],[-87.52924,41.73601],[-87.52928,41.7359],[-87.52912,41.73497],[-87.52915,41.7349],[-87.52907,41.73433],[-87.52908,41.73425],[-87.52902,41.7338],[-87.52896,41.73377],[-87.52925,41.73301],[-87.53287,41.73152],[-87.53726,41.72962],[-87.53941,41.72879],[-87.54042,41.72828],[-87.5414,41.72759],[-87.5419,41.72714],[-87.54225,41.72658],[-87.543,41.72403],[-87.54316,41.72331],[-87.54314,41.72286],[-87.54568,41.72282],[-87.54761,41.72424],[-87.54918,41.7253],[-87.55014,41.72599],[-87.5657,41.7372],[-87.58446,41.75069],[-87.58566,41.7515],[-87.55229,41.75192],[-87.54875,41.75402],[-87.54871,41.75409],[-87.54774,41.75453],[-87.54656,41.75387],[-87.54526,41.75436],[-87.54495,41.75444],[-87.54398,41.75515]]]]}},{"type":"Feature","properties":{"id":"south-deering","name":"South Deering","secondary":"SOUTHEAST SIDE","layer":"neighborhoods","area_sqmi":10.86},"geometry":{"type":"MultiPolygon","coordinates":[[[[-87.54568,41.72282],[-87.54314,41.72286],[-87.54296,41.72163],[-87.54269,41.72082],[-87.5427,41.72051],[-87.54289,41.72013],[-87.54297,41.71969],[-87.54315,41.71794],[-87.54303,41.71715],[-87.54242,41.71644],[-87.54232,41.71586],[-87.54221,41.71576],[-87.54218,41.71564],[-87.54221,41.71462],[-87.54229,41.71426],[-87.54253,41.71352],[-87.5426,41.71288],[-87.54261,41.7114],[-87.54267,41.71095],[-87.54273,41.71075],[-87.54317,41.7101],[-87.54328,41.70985],[-87.54364,41.7094],[-87.54426,41.70889],[-87.54527,41.70814],[-87.54564,41.7077],[-87.54586,41.70733],[-87.54588,41.70561],[-87.54571,41.70514],[-87.54563,41.70464],[-87.54562,41.70393],[-87.54566,41.70338],[-87.54576,41.70305],[-87.5459,41.70277],[-87.5438,41.70276],[-87.54498,41.70109],[-87.54512,41.70074],[-87.5452,41.70031],[-87.54513,41.68552],[-87.54508,41.68277],[-87.54508,41.68099],[-87.54492,41.67318],[-87.54511,41.67219],[-87.5452,41.67204],[-87.54527,41.6718],[-87.54571,41.67081],[-87.54622,41.66942],[-87.54645,41.66814],[-87.54471,41.65922],[-87.54487,41.65923],[-87.54801,41.66108],[-87.55041,41.66241],[-87.55127,41.66292],[-87.55202,41.66346],[-87.55234,41.66376],[-87.5532,41.66487],[-87.5566,41.66997],[-87.55675,41.66995],[-87.55684,41.66985],[-87.55684,41.66977],[-87.55705,41.66966],[-87.5574,41.66959],[-87.55772,41.66933],[-87.55769,41.66927],[-87.55775,41.66924],[-87.55782,41.66927],[-87.55786,41.66924],[-87.55785,41.66921],[-87.55806,41.66907],[-87.55817,41.66893],[-87.55864,41.66894],[-87.55883,41.66901],[-87.55926,41.66865],[-87.55929,41.65919],[-87.56085,41.65916],[-87.57439,41.6592],[-87.57695,41.65918],[-87.58159,41.65922],[-87.58243,41.65931],[-87.583,41.65941],[-87.58397,41.65966],[-87.58536,41.66012],[-87.58605,41.66027],[-87.58696,41.66036],[-87.58801,41.66036],[-87.58853,41.66042],[-87.58865,41.66039],[-87.589,41.66039],[-87.59172,41.66353],[-87.59212,41.66371],[-87.60007,41.67294],[-87.60067,41.67374],[-87.60113,41.67456],[-87.60154,41.67567],[-87.60169,41.67638],[-87.60173,41.6769],[-87.60194,41.68474],[-87.60176,41.68569],[-87.60157,41.68621],[-87.60137,41.68667],[-87.60069,41.68796],[-87.59617,41.69632],[-87.59437,41.69898],[-87.59307,41.70049],[-87.59205,41.70156],[-87.58958,41.70388],[-87.58836,41.70496],[-87.58814,41.70511],[-87.58767,41.70643],[-87.58751,41.70667],[-87.58741,41.70691],[-87.58732,41.70731],[-87.5873,41.70775],[-87.58575,41.70777],[-87.58543,41.70829],[-87.58509,41.70901],[-87.58483,41.70982],[-87.58474,41.71029],[-87.58463,41.71125],[-87.58468,41.71249],[-87.58468,41.71361],[-87.58489,41.71763],[-87.58496,41.72068],[-87.5867,41.72232],[-87.58711,41.72282],[-87.58737,41.72326],[-87.58586,41.72327],[-87.58531,41.72332],[-87.5839,41.72335],[-87.56858,41.72356],[-87.56792,41.72361],[-87.56563,41.72389],[-87.56559,41.72259],[-87.54989,41.72278],[-87.54654,41.72276],[-87.54568,41.72282]]]]}},{"type":"Feature","properties":{"id":"south-shore","name":"South Shore","secondary":"SOUTH SHORE, GRAND CROSSING","layer":"neighborhoods","area_sqmi":2.926},"geometry":{"type":"MultiPolygon","coordinates":[[[[-87.5921,41.77328],[-87.5863,41.77334],[-87.56681,41.77356],[-87.56645,41.77379],[-87.5663,41.77364],[-87.56629,41.77347],[-87.56594,41.77313],[-87.56565,41.77292],[-87.565,41.77253],[-87.5649,41.77252],[-87.56407,41.77211],[-87.56364,41.77208],[-87.56358,41.77203],[-87.56359,41.77184],[-87.56352,41.77171],[-87.56348,41.77135],[-87.56342,41.77118],[-87.56342,41.77111],[-87.56347,41.77106],[-87.56328,41.77044],[-87.5632,41.77028],[-87.56252,41.76943],[-87.56234,41.769],[-87.56192,41.76879],[-87.56154,41.76863],[-87.56092,41.76844],[-87.56053,41.7684],[-87.56032,41.76844],[-87.56017,41.76855],[-87.55981,41.76897],[-87.55966,41.76911],[-87.55954,41.76918],[-87.55952,41.76894],[-87.55941,41.76862],[-87.55945,41.76806],[-87.55952,41.76798],[-87.55952,41.76792],[-87.55943,41.76765],[-87.55939,41.76678],[-87.55954,41.76671],[-87.55953,41.7666],[-87.55956,41.76657],[-87.56018,41.76644],[-87.56052,41.76617],[-87.56062,41.76581],[-87.56061,41.76564],[-87.56051,41.76539],[-87.56043,41.76529],[-87.56036,41.76532],[-87.56014,41.76509],[-87.56022,41.76504],[-87.56012,41.76494],[-87.56,41.7649],[-87.55992,41.76496],[-87.55984,41.76496],[-87.5596,41.76473],[-87.5596,41.76463],[-87.55952,41.76452],[-87.55974,41.76439],[-87.55961,41.76422],[-87.55944,41.76408],[-87.55928,41.76404],[-87.55898,41.76375],[-87.55846,41.76402],[-87.55757,41.76312],[-87.5577,41.76305],[-87.55765,41.763],[-87.55764,41.76285],[-87.5576,41.76281],[-87.55717,41.76261],[-87.55687,41.76243],[-87.55665,41.76221],[-87.55632,41.76203],[-87.55608,41.76182],[-87.55559,41.76158],[-87.55527,41.76162],[-87.55488,41.76179],[-87.5548,41.76177],[-87.55467,41.76149],[-87.55438,41.76108],[-87.55425,41.76103],[-87.55411,41.76081],[-87.55403,41.76076],[-87.55225,41.75998],[-87.55107,41.75952],[-87.54955,41.75896],[-87.54871,41.75873],[-87.54797,41.75867],[-87.54764,41.75872],[-87.54725,41.75872],[-87.54694,41.75877],[-87.54636,41.75897],[-87.54551,41.75936],[-87.54456,41.76004],[-87.54432,41.76017],[-87.54417,41.7602],[-87.54401,41.76011],[-87.54385,41.76011],[-87.54434,41.76058],[-87.54442,41.76062],[-87.54644,41.76062],[-87.54649,41.76063],[-87.54648,41.76065],[-87.54437,41.76067],[-87.54328,41.7597],[-87.54318,41.7597],[-87.54304,41.7596],[-87.54255,41.75911],[-87.54253,41.75896],[-87.54263,41.75874],[-87.54165,41.75782],[-87.54138,41.75784],[-87.54115,41.75779],[-87.5406,41.75727],[-87.54093,41.75703],[-87.541,41.75704],[-87.54105,41.757],[-87.54376,41.75538],[-87.54395,41.75526],[-87.54398,41.75515],[-87.54495,41.75444],[-87.54526,41.75436],[-87.54656,41.75387],[-87.54774,41.75453],[-87.54871,41.75409],[-87.54875,41.75402],[-87.55229,41.75192],[-87.58566,41.7515],[-87.58582,41.75151],[-87.58582,41.75167],[-87.59306,41.75688],[-87.59563,41.7587],[-87.59538,41.7587],[-87.59458,41.76235],[-87.59332,41.76235],[-87.59339,41.76502],[-87.5933,41.76601],[-87.59228,41.76601],[-87.59239,41.7699],[-87.59274,41.7699],[-87.59275,41.77015],[-87.5921,41.77328]]]]}},{"type":"Feature","properties":{"id":"streeterville","name":"Streeterville","secondary":"STREETERVILLE","layer":"neighborhoods","area_sqmi":0.641},"geometry":{"type":"MultiPolygon","coordinates":[[[[-87.6052,41.88847],[-87.60762,41.88843],[-87.61143,41.88851],[-87.61179,41.88846],[-87.61325,41.8884],[-87.61527,41.88842],[-87.61801,41.88831],[-87.62271,41.88884],[-87.62361,41.88891],[-87.62386,41.88889],[-87.62401,41.88883],[-87.62373,41.88985],[-87.62392,41.89653],[-87.62374,41.89775],[-87.62376,41.8992],[-87.62382,41.9005],[-87.62375,41.90083],[-87.62369,41.90084],[-87.61913,41.90097],[-87.61491,41.89467],[-87.61369,41.89313],[-87.61337,41.89323],[-87.61262,41.89341],[-87.61203,41.89333],[-87.61038,41.89593],[-87.61015,41.89623],[-87.60819,41.89628],[-87.60798,41.89627],[-87.6079,41.89624],[-87.60675,41.89627],[-87.60669,41.89623],[-87.60655,41.89624],[-87.60655,41.89628],[-87.60587,41.8963],[-87.60586,41.89625],[-87.60573,41.89625],[-87.60567,41.89629],[-87.60519,41.89629],[-87.60491,41.89633],[-87.60249,41.89637],[-87.60237,41.89634],[-87.60229,41.89331],[-87.60235,41.89326],[-87.60982,41.89315],[-87.6098,41.89222],[-87.60091,41.89237],[-87.60091,41.89241],[-87.60075,41.89244],[-87.60059,41.89242],[-87.60058,41.89224],[-87.59855,41.89227],[-87.59852,41.89145],[-87.60057,41.89142],[-87.60056,41.89111],[-87.60069,41.89108],[-87.60089,41.89111],[-87.60089,41.89115],[-87.60954,41.89101],[-87.60949,41.88939],[-87.60766,41.88937],[-87.60764,41.88928],[-87.60771,41.88926],[-87.60767,41.88923],[-87.60765,41.88867],[-87.60757,41.88868],[-87.60751,41.88864],[-87.60544,41.88867],[-87.60543,41.88871],[-87.6052,41.88872],[-87.60515,41.88868],[-87.60474,41.88868],[-87.60468,41.88864],[-87.60468,41.8886],[-87.60473,41.88857],[-87.60513,41.88856],[-87.6052,41.88847]]],[[[-87.62476,41.8889],[-87.62497,41.8889],[-87.62509,41.88891],[-87.62519,41.88887],[-87.6252,41.88887],[-87.62529,41.88928],[-87.62533,41.89023],[-87.62548,41.89572],[-87.6255,41.89671],[-87.62561,41.89671],[-87.62587,41.89732],[-87.62654,41.8987],[-87.62672,41.89906],[-87.62685,41.89917],[-87.62696,41.89955],[-87.62751,41.90076],[-87.62468,41.9008],[-87.6245,41.90081],[-87.62455,41.90048],[-87.62445,41.89789],[-87.62465,41.89649],[-87.62449,41.89001],[-87.62476,41.8889]]]]}},{"type":"Feature","properties":{"id":"ukrainian-village","name":"Ukrainian Village","secondary":"UKRAINIAN VILLAGE AND EAST VILLAGE","layer":"neighborhoods","area_sqmi":0.381},"geometry":{"type":"MultiPolygon","coordinates":[[[[-87.67705,41.89591],[-87.68725,41.89574],[-87.69177,41.8957],[-87.69195,41.90297],[-87.68722,41.90301],[-87.67726,41.90319],[-87.67705,41.89591]]]]}},{"type":"Feature","properties":{"id":"united-center","name":"United Center","secondary":"UNITED CENTER","layer":"neighborhoods","area_sqmi":1.166},"geometry":{"type":"MultiPolygon","coordinates":[[[[-87.66707,41.88885],[-87.66698,41.8854],[-87.66691,41.88512],[-87.66664,41.87549],[-87.66965,41.87543],[-87.67152,41.87545],[-87.6803,41.87533],[-87.68353,41.87533],[-87.69132,41.87526],[-87.69145,41.8784],[-87.6915,41.88111],[-87.69216,41.88111],[-87.69228,41.8844],[-87.69159,41.88443],[-87.69161,41.88544],[-87.69158,41.88567],[-87.69163,41.88572],[-87.6916,41.88582],[-87.69162,41.886],[-87.69169,41.88609],[-87.69162,41.88618],[-87.69156,41.88646],[-87.69144,41.8867],[-87.69115,41.8871],[-87.69081,41.8874],[-87.69033,41.88768],[-87.68929,41.88802],[-87.68896,41.88806],[-87.68867,41.88817],[-87.68847,41.88817],[-87.68746,41.88839],[-87.68662,41.88841],[-87.68662,41.88863],[-87.68586,41.88857],[-87.67074,41.88883],[-87.66707,41.88885]]]]}},{"type":"Feature","properties":{"id":"uptown","name":"Uptown","secondary":"UPTOWN","layer":"neighborhoods","area_sqmi":2.337},"geometry":{"type":"MultiPolygon","coordinates":[[[[-87.67398,41.96153],[-87.67424,41.97168],[-87.67429,41.97327],[-87.67434,41.97346],[-87.67441,41.9761],[-87.66114,41.9763],[-87.65186,41.97644],[-87.65107,41.97648],[-87.6496,41.97682],[-87.64932,41.97685],[-87.64904,41.97681],[-87.64896,41.97696],[-87.64886,41.97704],[-87.64729,41.97775],[-87.64696,41.97764],[-87.64669,41.97747],[-87.64615,41.97784],[-87.64611,41.97781],[-87.64666,41.97744],[-87.64648,41.97723],[-87.64637,41.97692],[-87.64626,41.97347],[-87.64614,41.97286],[-87.64601,41.9725],[-87.64569,41.97187],[-87.64503,41.9708],[-87.64397,41.96954],[-87.64345,41.96904],[-87.64263,41.96835],[-87.64274,41.96827],[-87.64301,41.96849],[-87.64327,41.96831],[-87.64297,41.96806],[-87.6428,41.96805],[-87.64262,41.96817],[-87.64267,41.96822],[-87.64256,41.9683],[-87.64168,41.96762],[-87.64049,41.96692],[-87.639,41.96657],[-87.63743,41.96604],[-87.63644,41.96578],[-87.63509,41.96554],[-87.63453,41.96549],[-87.6341,41.96548],[-87.63298,41.96536],[-87.63199,41.96507],[-87.632,41.96593],[-87.63184,41.96669],[-87.63155,41.96741],[-87.6313,41.96787],[-87.631,41.9683],[-87.63096,41.96842],[-87.63103,41.96862],[-87.63117,41.96873],[-87.63139,41.96879],[-87.63163,41.96876],[-87.63179,41.96866],[-87.63189,41.96851],[-87.63188,41.96835],[-87.63175,41.96819],[-87.63182,41.96815],[-87.63196,41.96833],[-87.63197,41.96854],[-87.6319,41.96866],[-87.63178,41.96877],[-87.63162,41.96883],[-87.6314,41.96886],[-87.63123,41.96883],[-87.63108,41.96877],[-87.63095,41.96866],[-87.63088,41.96854],[-87.63087,41.96841],[-87.63091,41.96829],[-87.63135,41.96763],[-87.63164,41.96702],[-87.6318,41.96653],[-87.63191,41.96592],[-87.63193,41.96546],[-87.63189,41.96495],[-87.63167,41.96404],[-87.63141,41.96387],[-87.63122,41.96368],[-87.63107,41.96346],[-87.631,41.96323],[-87.63101,41.96298],[-87.63107,41.96284],[-87.63131,41.96255],[-87.63145,41.96245],[-87.63173,41.96232],[-87.63221,41.96219],[-87.63289,41.96191],[-87.63346,41.96175],[-87.63385,41.96153],[-87.63422,41.96138],[-87.63485,41.96091],[-87.63529,41.96046],[-87.63559,41.9602],[-87.63599,41.9599],[-87.63664,41.95954],[-87.63734,41.95938],[-87.63817,41.95935],[-87.63895,41.95942],[-87.6401,41.95967],[-87.6403,41.95919],[-87.64037,41.95921],[-87.64016,41.95969],[-87.64047,41.95978],[-87.6408,41.95998],[-87.64096,41.9603],[-87.64095,41.96049],[-87.64086,41.96065],[-87.64074,41.96079],[-87.64047,41.96089],[-87.64026,41.96089],[-87.63932,41.9604],[-87.63882,41.96029],[-87.63847,41.96028],[-87.63817,41.96031],[-87.63764,41.9604],[-87.63732,41.96049],[-87.63677,41.96073],[-87.63639,41.96094],[-87.63583,41.96138],[-87.63557,41.96169],[-87.63535,41.96204],[-87.63533,41.96231],[-87.63541,41.96249],[-87.63563,41.96271],[-87.63592,41.96284],[-87.63631,41.96289],[-87.63685,41.96288],[-87.63791,41.96275],[-87.63789,41.96269],[-87.63836,41.96264],[-87.63837,41.9627],[-87.64125,41.96234],[-87.64157,41.96225],[-87.64176,41.96216],[-87.642,41.96197],[-87.64212,41.96183],[-87.64228,41.96152],[-87.64228,41.96119],[-87.6422,41.96096],[-87.64195,41.96068],[-87.64167,41.96044],[-87.64153,41.96018],[-87.64161,41.9594],[-87.64102,41.95935],[-87.64103,41.9593],[-87.64163,41.95933],[-87.64175,41.95836],[-87.64158,41.95766],[-87.64153,41.95715],[-87.64129,41.95586],[-87.64102,41.9548],[-87.644,41.95465],[-87.65454,41.95449],[-87.66225,41.95438],[-87.66447,41.95796],[-87.66519,41.95963],[-87.66595,41.96163],[-87.67398,41.96153]]]]}},{"type":"Feature","properties":{"id":"washington-heights","name":"Washington Heights","secondary":"WASHINGTON HEIGHTS,ROSELAND","layer":"neighborhoods","area_sqmi":2.849},"geometry":{"type":"MultiPolygon","coordinates":[[[[-87.63373,41.72885],[-87.63313,41.70704],[-87.64283,41.70692],[-87.64261,41.69964],[-87.65874,41.69944],[-87.65602,41.70679],[-87.65636,41.70678],[-87.65998,41.714],[-87.66107,41.71569],[-87.66309,41.7201],[-87.6632,41.72109],[-87.66326,41.7212],[-87.66345,41.7212],[-87.66732,41.72844],[-87.66731,41.72868],[-87.66725,41.72885],[-87.66812,41.7302],[-87.66533,41.73024],[-87.66539,41.73209],[-87.66342,41.73212],[-87.66296,41.73219],[-87.6624,41.73223],[-87.66045,41.73228],[-87.65818,41.7323],[-87.6581,41.73233],[-87.65712,41.73235],[-87.64993,41.73245],[-87.64827,41.73244],[-87.64782,41.73253],[-87.64651,41.73253],[-87.64795,41.7287],[-87.64749,41.72863],[-87.64724,41.72893],[-87.64698,41.72915],[-87.64643,41.72951],[-87.64582,41.72974],[-87.64544,41.72982],[-87.64518,41.72984],[-87.64468,41.72984],[-87.64465,41.72891],[-87.64462,41.7287],[-87.64452,41.72875],[-87.64374,41.72877],[-87.63535,41.72888],[-87.63373,41.72885]]]]}},{"type":"Feature","properties":{"id":"washington-park","name":"Washington Park","secondary":"WASHINGTON PARK","layer":"neighborhoods","area_sqmi":1.517},"geometry":{"type":"MultiPolygon","coordinates":[[[[-87.60604,41.78587],[-87.61576,41.7857],[-87.61562,41.78024],[-87.61999,41.78016],[-87.62106,41.78005],[-87.62354,41.78001],[-87.62537,41.78006],[-87.62535,41.78117],[-87.6254,41.78321],[-87.62826,41.78316],[-87.62843,41.78985],[-87.6284,41.78995],[-87.62843,41.79004],[-87.62856,41.7946],[-87.62869,41.79937],[-87.62881,41.79937],[-87.62882,41.79959],[-87.62885,41.8009],[-87.6288,41.80189],[-87.60641,41.80225],[-87.60624,41.79529],[-87.60621,41.79506],[-87.60604,41.78587]]]]}},{"type":"Feature","properties":{"id":"west-elsdon","name":"West Elsdon","secondary":"ARCHER HEIGHTS,WEST ELSDON","layer":"neighborhoods","area_sqmi":1.172},"geometry":{"type":"MultiPolygon","coordinates":[[[[-87.71378,41.80393],[-87.71371,41.80081],[-87.7135,41.80069],[-87.71361,41.80069],[-87.71328,41.78973],[-87.71347,41.78972],[-87.71337,41.78609],[-87.72323,41.78593],[-87.73762,41.78578],[-87.73785,41.79346],[-87.73782,41.79362],[-87.73786,41.79368],[-87.73791,41.79529],[-87.73645,41.79531],[-87.73541,41.79546],[-87.73548,41.79562],[-87.73551,41.79676],[-87.73239,41.79679],[-87.73205,41.79676],[-87.73197,41.79679],[-87.72817,41.79683],[-87.72821,41.79831],[-87.72337,41.80022],[-87.72337,41.80055],[-87.72297,41.80055],[-87.71943,41.80212],[-87.71608,41.80345],[-87.71523,41.80376],[-87.71459,41.80433],[-87.71419,41.80484],[-87.714,41.80522],[-87.71379,41.80602],[-87.71378,41.80393]]]]}},{"type":"Feature","properties":{"id":"west-lawn","name":"West Lawn","secondary":"WEST LAWN","layer":"neighborhoods","area_sqmi":2.947},"geometry":{"type":"MultiPolygon","coordinates":[[[[-87.71255,41.75734],[-87.71297,41.75743],[-87.71363,41.75764],[-87.71554,41.75853],[-87.71622,41.75889],[-87.71623,41.75878],[-87.7171,41.7592],[-87.71834,41.75962],[-87.7213,41.76111],[-87.72229,41.76147],[-87.72218,41.7575],[-87.72215,41.75552],[-87.72217,41.75486],[-87.72204,41.75337],[-87.72494,41.75329],[-87.73213,41.75316],[-87.73227,41.7532],[-87.73233,41.75332],[-87.73658,41.75304],[-87.73658,41.75316],[-87.73912,41.75312],[-87.7415,41.75329],[-87.74186,41.76259],[-87.74205,41.77113],[-87.73718,41.7712],[-87.73762,41.78578],[-87.72323,41.78593],[-87.71337,41.78609],[-87.7129,41.7861],[-87.71294,41.78561],[-87.71273,41.77883],[-87.71295,41.77883],[-87.71277,41.77152],[-87.71243,41.7606],[-87.71252,41.76058],[-87.71255,41.75734]]]]}},{"type":"Feature","properties":{"id":"west-loop","name":"West Loop","secondary":"WEST LOOP","layer":"neighborhoods","area_sqmi":1.898},"geometry":{"type":"MultiPolygon","coordinates":[[[[-87.64447,41.85995],[-87.64459,41.86397],[-87.64475,41.86696],[-87.6449,41.8686],[-87.64525,41.87137],[-87.64566,41.87371],[-87.64567,41.8742],[-87.64558,41.87542],[-87.6458,41.8777],[-87.646,41.88179],[-87.64853,41.88176],[-87.64833,41.87537],[-87.65136,41.8753],[-87.65585,41.87553],[-87.65867,41.8756],[-87.66081,41.87559],[-87.66664,41.87549],[-87.66691,41.88512],[-87.66698,41.8854],[-87.66707,41.88885],[-87.66084,41.8889],[-87.66068,41.88886],[-87.66048,41.88891],[-87.65902,41.88892],[-87.65892,41.88895],[-87.65883,41.88892],[-87.64758,41.88905],[-87.64757,41.88857],[-87.64432,41.88858],[-87.64433,41.88903],[-87.64081,41.88908],[-87.64063,41.88904],[-87.63983,41.88905],[-87.63936,41.88908],[-87.63926,41.88879],[-87.6392,41.88845],[-87.63906,41.88814],[-87.63877,41.88716],[-87.63856,41.88687],[-87.63839,41.88673],[-87.63759,41.88623],[-87.63776,41.88558],[-87.63792,41.8843],[-87.63814,41.88319],[-87.63822,41.88226],[-87.63822,41.88176],[-87.63829,41.88102],[-87.63828,41.88037],[-87.63811,41.87941],[-87.63811,41.87918],[-87.63777,41.87811],[-87.63766,41.87731],[-87.63733,41.87647],[-87.63707,41.87603],[-87.63683,41.87574],[-87.63629,41.8752],[-87.63607,41.87467],[-87.63576,41.87346],[-87.63518,41.87061],[-87.63473,41.86731],[-87.63469,41.86675],[-87.63464,41.86426],[-87.63457,41.8629],[-87.63451,41.85938],[-87.63456,41.85922],[-87.6348,41.85888],[-87.63509,41.8582],[-87.63516,41.85772],[-87.63602,41.85773],[-87.63894,41.85767],[-87.63901,41.86002],[-87.64447,41.85995]]]]}},{"type":"Feature","properties":{"id":"west-pullman","name":"West Pullman","secondary":"WEST PULLMAN","layer":"neighborhoods","area_sqmi":3.551},"geometry":{"type":"MultiPolygon","coordinates":[[[[-87.61828,41.65911],[-87.61968,41.65906],[-87.61946,41.65954],[-87.61939,41.66006],[-87.61951,41.66079],[-87.61986,41.66114],[-87.62025,41.66137],[-87.62202,41.66213],[-87.62204,41.66241],[-87.62329,41.6624],[-87.62346,41.66236],[-87.62349,41.66233],[-87.624,41.66224],[-87.6242,41.66228],[-87.62442,41.66226],[-87.62476,41.66209],[-87.62566,41.66184],[-87.6259,41.66181],[-87.62627,41.66166],[-87.62644,41.66149],[-87.62687,41.66124],[-87.62777,41.66057],[-87.62868,41.6597],[-87.62915,41.65932],[-87.62973,41.65901],[-87.63076,41.65827],[-87.63084,41.65811],[-87.63082,41.65796],[-87.63108,41.65783],[-87.63126,41.65782],[-87.63139,41.658],[-87.63158,41.65792],[-87.63202,41.6579],[-87.63215,41.65787],[-87.63233,41.65788],[-87.63227,41.6578],[-87.63265,41.65773],[-87.63264,41.65762],[-87.633,41.65753],[-87.63501,41.65737],[-87.63556,41.65735],[-87.63629,41.65739],[-87.63856,41.65771],[-87.64042,41.65779],[-87.64105,41.65777],[-87.64106,41.6581],[-87.64143,41.65809],[-87.64142,41.65777],[-87.64366,41.65775],[-87.64402,41.65772],[-87.64591,41.65778],[-87.64699,41.65763],[-87.64722,41.66316],[-87.64142,41.66325],[-87.64167,41.67054],[-87.65829,41.67029],[-87.65865,41.67029],[-87.65879,41.67033],[-87.66115,41.67034],[-87.66138,41.67731],[-87.66137,41.67754],[-87.6616,41.68482],[-87.64215,41.68508],[-87.61228,41.68543],[-87.61289,41.68258],[-87.61301,41.68224],[-87.61317,41.68159],[-87.6142,41.6769],[-87.61442,41.67618],[-87.61467,41.67513],[-87.61618,41.66844],[-87.61697,41.66523],[-87.61715,41.66434],[-87.61727,41.66335],[-87.61828,41.65911]]]]}},{"type":"Feature","properties":{"id":"west-ridge","name":"West Ridge","secondary":"WEST RIDGE","layer":"neighborhoods","area_sqmi":3.535},"geometry":{"type":"MultiPolygon","coordinates":[[[[-87.68465,42.01948],[-87.68414,42.01532],[-87.68216,42.0097],[-87.68176,42.00865],[-87.67684,41.99796],[-87.67501,41.99799],[-87.67483,41.99208],[-87.67485,41.99076],[-87.68967,41.9905],[-87.68945,41.98317],[-87.7069,41.98308],[-87.70726,41.98428],[-87.70751,41.98495],[-87.70751,41.98517],[-87.70782,41.98603],[-87.70788,41.98635],[-87.70777,41.9864],[-87.70777,41.98649],[-87.70785,41.98647],[-87.70794,41.98652],[-87.70816,41.98704],[-87.70822,41.98735],[-87.70828,41.98748],[-87.70827,41.98754],[-87.70831,41.98773],[-87.70847,41.98819],[-87.70852,41.98842],[-87.70848,41.98849],[-87.70869,41.9889],[-87.70877,41.98928],[-87.70883,41.98944],[-87.70886,41.98945],[-87.709,41.99016],[-87.70915,41.99053],[-87.70938,41.99141],[-87.70952,41.99161],[-87.70985,41.99281],[-87.71017,41.99402],[-87.7105,41.99573],[-87.71062,41.9967],[-87.71067,41.99737],[-87.70945,41.99739],[-87.70948,42.00452],[-87.70932,42.01054],[-87.70919,42.01167],[-87.70901,42.01913],[-87.68999,42.01953],[-87.68465,42.01948]]]]}},{"type":"Feature","properties":{"id":"west-town","name":"West Town","secondary":"WICKER PARK,WEST TOWN","layer":"neighborhoods","area_sqmi":2.098},"geometry":{"type":"MultiPolygon","coordinates":[[[[-87.65686,41.91078],[-87.65694,41.91052],[-87.65895,41.90985],[-87.65923,41.90907],[-87.65749,41.90909],[-87.65775,41.90837],[-87.65829,41.90504],[-87.65816,41.90453],[-87.6575,41.9036],[-87.65734,41.9034],[-87.65647,41.90262],[-87.65618,41.90192],[-87.65616,41.90169],[-87.65589,41.90117],[-87.65538,41.90081],[-87.65451,41.90053],[-87.65291,41.90018],[-87.65258,41.90012],[-87.65248,41.90014],[-87.65219,41.9001],[-87.6519,41.90001],[-87.65136,41.89974],[-87.65086,41.89941],[-87.6494,41.89831],[-87.64879,41.89809],[-87.6479,41.89797],[-87.64632,41.89786],[-87.64489,41.89769],[-87.64478,41.89754],[-87.64443,41.89724],[-87.64423,41.89664],[-87.64412,41.89427],[-87.64407,41.89414],[-87.64398,41.89402],[-87.64378,41.89388],[-87.64355,41.89354],[-87.64294,41.89321],[-87.64245,41.89287],[-87.64157,41.89205],[-87.64127,41.89163],[-87.64109,41.89127],[-87.64067,41.89064],[-87.63944,41.88923],[-87.63936,41.88908],[-87.63983,41.88905],[-87.64063,41.88904],[-87.64081,41.88908],[-87.64433,41.88903],[-87.64432,41.88858],[-87.64757,41.88857],[-87.64758,41.88905],[-87.65883,41.88892],[-87.65892,41.88895],[-87.65902,41.88892],[-87.66048,41.88891],[-87.66068,41.88886],[-87.66084,41.8889],[-87.66707,41.88885],[-87.67074,41.88883],[-87.68586,41.88857],[-87.68662,41.88863],[-87.68662,41.88841],[-87.68746,41.88839],[-87.68847,41.88817],[-87.68867,41.88817],[-87.69157,41.8882],[-87.69165,41.89191],[-87.6917,41.892],[-87.69167,41.89233],[-87.69177,41.8957],[-87.68725,41.89574],[-87.67705,41.89591],[-87.66729,41.89607],[-87.6675,41.90335],[-87.6678,41.9143],[-87.66744,41.91428],[-87.66681,41.91434],[-87.66612,41.91451],[-87.66381,41.9155],[-87.66362,41.91562],[-87.66303,41.91549],[-87.66265,41.91559],[-87.66207,41.91592],[-87.66133,41.91618],[-87.66117,41.91618],[-87.66093,41.91612],[-87.66074,41.91597],[-87.65987,41.91545],[-87.65923,41.91515],[-87.65865,41.91471],[-87.65808,41.91411],[-87.65786,41.91381],[-87.65772,41.91343],[-87.6576,41.91281],[-87.65706,41.91144],[-87.65686,41.91078]]]]}},{"type":"Feature","properties":{"id":"wicker-park","name":"Wicker Park","secondary":"WICKER PARK,WEST TOWN","layer":"neighborhoods","area_sqmi":0.963},"geometry":{"type":"MultiPolygon","coordinates":[[[[-87.6678,41.9143],[-87.6675,41.90335],[-87.67726,41.90319],[-87.68722,41.90301],[-87.69195,41.90297],[-87.6922,41.91395],[-87.69105,41.91396],[-87.69099,41.91386],[-87.69093,41.91394],[-87.69087,41.91396],[-87.68732,41.91399],[-87.68315,41.91406],[-87.68242,41.91358],[-87.68245,41.91462],[-87.67756,41.91472],[-87.67755,41.91417],[-87.67023,41.91429],[-87.66889,41.91425],[-87.66793,41.91427],[-87.6678,41.9143]]]]}},{"type":"Feature","properties":{"id":"woodlawn","name":"Woodlawn","secondary":"WOODLAWN","layer":"neighborhoods","area_sqmi":1.45},"geometry":{"type":"MultiPolygon","coordinates":[[[[-87.5863,41.77334],[-87.5921,41.77328],[-87.60577,41.77314],[-87.60559,41.76587],[-87.61545,41.77297],[-87.61562,41.78024],[-87.61576,41.7857],[-87.60604,41.78587],[-87.59693,41.78597],[-87.596,41.78604],[-87.59522,41.78606],[-87.5866,41.78614],[-87.58641,41.77854],[-87.5863,41.77609],[-87.58629,41.77517],[-87.58633,41.77462],[-87.5863,41.77334]]]]}},{"type":"Feature","properties":{"id":"wrigleyville","name":"Wrigleyville","secondary":"WRIGLEYVILLE","layer":"neighborhoods","area_sqmi":0.261},"geometry":{"type":"MultiPolygon","coordinates":[[[[-87.66225,41.95438],[-87.65454,41.95449],[-87.65425,41.94447],[-87.65454,41.94475],[-87.65652,41.9472],[-87.66402,41.94707],[-87.66422,41.95435],[-87.66225,41.95438]]]]}}]}